ts,book,equity
2026-09-11T19:25:48.968632+00:00,guarded,10000.0
2026-09-11T19:25:48.970011+00:00,shadow,10000.0
2026-09-11T19:44:24.891940+00:00,guarded,10000.0
2026-09-11T19:44:24.893277+00:00,shadow,10000.0
2026-09-11T20:27:57.592541+00:00,guarded,10000.0
2026-09-11T20:27:57.593962+00:00,shadow,10000.0
2026-09-11T21:48:53.772450+00:00,guarded,10000.0
2026-09-11T21:48:53.773652+00:00,shadow,10000.0
2026-09-11T23:43:27.340708+00:00,guarded,10000.0
2026-09-11T23:43:27.342171+00:00,shadow,10000.0
2026-09-12T01:34:44.191661+00:00,guarded,10000.0
2026-09-12T01:34:44.193647+00:00,shadow,10000.0
2026-09-12T06:31:05.377727+00:00,guarded,10000.0
2026-09-12T06:31:05.379798+00:00,shadow,10000.0
2026-09-12T08:25:00.382561+00:00,guarded,10000.0
2026-09-12T08:25:00.384970+00:00,shadow,10000.0
2026-09-12T08:37:23.132149+00:00,guarded,10000.0
2026-09-12T08:37:23.133686+00:00,shadow,10000.0
2026-09-12T09:00:46.512725+00:00,guarded,10000.0
2026-09-12T09:00:46.514529+00:00,shadow,10000.0
2026-09-12T09:10:40.299002+00:00,guarded,10000.0
2026-09-12T09:10:40.301132+00:00,shadow,10000.0
2026-09-12T09:15:43.844877+00:00,guarded,10000.0
2026-09-12T09:15:43.846835+00:00,shadow,10000.0
2026-09-12T09:24:39.604297+00:00,guarded,10000.0
2026-09-12T09:24:39.693132+00:00,shadow,10000.0
2026-09-12T09:30:37.037861+00:00,guarded,10000.0
2026-09-12T09:30:37.038907+00:00,shadow,10000.0
2026-09-12T09:31:33.390658+00:00,guarded,10000.0
2026-09-12T09:31:33.391893+00:00,shadow,10000.0
2026-09-12T09:34:15.883226+00:00,guarded,10000.0
2026-09-12T09:34:15.884668+00:00,shadow,10000.0
2026-09-12T09:45:42.990362+00:00,guarded,10000.0
2026-09-12T09:45:42.992003+00:00,shadow,10000.0
2026-09-12T10:00:45.199512+00:00,guarded,10000.0
2026-09-12T10:00:45.201219+00:00,shadow,10000.0
2026-09-12T10:14:26.132704+00:00,guarded,10000.0
2026-09-12T10:14:26.180928+00:00,shadow,10000.0
2026-09-12T10:15:41.200279+00:00,guarded,10000.0
2026-09-12T10:15:41.201899+00:00,shadow,10000.0
2026-09-12T10:30:42.265979+00:00,guarded,10000.0
2026-09-12T10:30:42.267227+00:00,shadow,10000.0
2026-09-12T10:45:38.502343+00:00,guarded,10000.0
2026-09-12T10:45:38.505345+00:00,shadow,10000.0
2026-09-12T10:46:15.243864+00:00,guarded,10000.0
2026-09-12T10:46:15.245561+00:00,shadow,10000.0
2026-09-12T11:00:40.326207+00:00,guarded,10000.0
2026-09-12T11:00:40.328983+00:00,shadow,10000.0
2026-09-12T11:16:14.139458+00:00,guarded,10000.0
2026-09-12T11:16:14.140882+00:00,shadow,10000.0
2026-09-12T11:30:41.503845+00:00,guarded,10000.0
2026-09-12T11:30:41.505154+00:00,shadow,10000.0
2026-09-12T11:45:48.224835+00:00,guarded,9988.30792172362
2026-09-12T11:45:48.225988+00:00,shadow,9988.307908207
2026-09-12T12:00:37.515589+00:00,guarded,9988.30792172362
2026-09-12T12:00:37.516692+00:00,shadow,9988.307908207
2026-09-12T12:15:37.290613+00:00,guarded,9988.30792172362
2026-09-12T12:15:37.292091+00:00,shadow,9988.307908207
2026-09-12T12:30:49.039909+00:00,guarded,9988.30792172362
2026-09-12T12:30:49.081865+00:00,shadow,9988.307908207
2026-09-12T12:45:38.433458+00:00,guarded,9988.30792172362
2026-09-12T12:45:38.434799+00:00,shadow,9988.307908207
2026-09-12T12:49:06.916920+00:00,guarded,9988.30792172362
2026-09-12T12:49:06.918934+00:00,shadow,9988.307908207
2026-09-12T13:00:40.387508+00:00,guarded,9988.30792172362
2026-09-12T13:00:40.388614+00:00,shadow,9988.307908207
2026-09-12T13:15:41.012636+00:00,guarded,9988.30792172362
2026-09-12T13:15:41.013567+00:00,shadow,9988.307908207
2026-09-12T13:30:41.272627+00:00,guarded,9988.30792172362
2026-09-12T13:30:41.273928+00:00,shadow,9988.307908207
2026-09-12T13:45:39.791203+00:00,guarded,9988.30792172362
2026-09-12T13:45:39.792280+00:00,shadow,9988.307908207
2026-09-12T14:00:41.350922+00:00,guarded,9988.30792172362
2026-09-12T14:00:41.364547+00:00,shadow,9988.307908207
2026-09-12T14:15:37.749000+00:00,guarded,9988.30792172362
2026-09-12T14:15:37.750167+00:00,shadow,9988.307908207
2026-09-12T14:30:39.328084+00:00,guarded,9988.30792172362
2026-09-12T14:30:39.331734+00:00,shadow,9988.307908207
2026-09-12T14:45:55.294992+00:00,guarded,9988.30792172362
2026-09-12T14:45:55.296157+00:00,shadow,9985.12721857727
2026-09-12T15:00:42.433007+00:00,guarded,9988.30792172362
2026-09-12T15:00:42.434511+00:00,shadow,9985.12721857727
2026-09-12T15:15:38.066090+00:00,guarded,9988.30792172362
2026-09-12T15:15:38.067515+00:00,shadow,9985.12721857727
2026-09-12T15:31:15.273765+00:00,guarded,9988.30792172362
2026-09-12T15:31:15.275003+00:00,shadow,9985.12721857727
2026-09-12T15:45:43.584272+00:00,guarded,9988.30792172362
2026-09-12T15:45:43.585774+00:00,shadow,9985.12721857727
2026-09-12T16:00:45.178402+00:00,guarded,9988.30792172362
2026-09-12T16:00:45.180763+00:00,shadow,9985.12721857727
2026-09-12T16:12:50.451721+00:00,guarded,9988.30792172362
2026-09-12T16:12:50.452998+00:00,shadow,9985.12721857727
2026-09-12T16:15:39.522663+00:00,guarded,9988.30792172362
2026-09-12T16:15:39.523994+00:00,shadow,9985.12721857727
2026-09-12T16:31:50.232285+00:00,guarded,9988.30792172362
2026-09-12T16:31:50.233545+00:00,shadow,9985.12721857727
2026-09-12T16:45:40.147691+00:00,guarded,9988.30792172362
2026-09-12T16:45:40.149028+00:00,shadow,9985.12721857727
2026-09-12T17:00:37.575145+00:00,guarded,9988.30792172362
2026-09-12T17:00:37.576252+00:00,shadow,9985.12721857727
2026-09-12T17:15:39.332729+00:00,guarded,9988.30792172362
2026-09-12T17:15:39.333996+00:00,shadow,9985.12721857727
2026-09-12T17:30:40.451520+00:00,guarded,9988.30792172362
2026-09-12T17:30:40.452734+00:00,shadow,9985.12721857727
2026-09-12T17:45:38.133747+00:00,guarded,9988.30792172362
2026-09-12T17:45:38.134656+00:00,shadow,9985.12721857727
2026-09-12T18:00:48.056930+00:00,guarded,9988.30792172362
2026-09-12T18:00:48.058035+00:00,shadow,9985.12721857727
2026-09-12T18:15:39.926454+00:00,guarded,9988.30792172362
2026-09-12T18:15:39.927650+00:00,shadow,9985.12721857727
2026-09-12T18:30:43.035595+00:00,guarded,9988.30792172362
2026-09-12T18:30:43.036943+00:00,shadow,9985.12721857727
2026-09-12T18:45:37.409527+00:00,guarded,9988.30792172362
2026-09-12T18:45:37.410567+00:00,shadow,9985.12721857727
2026-09-12T19:00:52.754280+00:00,guarded,9988.30792172362
2026-09-12T19:00:52.755989+00:00,shadow,9985.12721857727
2026-09-12T19:11:40.323618+00:00,guarded,9988.30792172362
2026-09-12T19:11:40.325050+00:00,shadow,9985.12721857727
2026-09-12T19:15:39.253109+00:00,guarded,9988.30792172362
2026-09-12T19:15:39.258065+00:00,shadow,9985.12721857727
2026-09-12T19:30:42.121277+00:00,guarded,9988.30792172362
2026-09-12T19:30:42.122359+00:00,shadow,9985.12721857727
2026-09-12T19:45:45.169295+00:00,guarded,9988.30792172362
2026-09-12T19:45:45.170459+00:00,shadow,9874.204964298639
2026-09-12T20:00:41.130905+00:00,guarded,9988.30792172362
2026-09-12T20:00:41.132186+00:00,shadow,9874.204964298639
2026-09-12T20:15:40.268393+00:00,guarded,9988.30792172362
2026-09-12T20:15:40.274790+00:00,shadow,9874.204964298639
2026-09-12T20:31:07.401941+00:00,guarded,9988.30792172362
2026-09-12T20:31:07.403263+00:00,shadow,9874.204964298639
2026-09-12T20:45:38.412862+00:00,guarded,9988.30792172362
2026-09-12T20:45:38.416964+00:00,shadow,9874.204964298639
2026-09-12T21:00:48.434746+00:00,guarded,9988.30792172362
2026-09-12T21:00:48.435709+00:00,shadow,9874.204964298639
2026-09-12T21:15:39.277312+00:00,guarded,9988.30792172362
2026-09-12T21:15:39.278681+00:00,shadow,9874.204964298639
2026-09-12T21:30:41.359865+00:00,guarded,9988.30792172362
2026-09-12T21:30:41.360808+00:00,shadow,9874.204964298639
2026-09-12T21:45:44.210984+00:00,guarded,10221.901109273624
2026-09-12T21:45:44.250690+00:00,shadow,10107.798421893905
2026-09-12T22:00:43.209365+00:00,guarded,10221.901109273624
2026-09-12T22:00:43.210620+00:00,shadow,10107.798421893905
2026-09-12T22:11:50.224109+00:00,guarded,10221.901109273624
2026-09-12T22:11:50.225526+00:00,shadow,10107.798421893905
2026-09-12T22:15:43.168314+00:00,guarded,10221.901109273624
2026-09-12T22:15:43.169286+00:00,shadow,10107.798421893905
2026-09-12T22:30:35.662325+00:00,guarded,10221.901109273624
2026-09-12T22:30:35.663390+00:00,shadow,10107.798421893905
2026-09-12T22:45:53.711461+00:00,guarded,10221.901109273624
2026-09-12T22:45:53.725759+00:00,shadow,10107.798421893905
2026-09-12T23:00:42.348131+00:00,guarded,10221.901109273624
2026-09-12T23:00:42.349269+00:00,shadow,10107.798421893905
2026-09-12T23:15:41.712527+00:00,guarded,10221.901109273624
2026-09-12T23:15:41.713969+00:00,shadow,10107.798421893905
2026-09-12T23:30:41.970786+00:00,guarded,10221.901109273624
2026-09-12T23:30:41.971864+00:00,shadow,10107.798421893905
2026-09-12T23:45:38.104899+00:00,guarded,10221.901109273624
2026-09-12T23:45:38.106126+00:00,shadow,10107.798421893905
2026-09-13T00:00:43.001786+00:00,guarded,10221.901109273624
2026-09-13T00:00:43.002981+00:00,shadow,10107.798421893905
2026-09-13T00:15:42.600099+00:00,guarded,10221.901109273624
2026-09-13T00:15:42.601336+00:00,shadow,10107.798421893905
2026-09-13T00:30:50.519999+00:00,guarded,10221.901109273624
2026-09-13T00:30:50.521590+00:00,shadow,10107.798421893905
2026-09-13T00:45:38.927515+00:00,guarded,10221.901109273624
2026-09-13T00:45:38.928672+00:00,shadow,10107.798421893905
2026-09-13T00:52:09.574910+00:00,guarded,10221.901109273624
2026-09-13T00:52:09.576839+00:00,shadow,10107.798421893905
2026-09-13T01:01:22.738955+00:00,guarded,10221.901109273624
2026-09-13T01:01:22.740212+00:00,shadow,10107.798421893905
2026-09-13T01:15:36.558266+00:00,guarded,10221.901109273624
2026-09-13T01:15:36.559284+00:00,shadow,10107.798421893905
2026-09-13T01:30:38.918449+00:00,guarded,10221.901109273624
2026-09-13T01:30:38.920275+00:00,shadow,10107.798421893905
2026-09-13T01:45:37.772233+00:00,guarded,10221.901109273624
2026-09-13T01:45:37.773398+00:00,shadow,10107.798421893905
2026-09-13T02:00:41.133054+00:00,guarded,10221.901109273624
2026-09-13T02:00:41.134047+00:00,shadow,10107.798421893905
2026-09-13T02:15:41.761849+00:00,guarded,10221.901109273624
2026-09-13T02:15:41.762989+00:00,shadow,10107.798421893905
2026-09-13T02:30:40.886643+00:00,guarded,10221.901109273624
2026-09-13T02:30:40.887831+00:00,shadow,10107.798421893905
2026-09-13T02:45:43.184049+00:00,guarded,10221.901109273624
2026-09-13T02:45:43.185676+00:00,shadow,10107.798421893905
2026-09-13T03:00:42.995176+00:00,guarded,10221.901109273624
2026-09-13T03:00:42.996135+00:00,shadow,10107.798421893905
2026-09-13T03:15:45.283492+00:00,guarded,10221.901109273624
2026-09-13T03:15:45.284652+00:00,shadow,10107.798421893905
2026-09-13T03:30:40.328063+00:00,guarded,10221.901109273624
2026-09-13T03:30:40.330390+00:00,shadow,10107.798421893905
2026-09-13T03:45:44.246660+00:00,guarded,10221.901109273624
2026-09-13T03:45:44.247865+00:00,shadow,10107.798421893905
2026-09-13T04:00:42.558233+00:00,guarded,10221.901109273624
2026-09-13T04:00:42.559418+00:00,shadow,10107.798421893905
2026-09-13T04:20:46.290773+00:00,guarded,10221.901109273624
2026-09-13T04:20:46.291876+00:00,shadow,10107.798421893905
2026-09-13T04:30:43.827681+00:00,guarded,10221.901109273624
2026-09-13T04:30:43.829042+00:00,shadow,10107.798421893905
2026-09-13T04:45:40.849634+00:00,guarded,10221.901109273624
2026-09-13T04:45:40.851033+00:00,shadow,10107.798421893905
2026-09-13T05:00:43.551926+00:00,guarded,10221.901109273624
2026-09-13T05:00:43.553088+00:00,shadow,10107.798421893905
2026-09-13T05:15:38.342077+00:00,guarded,10221.901109273624
2026-09-13T05:15:38.345530+00:00,shadow,10107.798421893905
2026-09-13T05:30:42.443056+00:00,guarded,10221.901109273624
2026-09-13T05:30:42.444526+00:00,shadow,10107.798421893905
2026-09-13T05:45:41.479001+00:00,guarded,10221.901109273624
2026-09-13T05:45:41.479974+00:00,shadow,10107.798421893905
2026-09-13T05:58:55.507411+00:00,guarded,10221.901109273624
2026-09-13T05:58:55.509051+00:00,shadow,10107.798421893905
2026-09-13T06:00:45.381640+00:00,guarded,10221.901109273624
2026-09-13T06:00:45.382727+00:00,shadow,10107.798421893905
2026-09-13T06:15:40.376688+00:00,guarded,10221.901109273624
2026-09-13T06:15:40.377680+00:00,shadow,10107.798421893905
2026-09-13T06:30:39.865825+00:00,guarded,10221.901109273624
2026-09-13T06:30:39.867143+00:00,shadow,10107.798421893905
2026-09-13T06:45:32.551282+00:00,guarded,10221.901109273624
2026-09-13T06:45:32.552302+00:00,shadow,10107.798421893905
2026-09-13T07:00:39.072872+00:00,guarded,10221.901109273624
2026-09-13T07:00:39.073968+00:00,shadow,10107.798421893905
2026-09-13T07:15:55.825352+00:00,guarded,10216.812533634224
2026-09-13T07:15:55.826864+00:00,shadow,10087.656308826556
2026-09-13T07:30:46.064569+00:00,guarded,10216.812533634224
2026-09-13T07:30:46.066401+00:00,shadow,10087.656308826556
2026-09-13T07:45:50.665239+00:00,guarded,10211.662259059724
2026-09-13T07:45:50.666759+00:00,shadow,10067.314593716688
2026-09-13T08:00:46.327335+00:00,guarded,10211.662259059724
2026-09-13T08:00:46.328566+00:00,shadow,10067.314593716688
2026-09-13T08:15:40.371094+00:00,guarded,10211.662259059724
2026-09-13T08:15:40.372307+00:00,shadow,10067.314593716688
2026-09-13T08:30:55.798090+00:00,guarded,10249.754860969724
2026-09-13T08:30:55.799471+00:00,shadow,10217.7665443143
2026-09-13T09:15:46.811466+00:00,guarded,10289.684884069726
2026-09-13T09:15:46.813114+00:00,shadow,10375.821587032891
2026-09-13T09:45:40.561099+00:00,guarded,10289.684884069726
2026-09-13T09:45:40.562349+00:00,shadow,10375.821587032891
2026-09-13T10:00:44.556096+00:00,guarded,10289.684884069726
2026-09-13T10:00:44.557819+00:00,shadow,10375.821587032891
2026-09-13T10:15:40.882342+00:00,guarded,10289.684884069726
2026-09-13T10:15:40.883490+00:00,shadow,10375.821587032891
2026-09-13T10:30:40.828627+00:00,guarded,10289.684884069726
2026-09-13T10:30:40.829762+00:00,shadow,10375.821587032891
2026-09-13T10:45:39.286225+00:00,guarded,10289.684884069726
2026-09-13T10:45:39.287496+00:00,shadow,10375.821587032891
2026-09-13T11:00:42.745230+00:00,guarded,10289.684884069726
2026-09-13T11:00:42.746548+00:00,shadow,10375.821587032891
2026-09-13T11:15:37.740583+00:00,guarded,10289.684884069726
2026-09-13T11:15:37.741952+00:00,shadow,10375.821587032891
2026-09-13T11:30:42.978430+00:00,guarded,10289.684884069726
2026-09-13T11:30:42.979824+00:00,shadow,10375.821587032891
2026-09-13T11:40:42.449757+00:00,guarded,10289.684884069726
2026-09-13T11:40:42.451054+00:00,shadow,10375.821587032891
2026-09-13T11:45:39.554567+00:00,guarded,10289.684884069726
2026-09-13T11:45:39.555798+00:00,shadow,10375.821587032891
2026-09-13T12:00:37.101258+00:00,guarded,10289.684884069726
2026-09-13T12:00:37.102262+00:00,shadow,10375.821587032891
2026-09-13T12:15:36.088874+00:00,guarded,10289.684884069726
2026-09-13T12:15:36.090976+00:00,shadow,10375.821587032891
2026-09-13T12:30:47.299949+00:00,guarded,10289.684884069726
2026-09-13T12:30:47.307973+00:00,shadow,10375.821587032891
2026-09-13T12:45:39.045399+00:00,guarded,10289.684884069726
2026-09-13T12:45:39.046627+00:00,shadow,10375.821587032891
2026-09-13T13:00:49.867955+00:00,guarded,10289.684884069726
2026-09-13T13:00:49.887580+00:00,shadow,10375.821587032891
2026-09-13T13:15:40.476324+00:00,guarded,10289.684884069726
2026-09-13T13:15:40.477528+00:00,shadow,10375.821587032891
2026-09-13T13:30:43.166490+00:00,guarded,10289.684884069726
2026-09-13T13:30:43.167676+00:00,shadow,10375.821587032891
2026-09-13T13:45:44.458733+00:00,guarded,10289.684884069726
2026-09-13T13:45:44.460321+00:00,shadow,10375.821587032891
2026-09-13T14:00:40.987505+00:00,guarded,10289.684884069726
2026-09-13T14:00:40.988702+00:00,shadow,10375.821587032891
2026-09-13T14:15:41.601305+00:00,guarded,10289.684884069726
2026-09-13T14:15:41.602723+00:00,shadow,10375.821587032891
2026-09-13T14:30:39.140329+00:00,guarded,10289.684884069726
2026-09-13T14:30:39.142013+00:00,shadow,10375.821587032891
2026-09-13T14:45:38.997870+00:00,guarded,10289.684884069726
2026-09-13T14:45:39.038982+00:00,shadow,10375.821587032891
2026-09-13T15:00:41.036620+00:00,guarded,10289.684884069726
2026-09-13T15:00:41.040886+00:00,shadow,10375.821587032891
2026-09-13T15:15:39.916906+00:00,guarded,10289.684884069726
2026-09-13T15:15:39.918080+00:00,shadow,10375.821587032891
2026-09-13T15:30:39.242831+00:00,guarded,10289.684884069726
2026-09-13T15:30:39.244076+00:00,shadow,10375.821587032891
2026-09-13T15:45:41.774734+00:00,guarded,10289.684884069726
2026-09-13T15:45:41.776015+00:00,shadow,10375.821587032891
2026-09-13T16:00:48.744858+00:00,guarded,10289.684884069726
2026-09-13T16:00:48.746184+00:00,shadow,10375.821587032891
2026-09-13T16:09:22.129309+00:00,guarded,10289.684884069726
2026-09-13T16:09:22.130495+00:00,shadow,10375.821587032891
2026-09-13T16:15:38.827750+00:00,guarded,10289.684884069726
2026-09-13T16:15:38.829290+00:00,shadow,10375.821587032891
2026-09-13T16:30:40.678024+00:00,guarded,10289.684884069726
2026-09-13T16:30:40.679520+00:00,shadow,10375.821587032891
2026-09-13T16:45:37.570792+00:00,guarded,10289.684884069726
2026-09-13T16:45:37.572065+00:00,shadow,10375.821587032891
2026-09-13T17:00:42.612717+00:00,guarded,10289.684884069726
2026-09-13T17:00:42.744735+00:00,shadow,10375.821587032891
2026-09-13T17:15:41.697587+00:00,guarded,10289.684884069726
2026-09-13T17:15:41.698841+00:00,shadow,10375.821587032891
2026-09-13T17:30:39.742239+00:00,guarded,10289.684884069726
2026-09-13T17:30:39.743371+00:00,shadow,10375.821587032891
2026-09-13T17:45:40.165269+00:00,guarded,10289.684884069726
2026-09-13T17:45:40.166408+00:00,shadow,10375.821587032891
2026-09-13T18:00:36.406082+00:00,guarded,10289.684884069726
2026-09-13T18:00:36.407340+00:00,shadow,10375.821587032891
2026-09-13T18:15:38.484240+00:00,guarded,10289.684884069726
2026-09-13T18:15:38.485384+00:00,shadow,10375.821587032891
2026-09-13T18:30:42.908637+00:00,guarded,10289.684884069726
2026-09-13T18:30:42.909742+00:00,shadow,10375.821587032891
2026-09-13T18:45:40.907957+00:00,guarded,10289.684884069726
2026-09-13T18:45:40.909190+00:00,shadow,10375.821587032891
2026-09-13T18:46:22.093228+00:00,guarded,10289.684884069726
2026-09-13T18:46:22.098192+00:00,shadow,10375.821587032891
2026-09-13T19:00:44.587479+00:00,guarded,10289.684884069726
2026-09-13T19:00:44.588598+00:00,shadow,10375.821587032891
2026-09-13T19:15:42.953256+00:00,guarded,10289.684884069726
2026-09-13T19:15:42.954807+00:00,shadow,10375.821587032891
2026-09-13T19:30:49.626430+00:00,guarded,10289.684884069726
2026-09-13T19:30:49.627906+00:00,shadow,10375.821587032891
2026-09-13T19:45:42.024035+00:00,guarded,10289.684884069726
2026-09-13T19:45:42.025590+00:00,shadow,10375.821587032891
2026-09-13T20:01:23.266648+00:00,guarded,10289.684884069726
2026-09-13T20:01:23.267929+00:00,shadow,10375.821587032891
2026-09-13T20:15:39.679665+00:00,guarded,10289.684884069726
2026-09-13T20:15:39.680938+00:00,shadow,10375.821587032891
2026-09-13T20:30:38.968064+00:00,guarded,10289.684884069726
2026-09-13T20:30:38.969089+00:00,shadow,10375.821587032891
2026-09-13T20:45:43.281369+00:00,guarded,10289.684884069726
2026-09-13T20:45:43.282645+00:00,shadow,10375.821587032891
2026-09-13T21:00:42.506815+00:00,guarded,10289.684884069726
2026-09-13T21:00:42.508151+00:00,shadow,10375.821587032891
2026-09-13T21:15:40.799532+00:00,guarded,10289.684884069726
2026-09-13T21:15:40.800874+00:00,shadow,10375.821587032891
2026-09-13T21:24:33.017566+00:00,guarded,10289.684884069726
2026-09-13T21:24:33.019061+00:00,shadow,10375.821587032891
2026-09-13T21:30:41.100941+00:00,guarded,10289.684884069726
2026-09-13T21:30:41.102327+00:00,shadow,10375.821587032891
2026-09-13T21:45:40.800554+00:00,guarded,10289.684884069726
2026-09-13T21:45:40.804064+00:00,shadow,10375.821587032891
2026-09-13T22:00:43.483838+00:00,guarded,10289.684884069726
2026-09-13T22:00:43.485738+00:00,shadow,10375.821587032891
2026-09-13T22:15:40.453525+00:00,guarded,10289.684884069726
2026-09-13T22:15:40.454812+00:00,shadow,10375.821587032891
2026-09-13T22:30:41.935268+00:00,guarded,10289.684884069726
2026-09-13T22:30:41.936554+00:00,shadow,10375.821587032891
2026-09-13T22:45:40.493394+00:00,guarded,10289.684884069726
2026-09-13T22:45:40.494557+00:00,shadow,10375.821587032891
2026-09-13T23:00:41.969125+00:00,guarded,10289.684884069726
2026-09-13T23:00:41.970431+00:00,shadow,10375.821587032891
2026-09-13T23:15:42.049486+00:00,guarded,10289.684884069726
2026-09-13T23:15:42.050913+00:00,shadow,10375.821587032891
2026-09-13T23:30:40.397170+00:00,guarded,10289.684884069726
2026-09-13T23:30:40.398524+00:00,shadow,10375.821587032891
2026-09-13T23:45:44.810727+00:00,guarded,10289.684884069726
2026-09-13T23:45:44.816739+00:00,shadow,10375.821587032891
2026-09-14T00:00:43.067715+00:00,guarded,10289.684884069726
2026-09-14T00:00:43.072809+00:00,shadow,10375.821587032891
2026-09-14T00:05:21.041645+00:00,guarded,10289.684884069726
2026-09-14T00:05:21.043834+00:00,shadow,10375.821587032891
2026-09-14T00:15:42.640814+00:00,guarded,10289.684884069726
2026-09-14T00:15:42.642746+00:00,shadow,10375.821587032891
2026-09-14T00:30:43.284671+00:00,guarded,10289.684884069726
2026-09-14T00:30:43.286209+00:00,shadow,10375.821587032891
2026-09-14T00:45:40.419130+00:00,guarded,10289.684884069726
2026-09-14T00:45:40.420430+00:00,shadow,10375.821587032891
2026-09-14T01:00:42.213579+00:00,guarded,10289.684884069726
2026-09-14T01:00:42.215342+00:00,shadow,10375.821587032891
2026-09-14T01:15:40.489888+00:00,guarded,10289.684884069726
2026-09-14T01:15:40.491712+00:00,shadow,10375.821587032891
2026-09-14T01:30:52.500366+00:00,guarded,10289.684884069726
2026-09-14T01:30:52.554710+00:00,shadow,10375.821587032891
2026-09-14T01:45:42.407800+00:00,guarded,10289.684884069726
2026-09-14T01:45:42.409245+00:00,shadow,10375.821587032891
2026-09-14T02:00:43.852276+00:00,guarded,10289.684884069726
2026-09-14T02:00:43.853727+00:00,shadow,10375.821587032891
2026-09-14T02:15:44.924852+00:00,guarded,10289.684884069726
2026-09-14T02:15:44.926222+00:00,shadow,10375.821587032891
2026-09-14T02:30:45.913972+00:00,guarded,10289.684884069726
2026-09-14T02:30:45.915369+00:00,shadow,10375.821587032891
2026-09-14T02:45:47.919700+00:00,guarded,10289.684884069726
2026-09-14T02:45:47.921505+00:00,shadow,10375.821587032891
2026-09-14T03:00:53.608330+00:00,guarded,10289.684884069726
2026-09-14T03:00:53.609580+00:00,shadow,10375.821587032891
2026-09-14T03:15:40.937268+00:00,guarded,10289.684884069726
2026-09-14T03:15:40.938914+00:00,shadow,10375.821587032891
2026-09-14T03:30:47.129751+00:00,guarded,10289.684884069726
2026-09-14T03:30:47.133567+00:00,shadow,10375.821587032891
2026-09-14T03:45:41.429471+00:00,guarded,10289.684884069726
2026-09-14T03:45:41.430862+00:00,shadow,10375.821587032891
2026-09-14T04:00:42.415177+00:00,guarded,10289.684884069726
2026-09-14T04:00:42.416593+00:00,shadow,10375.821587032891
2026-09-14T04:15:40.946648+00:00,guarded,10289.684884069726
2026-09-14T04:15:40.956927+00:00,shadow,10375.821587032891
2026-09-14T04:30:46.097995+00:00,guarded,10289.684884069726
2026-09-14T04:30:46.099600+00:00,shadow,10375.821587032891
2026-09-14T04:45:42.239470+00:00,guarded,10289.684884069726
2026-09-14T04:45:42.240909+00:00,shadow,10375.821587032891
2026-09-14T04:46:28.284436+00:00,guarded,10289.684884069726
2026-09-14T04:46:28.288885+00:00,shadow,10375.821587032891
2026-09-14T05:00:44.046326+00:00,guarded,10289.684884069726
2026-09-14T05:00:44.047598+00:00,shadow,10375.821587032891
2026-09-14T05:15:41.687348+00:00,guarded,10289.684884069726
2026-09-14T05:15:41.688871+00:00,shadow,10375.821587032891
2026-09-14T05:30:44.498538+00:00,guarded,10289.684884069726
2026-09-14T05:30:44.499788+00:00,shadow,10375.821587032891
2026-09-14T05:45:39.784028+00:00,guarded,10289.684884069726
2026-09-14T05:45:39.785260+00:00,shadow,10375.821587032891
2026-09-14T06:00:45.265185+00:00,guarded,10289.684884069726
2026-09-14T06:00:45.266306+00:00,shadow,10375.821587032891
2026-09-14T06:15:38.992719+00:00,guarded,10289.684884069726
2026-09-14T06:15:38.994094+00:00,shadow,10375.821587032891
2026-09-14T06:30:42.493199+00:00,guarded,10289.684884069726
2026-09-14T06:30:42.494480+00:00,shadow,10375.821587032891
2026-09-14T06:45:36.159246+00:00,guarded,10289.684884069726
2026-09-14T06:45:36.160569+00:00,shadow,10375.821587032891
2026-09-14T07:00:42.660140+00:00,guarded,10289.684884069726
2026-09-14T07:00:42.661646+00:00,shadow,10375.821587032891
2026-09-14T07:15:40.822871+00:00,guarded,10289.684884069726
2026-09-14T07:15:40.824338+00:00,shadow,10375.821587032891
2026-09-14T07:30:40.486554+00:00,guarded,10289.684884069726
2026-09-14T07:30:40.488046+00:00,shadow,10375.821587032891
2026-09-14T07:45:42.297087+00:00,guarded,10289.684884069726
2026-09-14T07:45:42.298719+00:00,shadow,10375.821587032891
2026-09-14T08:00:49.270615+00:00,guarded,10289.684884069726
2026-09-14T08:00:49.409140+00:00,shadow,10375.821587032891
2026-09-14T08:15:42.051691+00:00,guarded,10289.684884069726
2026-09-14T08:15:42.052862+00:00,shadow,10375.821587032891
2026-09-14T08:30:43.054849+00:00,guarded,10289.684884069726
2026-09-14T08:30:43.056430+00:00,shadow,10375.821587032891
2026-09-14T08:45:38.607840+00:00,guarded,10289.684884069726
2026-09-14T08:45:38.609286+00:00,shadow,10375.821587032891
2026-09-14T09:00:46.456295+00:00,guarded,10289.684884069726
2026-09-14T09:00:46.457582+00:00,shadow,10375.821587032891
2026-09-14T09:15:41.704122+00:00,guarded,10289.684884069726
2026-09-14T09:15:41.705588+00:00,shadow,10375.821587032891
2026-09-14T09:30:43.231562+00:00,guarded,10289.684884069726
2026-09-14T09:30:43.232692+00:00,shadow,10375.821587032891
2026-09-14T09:45:41.362923+00:00,guarded,10289.684884069726
2026-09-14T09:45:41.364407+00:00,shadow,10375.821587032891
2026-09-14T10:00:45.157609+00:00,guarded,10289.684884069726
2026-09-14T10:00:45.159726+00:00,shadow,10375.821587032891
2026-09-14T10:15:40.723083+00:00,guarded,10289.684884069726
2026-09-14T10:15:40.724585+00:00,shadow,10375.821587032891
2026-09-14T10:30:47.431334+00:00,guarded,10289.684884069726
2026-09-14T10:30:47.432750+00:00,shadow,10375.821587032891
2026-09-14T10:32:24.166308+00:00,guarded,10289.684884069726
2026-09-14T10:32:24.168878+00:00,shadow,10375.821587032891
2026-09-14T10:45:35.605941+00:00,guarded,10289.684884069726
2026-09-14T10:45:35.608280+00:00,shadow,10375.821587032891
2026-09-14T11:00:44.091456+00:00,guarded,10289.684884069726
2026-09-14T11:00:44.092703+00:00,shadow,10375.821587032891
2026-09-14T11:15:45.011768+00:00,guarded,10289.684884069726
2026-09-14T11:15:45.109049+00:00,shadow,10375.821587032891
2026-09-14T11:30:42.578626+00:00,guarded,10289.684884069726
2026-09-14T11:30:42.719769+00:00,shadow,10375.821587032891
2026-09-14T11:45:41.856261+00:00,guarded,10289.684884069726
2026-09-14T11:45:41.857524+00:00,shadow,10375.821587032891
2026-09-14T12:00:43.035718+00:00,guarded,10289.684884069726
2026-09-14T12:00:43.036930+00:00,shadow,10375.821587032891
2026-09-14T12:15:41.315610+00:00,guarded,10289.684884069726
2026-09-14T12:15:41.316916+00:00,shadow,10375.821587032891
2026-09-14T12:30:52.189159+00:00,guarded,10289.684884069726
2026-09-14T12:30:52.190264+00:00,shadow,10375.821587032891
2026-09-14T12:45:41.477770+00:00,guarded,10289.684884069726
2026-09-14T12:45:41.478959+00:00,shadow,10375.821587032891
2026-09-14T13:00:42.484287+00:00,guarded,10289.684884069726
2026-09-14T13:00:42.485721+00:00,shadow,10375.821587032891
2026-09-14T13:15:48.170601+00:00,guarded,10289.684884069726
2026-09-14T13:15:48.173467+00:00,shadow,10375.821587032891
2026-09-14T13:30:43.160083+00:00,guarded,10289.684884069726
2026-09-14T13:30:43.161203+00:00,shadow,10375.821587032891
2026-09-14T13:45:43.008324+00:00,guarded,10289.684884069726
2026-09-14T13:45:43.009584+00:00,shadow,10375.821587032891
2026-09-14T14:01:04.576537+00:00,guarded,10289.684884069726
2026-09-14T14:01:04.577731+00:00,shadow,10375.821587032891
2026-09-14T14:15:40.266426+00:00,guarded,10289.684884069726
2026-09-14T14:15:40.267686+00:00,shadow,10375.821587032891
2026-09-14T14:30:51.080753+00:00,guarded,10289.684884069726
2026-09-14T14:30:51.082082+00:00,shadow,10375.821587032891
2026-09-14T14:45:42.814920+00:00,guarded,10289.684884069726
2026-09-14T14:45:42.816265+00:00,shadow,10375.821587032891
2026-09-14T15:00:46.018414+00:00,guarded,10289.684884069726
2026-09-14T15:00:46.019595+00:00,shadow,10375.821587032891
2026-09-14T15:15:41.938569+00:00,guarded,10289.684884069726
2026-09-14T15:15:41.939960+00:00,shadow,10375.821587032891
2026-09-14T15:30:50.824141+00:00,guarded,10289.684884069726
2026-09-14T15:30:50.825596+00:00,shadow,10375.821587032891
2026-09-14T15:45:41.117234+00:00,guarded,10289.684884069726
2026-09-14T15:45:41.119398+00:00,shadow,10375.821587032891
2026-09-14T16:00:43.742487+00:00,guarded,10289.684884069726
2026-09-14T16:00:43.743770+00:00,shadow,10375.821587032891
2026-09-14T16:15:40.783723+00:00,guarded,10289.684884069726
2026-09-14T16:15:40.785099+00:00,shadow,10375.821587032891
2026-09-14T16:30:42.559756+00:00,guarded,10289.684884069726
2026-09-14T16:30:42.561148+00:00,shadow,10375.821587032891
2026-09-14T16:45:46.885828+00:00,guarded,10289.684884069726
2026-09-14T16:45:46.887232+00:00,shadow,10375.821587032891
2026-09-14T16:56:13.529139+00:00,guarded,10289.684884069726
2026-09-14T16:56:13.530352+00:00,shadow,10375.821587032891
2026-09-14T17:00:48.104950+00:00,guarded,10289.684884069726
2026-09-14T17:00:48.106421+00:00,shadow,10375.821587032891
2026-09-14T17:15:40.734647+00:00,guarded,10289.684884069726
2026-09-14T17:15:40.735966+00:00,shadow,10375.821587032891
2026-09-14T17:30:46.887682+00:00,guarded,10289.684884069726
2026-09-14T17:30:46.888961+00:00,shadow,10375.821587032891
2026-09-14T17:45:42.399046+00:00,guarded,10289.684884069726
2026-09-14T17:45:42.400605+00:00,shadow,10375.821587032891
2026-09-14T18:00:43.920914+00:00,guarded,10289.684884069726
2026-09-14T18:00:43.922142+00:00,shadow,10375.821587032891
2026-09-14T18:15:48.063891+00:00,guarded,10289.684884069726
2026-09-14T18:15:48.065229+00:00,shadow,10375.821587032891
2026-09-14T18:30:42.906528+00:00,guarded,10289.684884069726
2026-09-14T18:30:42.974897+00:00,shadow,10375.821587032891
2026-09-14T18:45:39.714936+00:00,guarded,10289.684884069726
2026-09-14T18:45:39.716287+00:00,shadow,10375.821587032891
2026-09-14T19:00:42.921010+00:00,guarded,10289.684884069726
2026-09-14T19:00:42.922293+00:00,shadow,10375.821587032891
2026-09-14T19:15:43.333007+00:00,guarded,10289.684884069726
2026-09-14T19:15:43.334129+00:00,shadow,10375.821587032891
2026-09-14T19:30:49.677962+00:00,guarded,10289.684884069726
2026-09-14T19:30:49.720925+00:00,shadow,10375.821587032891
2026-09-14T19:45:41.602859+00:00,guarded,10289.684884069726
2026-09-14T19:45:41.604284+00:00,shadow,10375.821587032891
2026-09-14T20:00:45.043432+00:00,guarded,10289.684884069726
2026-09-14T20:00:45.044805+00:00,shadow,10375.821587032891
2026-09-14T20:15:42.412549+00:00,guarded,10289.684884069726
2026-09-14T20:15:42.413853+00:00,shadow,10375.821587032891
2026-09-14T20:30:36.060886+00:00,guarded,10289.684884069726
2026-09-14T20:30:36.062005+00:00,shadow,10375.821587032891
2026-09-14T20:45:40.698675+00:00,guarded,10289.684884069726
2026-09-14T20:45:40.699993+00:00,shadow,10375.821587032891
2026-09-14T20:54:05.193729+00:00,guarded,10289.684884069726
2026-09-14T20:54:05.196876+00:00,shadow,10375.821587032891
2026-09-14T21:00:43.851615+00:00,guarded,10289.684884069726
2026-09-14T21:00:43.853105+00:00,shadow,10375.821587032891
2026-09-14T21:15:41.274570+00:00,guarded,10289.684884069726
2026-09-14T21:15:41.275987+00:00,shadow,10375.821587032891
2026-09-14T21:30:40.227943+00:00,guarded,10289.684884069726
2026-09-14T21:30:40.229396+00:00,shadow,10375.821587032891
2026-09-14T21:45:45.072719+00:00,guarded,10289.684884069726
2026-09-14T21:45:45.075185+00:00,shadow,10375.821587032891
2026-09-14T22:00:39.012770+00:00,guarded,10289.684884069726
2026-09-14T22:00:39.013933+00:00,shadow,10375.821587032891
2026-09-14T22:15:39.819462+00:00,guarded,10289.684884069726
2026-09-14T22:15:39.820786+00:00,shadow,10375.821587032891
2026-09-14T22:30:41.459534+00:00,guarded,10289.684884069726
2026-09-14T22:30:41.460899+00:00,shadow,10375.821587032891
2026-09-14T22:45:38.880337+00:00,guarded,10289.684884069726
2026-09-14T22:45:38.881510+00:00,shadow,10375.821587032891
2026-09-14T23:00:43.708679+00:00,guarded,10289.684884069726
2026-09-14T23:00:43.709918+00:00,shadow,10375.821587032891
2026-09-14T23:15:40.751245+00:00,guarded,10289.684884069726
2026-09-14T23:15:40.752397+00:00,shadow,10375.821587032891
2026-09-14T23:30:42.034722+00:00,guarded,10289.684884069726
2026-09-14T23:30:42.036020+00:00,shadow,10375.821587032891
2026-09-14T23:45:36.459516+00:00,guarded,10289.684884069726
2026-09-14T23:45:36.480811+00:00,shadow,10375.821587032891
2026-09-14T23:50:10.722433+00:00,guarded,10289.684884069726
2026-09-14T23:50:10.724478+00:00,shadow,10375.821587032891
2026-09-15T00:00:43.397947+00:00,guarded,10289.684884069726
2026-09-15T00:00:43.399130+00:00,shadow,10375.821587032891
2026-09-15T00:16:07.953418+00:00,guarded,10289.684884069726
2026-09-15T00:16:07.954514+00:00,shadow,10375.821587032891
2026-09-15T00:30:40.380507+00:00,guarded,10289.684884069726
2026-09-15T00:30:40.381806+00:00,shadow,10375.821587032891
2026-09-15T00:45:41.845347+00:00,guarded,10289.684884069726
2026-09-15T00:45:41.846809+00:00,shadow,10375.821587032891
2026-09-15T01:00:45.146056+00:00,guarded,10289.684884069726
2026-09-15T01:00:45.313933+00:00,shadow,10375.821587032891
2026-09-15T01:15:31.042635+00:00,guarded,10289.684884069726
2026-09-15T01:15:31.043843+00:00,shadow,10375.821587032891
2026-09-15T01:30:40.615885+00:00,guarded,10289.684884069726
2026-09-15T01:30:40.617048+00:00,shadow,10375.821587032891
2026-09-15T01:45:42.399206+00:00,guarded,10289.684884069726
2026-09-15T01:45:42.400505+00:00,shadow,10375.821587032891
2026-09-15T02:00:46.053943+00:00,guarded,10289.684884069726
2026-09-15T02:00:46.055372+00:00,shadow,10375.821587032891
2026-09-15T02:15:41.735312+00:00,guarded,10289.684884069726
2026-09-15T02:15:41.736943+00:00,shadow,10375.821587032891
2026-09-15T02:30:46.628670+00:00,guarded,10289.684884069726
2026-09-15T02:30:46.630352+00:00,shadow,10375.821587032891
2026-09-15T02:45:37.612565+00:00,guarded,10289.684884069726
2026-09-15T02:45:37.613741+00:00,shadow,10375.821587032891
2026-09-15T03:00:45.852427+00:00,guarded,10289.684884069726
2026-09-15T03:00:45.854616+00:00,shadow,10375.821587032891
2026-09-15T03:15:45.130562+00:00,guarded,10289.684884069726
2026-09-15T03:15:45.132020+00:00,shadow,10375.821587032891
2026-09-15T03:30:43.588682+00:00,guarded,10289.684884069726
2026-09-15T03:30:43.589959+00:00,shadow,10375.821587032891
2026-09-15T03:45:40.682270+00:00,guarded,10289.684884069726
2026-09-15T03:45:40.683647+00:00,shadow,10375.821587032891
2026-09-15T04:00:39.909180+00:00,guarded,10289.684884069726
2026-09-15T04:00:39.910324+00:00,shadow,10375.821587032891
2026-09-15T04:15:40.222843+00:00,guarded,10289.684884069726
2026-09-15T04:15:40.226201+00:00,shadow,10375.821587032891
2026-09-15T04:31:02.829424+00:00,guarded,10289.684884069726
2026-09-15T04:31:02.833614+00:00,shadow,10375.821587032891
2026-09-15T04:44:16.210035+00:00,guarded,10289.684884069726
2026-09-15T04:44:16.211396+00:00,shadow,10375.821587032891
2026-09-15T04:45:41.220269+00:00,guarded,10289.684884069726
2026-09-15T04:45:41.221333+00:00,shadow,10375.821587032891
2026-09-15T05:00:41.867064+00:00,guarded,10289.684884069726
2026-09-15T05:00:41.868205+00:00,shadow,10375.821587032891
2026-09-15T05:15:46.430309+00:00,guarded,10289.684884069726
2026-09-15T05:15:46.431628+00:00,shadow,10375.821587032891
2026-09-15T05:30:48.574656+00:00,guarded,10289.684884069726
2026-09-15T05:30:48.575837+00:00,shadow,10375.821587032891
2026-09-15T05:45:51.874725+00:00,guarded,10289.684884069726
2026-09-15T05:45:51.875994+00:00,shadow,10375.821587032891
2026-09-15T06:00:44.802937+00:00,guarded,10289.684884069726
2026-09-15T06:00:44.804200+00:00,shadow,10375.821587032891
2026-09-15T06:15:44.482277+00:00,guarded,10289.684884069726
2026-09-15T06:15:44.484140+00:00,shadow,10375.821587032891
2026-09-15T06:30:48.840834+00:00,guarded,10289.684884069726
2026-09-15T06:30:48.842224+00:00,shadow,10375.821587032891
2026-09-15T06:45:40.172756+00:00,guarded,10289.684884069726
2026-09-15T06:45:40.173974+00:00,shadow,10375.821587032891
2026-09-15T07:00:48.425753+00:00,guarded,10289.684884069726
2026-09-15T07:00:48.427192+00:00,shadow,10375.821587032891
2026-09-15T07:15:58.115940+00:00,guarded,10289.684884069726
2026-09-15T07:15:58.265334+00:00,shadow,10375.821587032891
2026-09-15T07:31:03.706804+00:00,guarded,10289.684884069726
2026-09-15T07:31:03.886908+00:00,shadow,10375.821587032891
2026-09-15T07:45:44.006798+00:00,guarded,10289.684884069726
2026-09-15T07:45:44.008214+00:00,shadow,10375.821587032891
2026-09-15T08:00:41.609365+00:00,guarded,10289.684884069726
2026-09-15T08:00:41.610660+00:00,shadow,10375.821587032891
2026-09-15T08:15:47.493740+00:00,guarded,10289.684884069726
2026-09-15T08:15:47.494852+00:00,shadow,10375.821587032891
2026-09-15T08:30:42.005932+00:00,guarded,10289.684884069726
2026-09-15T08:30:42.007271+00:00,shadow,10375.821587032891
2026-09-15T08:46:01.526243+00:00,guarded,10289.684884069726
2026-09-15T08:46:01.527476+00:00,shadow,10375.821587032891
2026-09-15T09:00:44.710010+00:00,guarded,10289.684884069726
2026-09-15T09:00:44.711319+00:00,shadow,10375.821587032891
2026-09-15T09:15:42.677693+00:00,guarded,10289.684884069726
2026-09-15T09:15:42.679275+00:00,shadow,10375.821587032891
2026-09-15T09:30:55.345903+00:00,guarded,10289.684884069726
2026-09-15T09:30:55.347019+00:00,shadow,10375.821587032891
2026-09-15T09:45:39.304432+00:00,guarded,10289.684884069726
2026-09-15T09:45:39.305643+00:00,shadow,10375.821587032891
2026-09-15T09:59:43.586120+00:00,guarded,10289.684884069726
2026-09-15T09:59:43.587527+00:00,shadow,10375.821587032891
2026-09-15T10:00:42.859900+00:00,guarded,10289.684884069726
2026-09-15T10:00:42.861045+00:00,shadow,10375.821587032891
2026-09-15T10:15:43.533025+00:00,guarded,10289.684884069726
2026-09-15T10:15:43.534778+00:00,shadow,10375.821587032891
2026-09-15T10:30:46.405851+00:00,guarded,10289.684884069726
2026-09-15T10:30:46.407088+00:00,shadow,10375.821587032891
2026-09-15T10:45:42.911363+00:00,guarded,10289.684884069726
2026-09-15T10:45:42.912576+00:00,shadow,10375.821587032891
2026-09-15T11:02:31.713875+00:00,guarded,10289.684884069726
2026-09-15T11:02:31.718333+00:00,shadow,10375.821587032891
2026-09-15T11:16:00.057143+00:00,guarded,10289.684884069726
2026-09-15T11:16:00.058646+00:00,shadow,10375.821587032891
2026-09-15T11:31:30.842959+00:00,guarded,10289.684884069726
2026-09-15T11:31:30.844533+00:00,shadow,10375.821587032891
2026-09-15T11:45:40.894505+00:00,guarded,10289.684884069726
2026-09-15T11:45:40.897153+00:00,shadow,10375.821587032891
2026-09-15T12:00:45.965530+00:00,guarded,10289.684884069726
2026-09-15T12:00:45.966715+00:00,shadow,10375.821587032891
2026-09-15T12:15:38.750614+00:00,guarded,10289.684884069726
2026-09-15T12:15:38.751868+00:00,shadow,10375.821587032891
2026-09-15T12:30:46.743425+00:00,guarded,10289.684884069726
2026-09-15T12:30:46.745164+00:00,shadow,10375.821587032891
2026-09-15T12:45:38.974743+00:00,guarded,10289.684884069726
2026-09-15T12:45:38.975913+00:00,shadow,10375.821587032891
2026-09-15T13:00:47.240263+00:00,guarded,10289.684884069726
2026-09-15T13:00:47.241673+00:00,shadow,10375.821587032891
2026-09-15T13:15:43.545409+00:00,guarded,10289.684884069726
2026-09-15T13:15:43.546791+00:00,shadow,10375.821587032891
2026-09-15T13:30:50.496448+00:00,guarded,10289.684884069726
2026-09-15T13:30:50.497731+00:00,shadow,10375.821587032891
2026-09-15T13:45:40.701074+00:00,guarded,10289.684884069726
2026-09-15T13:45:40.702594+00:00,shadow,10375.821587032891
2026-09-15T14:02:02.403506+00:00,guarded,10289.684884069726
2026-09-15T14:02:02.404698+00:00,shadow,10375.821587032891
2026-09-15T14:15:43.477786+00:00,guarded,10289.684884069726
2026-09-15T14:15:43.479425+00:00,shadow,10375.821587032891
2026-09-15T14:30:41.109928+00:00,guarded,10289.684884069726
2026-09-15T14:30:41.111099+00:00,shadow,10375.821587032891
2026-09-15T14:45:42.497454+00:00,guarded,10289.684884069726
2026-09-15T14:45:42.499153+00:00,shadow,10375.821587032891
2026-09-15T14:53:49.331322+00:00,guarded,10289.684884069726
2026-09-15T14:53:49.332802+00:00,shadow,10375.821587032891
2026-09-15T15:00:44.520757+00:00,guarded,10289.684884069726
2026-09-15T15:00:44.521886+00:00,shadow,10375.821587032891
2026-09-15T15:15:44.729254+00:00,guarded,10289.684884069726
2026-09-15T15:15:44.730551+00:00,shadow,10375.821587032891
2026-09-15T15:30:45.418970+00:00,guarded,10289.684884069726
2026-09-15T15:30:45.420723+00:00,shadow,10375.821587032891
2026-09-15T15:45:43.633752+00:00,guarded,10289.684884069726
2026-09-15T15:45:43.655714+00:00,shadow,10375.821587032891
2026-09-15T16:00:45.110637+00:00,guarded,10289.684884069726
2026-09-15T16:00:45.112060+00:00,shadow,10375.821587032891
2026-09-15T16:15:59.720664+00:00,guarded,10289.271627146263
2026-09-15T16:15:59.721708+00:00,shadow,10374.15472153915
2026-09-15T16:30:42.395850+00:00,guarded,10289.271627146263
2026-09-15T16:30:42.397274+00:00,shadow,10374.15472153915
2026-09-15T16:45:43.373543+00:00,guarded,10289.271627146263
2026-09-15T16:45:43.374915+00:00,shadow,10374.15472153915
2026-09-15T17:00:44.367561+00:00,guarded,10289.271627146263
2026-09-15T17:00:44.387996+00:00,shadow,10374.15472153915
2026-09-15T17:15:45.349704+00:00,guarded,10289.271627146263
2026-09-15T17:15:45.351290+00:00,shadow,10374.15472153915
2026-09-15T17:30:42.144198+00:00,guarded,10289.271627146263
2026-09-15T17:30:42.145287+00:00,shadow,10374.15472153915
2026-09-15T17:45:40.332486+00:00,guarded,10289.271627146263
2026-09-15T17:45:40.333646+00:00,shadow,10374.15472153915
2026-09-15T18:00:42.688310+00:00,guarded,10289.271627146263
2026-09-15T18:00:42.689803+00:00,shadow,10374.15472153915
2026-09-15T18:15:44.025646+00:00,guarded,10289.271627146263
2026-09-15T18:15:44.027096+00:00,shadow,10374.15472153915
2026-09-15T18:30:47.859017+00:00,guarded,10289.271627146263
2026-09-15T18:30:48.015965+00:00,shadow,10374.15472153915
2026-09-15T18:45:43.542243+00:00,guarded,10289.271627146263
2026-09-15T18:45:43.543371+00:00,shadow,10374.15472153915
2026-09-15T18:54:19.946912+00:00,guarded,10261.828232903583
2026-09-15T18:54:19.947754+00:00,shadow,10263.462209697
2026-09-15T19:01:44.775869+00:00,guarded,10261.320189996111
2026-09-15T19:01:44.777069+00:00,shadow,10261.42883081397
2026-09-15T19:15:45.987255+00:00,guarded,10261.320189996111
2026-09-15T19:15:45.988598+00:00,shadow,10261.42883081397
2026-09-15T19:30:42.198123+00:00,guarded,10261.320189996111
2026-09-15T19:30:42.199353+00:00,shadow,10261.42883081397
2026-09-15T19:45:45.676796+00:00,guarded,10261.320189996111
2026-09-15T19:45:45.678941+00:00,shadow,10261.42883081397
2026-09-15T20:00:44.151474+00:00,guarded,10261.320189996111
2026-09-15T20:00:44.153194+00:00,shadow,10261.42883081397
2026-09-15T20:15:44.982759+00:00,guarded,10261.320189996111
2026-09-15T20:15:44.983947+00:00,shadow,10261.42883081397
2026-09-15T20:30:39.262469+00:00,guarded,10261.320189996111
2026-09-15T20:30:39.263712+00:00,shadow,10261.42883081397
2026-09-15T20:45:46.977819+00:00,guarded,10261.320189996111
2026-09-15T20:45:46.982188+00:00,shadow,10261.42883081397
2026-09-15T21:00:44.331881+00:00,guarded,10261.320189996111
2026-09-15T21:00:44.333329+00:00,shadow,10261.42883081397
2026-09-15T21:15:40.128481+00:00,guarded,10261.320189996111
2026-09-15T21:15:40.129895+00:00,shadow,10261.42883081397
2026-09-15T21:30:39.767112+00:00,guarded,10261.320189996111
2026-09-15T21:30:39.768286+00:00,shadow,10261.42883081397
2026-09-15T21:45:45.036105+00:00,guarded,10261.320189996111
2026-09-15T21:45:45.037268+00:00,shadow,10261.42883081397
2026-09-15T22:00:42.337344+00:00,guarded,10261.320189996111
2026-09-15T22:00:42.338611+00:00,shadow,10261.42883081397
2026-09-15T22:07:49.879778+00:00,guarded,10261.320189996111
2026-09-15T22:07:49.882284+00:00,shadow,10261.42883081397
2026-09-15T22:15:49.283457+00:00,guarded,10261.320189996111
2026-09-15T22:15:49.285125+00:00,shadow,10261.42883081397
2026-09-15T22:30:40.357340+00:00,guarded,10261.320189996111
2026-09-15T22:30:40.358733+00:00,shadow,10261.42883081397
2026-09-15T22:45:52.785211+00:00,guarded,10261.320189996111
2026-09-15T22:45:52.786480+00:00,shadow,10261.42883081397
2026-09-15T23:00:44.582422+00:00,guarded,10261.320189996111
2026-09-15T23:00:44.584325+00:00,shadow,10261.42883081397
2026-09-15T23:15:39.272450+00:00,guarded,10261.320189996111
2026-09-15T23:15:39.273740+00:00,shadow,10261.42883081397
2026-09-15T23:30:42.139797+00:00,guarded,10261.320189996111
2026-09-15T23:30:42.140861+00:00,shadow,10261.42883081397
2026-09-15T23:45:39.819422+00:00,guarded,10261.320189996111
2026-09-15T23:45:39.820503+00:00,shadow,10261.42883081397
2026-09-16T00:00:46.690420+00:00,guarded,10261.320189996111
2026-09-16T00:00:46.692186+00:00,shadow,10261.42883081397
2026-09-16T00:13:44.056344+00:00,guarded,10261.320189996111
2026-09-16T00:13:44.058431+00:00,shadow,10261.42883081397
2026-09-16T00:15:45.732277+00:00,guarded,10261.320189996111
2026-09-16T00:15:45.749991+00:00,shadow,10261.42883081397
2026-09-16T00:30:45.592143+00:00,guarded,10261.320189996111
2026-09-16T00:30:45.594116+00:00,shadow,10261.42883081397
2026-09-16T00:45:41.771143+00:00,guarded,10261.320189996111
2026-09-16T00:45:41.772411+00:00,shadow,10261.42883081397
2026-09-16T01:00:42.513478+00:00,guarded,10261.320189996111
2026-09-16T01:00:42.514977+00:00,shadow,10261.42883081397
2026-09-16T01:15:45.478168+00:00,guarded,10261.320189996111
2026-09-16T01:15:45.479477+00:00,shadow,10261.42883081397
2026-09-16T01:30:42.764331+00:00,guarded,10261.320189996111
2026-09-16T01:30:42.765438+00:00,shadow,10261.42883081397
2026-09-16T01:45:37.690790+00:00,guarded,10261.320189996111
2026-09-16T01:45:37.692252+00:00,shadow,10261.42883081397
2026-09-16T02:00:43.527645+00:00,guarded,10261.320189996111
2026-09-16T02:00:43.528967+00:00,shadow,10261.42883081397
2026-09-16T02:15:39.761605+00:00,guarded,10261.320189996111
2026-09-16T02:15:39.762778+00:00,shadow,10261.42883081397
2026-09-16T02:30:41.824900+00:00,guarded,10261.320189996111
2026-09-16T02:30:41.834724+00:00,shadow,10261.42883081397
2026-09-16T02:45:37.586539+00:00,guarded,10261.320189996111
2026-09-16T02:45:37.587667+00:00,shadow,10261.42883081397
2026-09-16T03:00:41.313589+00:00,guarded,10261.320189996111
2026-09-16T03:00:41.314938+00:00,shadow,10261.42883081397
2026-09-16T03:15:41.330981+00:00,guarded,10261.320189996111
2026-09-16T03:15:41.332166+00:00,shadow,10261.42883081397
2026-09-16T03:30:51.229959+00:00,guarded,10261.320189996111
2026-09-16T03:30:51.231255+00:00,shadow,10261.42883081397
2026-09-16T03:45:42.747832+00:00,guarded,10261.320189996111
2026-09-16T03:45:42.749158+00:00,shadow,10261.42883081397
2026-09-16T04:00:41.633090+00:00,guarded,10261.320189996111
2026-09-16T04:00:41.634182+00:00,shadow,10261.42883081397
2026-09-16T04:15:37.153563+00:00,guarded,10261.320189996111
2026-09-16T04:15:37.155013+00:00,shadow,10261.42883081397
2026-09-16T04:30:40.366947+00:00,guarded,10261.320189996111
2026-09-16T04:30:40.368390+00:00,shadow,10261.42883081397
2026-09-16T04:45:41.173139+00:00,guarded,10261.320189996111
2026-09-16T04:45:41.174575+00:00,shadow,10261.42883081397
2026-09-16T05:00:44.565422+00:00,guarded,10261.320189996111
2026-09-16T05:00:44.566793+00:00,shadow,10261.42883081397
2026-09-16T05:15:45.621629+00:00,guarded,10261.320189996111
2026-09-16T05:15:45.646168+00:00,shadow,10261.42883081397
2026-09-16T05:30:41.736461+00:00,guarded,10261.320189996111
2026-09-16T05:30:41.737624+00:00,shadow,10261.42883081397
2026-09-16T05:45:41.765960+00:00,guarded,10261.320189996111
2026-09-16T05:45:41.767582+00:00,shadow,10261.42883081397
2026-09-16T05:54:57.978152+00:00,guarded,10261.320189996111
2026-09-16T05:54:57.979546+00:00,shadow,10261.42883081397
2026-09-16T06:00:46.281241+00:00,guarded,10261.320189996111
2026-09-16T06:00:46.282458+00:00,shadow,10261.42883081397
2026-09-16T06:15:44.753709+00:00,guarded,10261.320189996111
2026-09-16T06:15:44.755130+00:00,shadow,10261.42883081397
2026-09-16T06:30:43.012642+00:00,guarded,10261.320189996111
2026-09-16T06:30:43.013983+00:00,shadow,10261.42883081397
2026-09-16T06:45:43.638294+00:00,guarded,10262.647939792112
2026-09-16T06:45:43.639921+00:00,shadow,10266.742985105715
2026-09-16T07:00:54.982300+00:00,guarded,10262.647939792112
2026-09-16T07:00:54.983778+00:00,shadow,10266.742985105715
2026-09-16T07:15:42.960951+00:00,guarded,10262.647939792112
2026-09-16T07:15:42.962357+00:00,shadow,10266.742985105715
2026-09-16T07:30:41.691147+00:00,guarded,10262.647939792112
2026-09-16T07:30:41.692546+00:00,shadow,10266.742985105715
2026-09-16T07:45:40.410406+00:00,guarded,10262.647939792112
2026-09-16T07:45:40.411811+00:00,shadow,10266.742985105715
2026-09-16T08:00:45.071386+00:00,guarded,10262.647939792112
2026-09-16T08:00:45.072874+00:00,shadow,10266.742985105715
2026-09-16T08:15:40.290532+00:00,guarded,10262.647939792112
2026-09-16T08:15:40.291739+00:00,shadow,10266.742985105715
2026-09-16T08:30:43.017896+00:00,guarded,10262.647939792112
2026-09-16T08:30:43.019145+00:00,shadow,10266.742985105715
2026-09-16T08:45:48.129994+00:00,guarded,10262.647939792112
2026-09-16T08:45:48.131204+00:00,shadow,10266.742985105715
2026-09-16T09:00:41.754592+00:00,guarded,10262.647939792112
2026-09-16T09:00:41.758959+00:00,shadow,10266.742985105715
2026-09-16T09:15:40.324604+00:00,guarded,10262.647939792112
2026-09-16T09:15:40.325903+00:00,shadow,10266.742985105715
2026-09-16T09:30:41.416222+00:00,guarded,10262.647939792112
2026-09-16T09:30:41.417347+00:00,shadow,10266.742985105715
2026-09-16T09:45:39.652394+00:00,guarded,10262.647939792112
2026-09-16T09:45:39.653479+00:00,shadow,10266.742985105715
2026-09-16T10:00:45.563674+00:00,guarded,10262.647939792112
2026-09-16T10:00:45.565138+00:00,shadow,10266.742985105715
2026-09-16T10:15:43.852643+00:00,guarded,10262.647939792112
2026-09-16T10:15:43.853874+00:00,shadow,10266.742985105715
2026-09-16T10:30:48.658591+00:00,guarded,10262.647939792112
2026-09-16T10:30:48.659899+00:00,shadow,10266.742985105715
2026-09-16T10:45:30.083032+00:00,guarded,10262.647939792112
2026-09-16T10:45:30.084093+00:00,shadow,10266.742985105715
2026-09-16T11:00:42.706202+00:00,guarded,10262.647939792112
2026-09-16T11:00:42.707569+00:00,shadow,10266.742985105715
2026-09-16T11:15:44.248525+00:00,guarded,10262.647939792112
2026-09-16T11:15:44.249881+00:00,shadow,10266.742985105715
2026-09-16T11:23:56.819695+00:00,guarded,10262.647939792112
2026-09-16T11:23:56.821401+00:00,shadow,10266.742985105715
2026-09-16T11:30:45.545604+00:00,guarded,10262.647939792112
2026-09-16T11:30:45.547037+00:00,shadow,10266.742985105715
2026-09-16T11:45:39.746301+00:00,guarded,10262.647939792112
2026-09-16T11:45:39.747727+00:00,shadow,10266.742985105715
2026-09-16T12:00:43.601086+00:00,guarded,10262.647939792112
2026-09-16T12:00:43.602541+00:00,shadow,10266.742985105715
2026-09-16T12:15:40.574853+00:00,guarded,10262.647939792112
2026-09-16T12:15:40.576320+00:00,shadow,10266.742985105715
2026-09-16T12:30:44.615346+00:00,guarded,10262.647939792112
2026-09-16T12:30:44.616723+00:00,shadow,10266.742985105715
2026-09-16T12:45:41.422777+00:00,guarded,10262.647939792112
2026-09-16T12:45:41.424091+00:00,shadow,10266.742985105715
2026-09-16T13:00:44.477378+00:00,guarded,10262.647939792112
2026-09-16T13:00:44.479197+00:00,shadow,10266.742985105715
2026-09-16T13:15:44.392769+00:00,guarded,10262.647939792112
2026-09-16T13:15:44.394099+00:00,shadow,10266.742985105715
2026-09-16T13:30:42.200241+00:00,guarded,10262.647939792112
2026-09-16T13:30:42.201725+00:00,shadow,10266.742985105715
2026-09-16T13:45:44.734670+00:00,guarded,10262.647939792112
2026-09-16T13:45:44.736256+00:00,shadow,10266.742985105715
2026-09-16T14:00:42.616530+00:00,guarded,10262.647939792112
2026-09-16T14:00:42.617932+00:00,shadow,10266.742985105715
2026-09-16T14:15:43.150532+00:00,guarded,10262.647939792112
2026-09-16T14:15:43.151962+00:00,shadow,10266.742985105715
2026-09-16T14:30:47.527424+00:00,guarded,10262.647939792112
2026-09-16T14:30:47.528755+00:00,shadow,10266.742985105715
2026-09-16T14:45:44.695365+00:00,guarded,10262.647939792112
2026-09-16T14:45:44.706957+00:00,shadow,10266.742985105715
2026-09-16T15:00:46.904836+00:00,guarded,10262.647939792112
2026-09-16T15:00:46.906067+00:00,shadow,10266.742985105715
2026-09-16T15:16:02.829897+00:00,guarded,10262.647939792112
2026-09-16T15:16:02.831079+00:00,shadow,10266.742985105715
2026-09-16T15:30:46.651505+00:00,guarded,10262.647939792112
2026-09-16T15:30:46.652972+00:00,shadow,10266.742985105715
2026-09-16T15:45:41.156559+00:00,guarded,10262.647939792112
2026-09-16T15:45:41.158015+00:00,shadow,10266.742985105715
2026-09-16T16:00:45.914072+00:00,guarded,10262.647939792112
2026-09-16T16:00:45.915364+00:00,shadow,10266.742985105715
2026-09-16T16:15:40.726501+00:00,guarded,10262.647939792112
2026-09-16T16:15:40.727769+00:00,shadow,10266.742985105715
2026-09-16T16:30:43.787804+00:00,guarded,10262.647939792112
2026-09-16T16:30:43.789062+00:00,shadow,10266.742985105715
2026-09-16T16:44:40.704236+00:00,guarded,10262.647939792112
2026-09-16T16:44:40.709135+00:00,shadow,10266.742985105715
2026-09-16T16:45:42.694081+00:00,guarded,10262.647939792112
2026-09-16T16:45:42.695509+00:00,shadow,10266.742985105715
2026-09-16T17:00:42.333720+00:00,guarded,10262.647939792112
2026-09-16T17:00:42.335001+00:00,shadow,10266.742985105715
2026-09-16T17:15:42.394950+00:00,guarded,10262.647939792112
2026-09-16T17:15:42.396467+00:00,shadow,10266.742985105715
2026-09-16T17:30:48.252777+00:00,guarded,10262.647939792112
2026-09-16T17:30:48.254633+00:00,shadow,10266.742985105715
2026-09-16T17:45:41.319284+00:00,guarded,10262.647939792112
2026-09-16T17:45:41.320588+00:00,shadow,10266.742985105715
2026-09-16T18:00:44.283639+00:00,guarded,10262.647939792112
2026-09-16T18:00:44.284930+00:00,shadow,10266.742985105715
2026-09-16T18:15:39.646735+00:00,guarded,10262.647939792112
2026-09-16T18:15:39.647880+00:00,shadow,10266.742985105715
2026-09-16T18:30:36.820078+00:00,guarded,10262.647939792112
2026-09-16T18:30:36.821284+00:00,shadow,10266.742985105715
2026-09-16T18:45:51.404784+00:00,guarded,10262.647939792112
2026-09-16T18:45:51.406013+00:00,shadow,10266.742985105715
2026-09-16T19:00:44.511189+00:00,guarded,10262.647939792112
2026-09-16T19:00:44.517284+00:00,shadow,10266.742985105715
2026-09-16T19:15:49.829080+00:00,guarded,10262.647939792112
2026-09-16T19:15:49.830407+00:00,shadow,10266.742985105715
2026-09-16T19:30:34.381926+00:00,guarded,10262.647939792112
2026-09-16T19:30:34.383075+00:00,shadow,10266.742985105715
2026-09-16T19:45:41.811155+00:00,guarded,10262.647939792112
2026-09-16T19:45:41.813660+00:00,shadow,10266.742985105715
2026-09-16T20:00:44.128841+00:00,guarded,10262.647939792112
2026-09-16T20:00:44.130446+00:00,shadow,10266.742985105715
2026-09-16T20:01:23.302669+00:00,guarded,10262.647939792112
2026-09-16T20:01:23.487897+00:00,shadow,10266.742985105715
2026-09-16T20:15:43.850167+00:00,guarded,10262.647939792112
2026-09-16T20:15:43.851790+00:00,shadow,10266.742985105715
2026-09-16T20:30:39.010402+00:00,guarded,10262.647939792112
2026-09-16T20:30:39.011918+00:00,shadow,10266.742985105715
2026-09-16T20:45:41.846120+00:00,guarded,10262.647939792112
2026-09-16T20:45:41.847307+00:00,shadow,10266.742985105715
2026-09-16T21:00:43.129030+00:00,guarded,10262.647939792112
2026-09-16T21:00:43.130161+00:00,shadow,10266.742985105715
2026-09-16T21:15:39.941266+00:00,guarded,10262.647939792112
2026-09-16T21:15:39.942825+00:00,shadow,10266.742985105715
2026-09-16T21:30:42.057479+00:00,guarded,10262.647939792112
2026-09-16T21:30:42.059259+00:00,shadow,10266.742985105715
2026-09-16T21:45:35.527975+00:00,guarded,10262.647939792112
2026-09-16T21:45:35.529456+00:00,shadow,10266.742985105715
2026-09-16T22:00:41.041009+00:00,guarded,10262.647939792112
2026-09-16T22:00:41.042605+00:00,shadow,10266.742985105715
2026-09-16T22:15:41.945861+00:00,guarded,10262.647939792112
2026-09-16T22:15:41.947412+00:00,shadow,10266.742985105715
2026-09-16T22:30:44.663043+00:00,guarded,10262.647939792112
2026-09-16T22:30:44.664969+00:00,shadow,10266.742985105715
2026-09-16T22:45:42.560264+00:00,guarded,10262.647939792112
2026-09-16T22:45:42.613236+00:00,shadow,10266.742985105715
2026-09-16T22:52:36.792773+00:00,guarded,10262.647939792112
2026-09-16T22:52:36.794208+00:00,shadow,10266.742985105715
2026-09-16T23:00:41.944336+00:00,guarded,10262.647939792112
2026-09-16T23:00:42.092357+00:00,shadow,10266.742985105715
2026-09-16T23:15:40.135271+00:00,guarded,10262.647939792112
2026-09-16T23:15:40.136579+00:00,shadow,10266.742985105715
2026-09-16T23:30:41.508041+00:00,guarded,10262.647939792112
2026-09-16T23:30:41.509347+00:00,shadow,10266.742985105715
2026-09-16T23:45:43.241360+00:00,guarded,10262.647939792112
2026-09-16T23:45:43.242415+00:00,shadow,10266.742985105715
2026-09-17T00:00:42.759838+00:00,guarded,10262.647939792112
2026-09-17T00:00:42.761496+00:00,shadow,10266.742985105715
2026-09-17T00:15:43.096627+00:00,guarded,10262.647939792112
2026-09-17T00:15:43.098374+00:00,shadow,10266.742985105715
2026-09-17T00:30:54.027591+00:00,guarded,10262.647939792112
2026-09-17T00:30:54.035943+00:00,shadow,10266.742985105715
2026-09-17T00:45:42.582726+00:00,guarded,10262.647939792112
2026-09-17T00:45:42.584278+00:00,shadow,10266.742985105715
2026-09-17T01:00:43.750175+00:00,guarded,10262.647939792112
2026-09-17T01:00:43.751588+00:00,shadow,10266.742985105715
2026-09-17T01:15:40.353767+00:00,guarded,10262.647939792112
2026-09-17T01:15:40.355100+00:00,shadow,10266.742985105715
2026-09-17T01:18:52.167538+00:00,guarded,10262.647939792112
2026-09-17T01:18:52.169025+00:00,shadow,10266.742985105715
2026-09-17T01:30:41.418428+00:00,guarded,10262.647939792112
2026-09-17T01:30:41.419765+00:00,shadow,10266.742985105715
2026-09-17T01:45:43.046237+00:00,guarded,10262.647939792112
2026-09-17T01:45:43.047488+00:00,shadow,10266.742985105715
2026-09-17T02:00:40.751967+00:00,guarded,10262.647939792112
2026-09-17T02:00:40.753859+00:00,shadow,10266.742985105715
2026-09-17T02:15:42.105301+00:00,guarded,10262.647939792112
2026-09-17T02:15:42.106495+00:00,shadow,10266.742985105715
2026-09-17T02:30:40.218183+00:00,guarded,10262.647939792112
2026-09-17T02:30:40.219483+00:00,shadow,10266.742985105715
2026-09-17T02:45:43.224457+00:00,guarded,10262.647939792112
2026-09-17T02:45:43.305767+00:00,shadow,10266.742985105715
2026-09-17T03:00:41.947417+00:00,guarded,10262.647939792112
2026-09-17T03:00:41.948948+00:00,shadow,10266.742985105715
2026-09-17T03:15:43.484466+00:00,guarded,10262.647939792112
2026-09-17T03:15:43.485679+00:00,shadow,10266.742985105715
2026-09-17T03:30:40.488064+00:00,guarded,10262.647939792112
2026-09-17T03:30:40.489458+00:00,shadow,10266.742985105715
2026-09-17T03:45:43.251306+00:00,guarded,10262.647939792112
2026-09-17T03:45:43.252814+00:00,shadow,10266.742985105715
2026-09-17T04:00:46.328453+00:00,guarded,10262.647939792112
2026-09-17T04:00:46.329736+00:00,shadow,10266.742985105715
2026-09-17T04:15:40.427189+00:00,guarded,10262.647939792112
2026-09-17T04:15:40.428718+00:00,shadow,10266.742985105715
2026-09-17T04:30:41.774320+00:00,guarded,10262.647939792112
2026-09-17T04:30:41.775521+00:00,shadow,10266.742985105715
2026-09-17T04:45:42.931590+00:00,guarded,10262.647939792112
2026-09-17T04:45:42.933185+00:00,shadow,10266.742985105715
2026-09-17T05:00:40.448037+00:00,guarded,10262.647939792112
2026-09-17T05:00:40.449614+00:00,shadow,10266.742985105715
2026-09-17T05:15:48.087616+00:00,guarded,10262.647939792112
2026-09-17T05:15:48.089482+00:00,shadow,10266.742985105715
2026-09-17T05:30:44.293353+00:00,guarded,10262.647939792112
2026-09-17T05:30:44.294813+00:00,shadow,10266.742985105715
2026-09-17T05:45:44.297107+00:00,guarded,10262.647939792112
2026-09-17T05:45:44.299005+00:00,shadow,10266.742985105715
2026-09-17T06:00:45.169839+00:00,guarded,10262.647939792112
2026-09-17T06:00:45.171708+00:00,shadow,10266.742985105715
2026-09-17T06:15:39.981126+00:00,guarded,10262.647939792112
2026-09-17T06:15:39.982443+00:00,shadow,10266.742985105715
2026-09-17T06:30:33.855731+00:00,guarded,10262.647939792112
2026-09-17T06:30:33.856790+00:00,shadow,10266.742985105715
2026-09-17T06:45:43.284509+00:00,guarded,10262.647939792112
2026-09-17T06:45:43.285833+00:00,shadow,10266.742985105715
2026-09-17T07:00:53.667892+00:00,guarded,10262.647939792112
2026-09-17T07:00:53.668964+00:00,shadow,10266.742985105715
2026-09-17T07:15:42.656101+00:00,guarded,10262.647939792112
2026-09-17T07:15:42.657534+00:00,shadow,10266.742985105715
2026-09-17T07:30:47.731200+00:00,guarded,10262.647939792112
2026-09-17T07:30:47.733381+00:00,shadow,10266.742985105715
2026-09-17T07:34:00.770449+00:00,guarded,10262.647939792112
2026-09-17T07:34:00.772479+00:00,shadow,10266.742985105715
2026-09-17T07:45:42.890100+00:00,guarded,10262.647939792112
2026-09-17T07:45:42.891670+00:00,shadow,10266.742985105715
2026-09-17T08:00:45.084743+00:00,guarded,10262.647939792112
2026-09-17T08:00:45.086166+00:00,shadow,10266.742985105715
2026-09-17T08:15:43.867403+00:00,guarded,10262.647939792112
2026-09-17T08:15:43.868946+00:00,shadow,10266.742985105715
2026-09-17T08:30:44.001868+00:00,guarded,10262.647939792112
2026-09-17T08:30:44.003182+00:00,shadow,10266.742985105715
2026-09-17T08:45:41.031003+00:00,guarded,10262.647939792112
2026-09-17T08:45:41.032542+00:00,shadow,10266.742985105715
2026-09-17T09:00:47.003707+00:00,guarded,10262.647939792112
2026-09-17T09:00:47.199705+00:00,shadow,10266.742985105715
2026-09-17T09:15:42.310867+00:00,guarded,10262.647939792112
2026-09-17T09:15:42.312461+00:00,shadow,10266.742985105715
2026-09-17T09:30:43.908394+00:00,guarded,10262.647939792112
2026-09-17T09:30:43.910121+00:00,shadow,10266.742985105715
2026-09-17T09:45:41.918071+00:00,guarded,10262.647939792112
2026-09-17T09:45:41.919666+00:00,shadow,10266.742985105715
2026-09-17T10:00:44.463115+00:00,guarded,10262.647939792112
2026-09-17T10:00:44.464797+00:00,shadow,10266.742985105715
2026-09-17T10:15:44.195766+00:00,guarded,10262.647939792112
2026-09-17T10:15:44.264151+00:00,shadow,10266.742985105715
2026-09-17T10:30:47.041469+00:00,guarded,10262.647939792112
2026-09-17T10:30:47.055867+00:00,shadow,10266.742985105715
2026-09-17T10:45:40.450486+00:00,guarded,10262.647939792112
2026-09-17T10:45:40.451878+00:00,shadow,10266.742985105715
2026-09-17T11:00:46.621424+00:00,guarded,10262.647939792112
2026-09-17T11:00:46.622604+00:00,shadow,10266.742985105715
2026-09-17T11:15:43.843200+00:00,guarded,10262.647939792112
2026-09-17T11:15:43.844478+00:00,shadow,10266.742985105715
2026-09-17T11:30:42.751694+00:00,guarded,10262.647939792112
2026-09-17T11:30:42.752999+00:00,shadow,10266.742985105715
2026-09-17T11:45:41.714887+00:00,guarded,10262.647939792112
2026-09-17T11:45:41.716213+00:00,shadow,10266.742985105715
2026-09-17T12:00:44.021372+00:00,guarded,10262.647939792112
2026-09-17T12:00:44.022954+00:00,shadow,10266.742985105715
2026-09-17T12:16:16.757089+00:00,guarded,10259.705669520848
2026-09-17T12:16:16.758364+00:00,shadow,10250.413649005357
2026-09-17T12:30:40.993367+00:00,guarded,10259.705669520848
2026-09-17T12:30:40.994623+00:00,shadow,10250.413649005357
2026-09-17T12:45:39.309379+00:00,guarded,10259.705669520848
2026-09-17T12:45:39.310933+00:00,shadow,10250.413649005357
2026-09-17T13:00:44.432843+00:00,guarded,10259.705669520848
2026-09-17T13:00:44.434338+00:00,shadow,10250.413649005357
2026-09-17T13:15:45.994827+00:00,guarded,10259.705669520848
2026-09-17T13:15:45.996067+00:00,shadow,10250.413649005357
2026-09-17T13:22:47.962420+00:00,guarded,10259.705669520848
2026-09-17T13:22:48.020340+00:00,shadow,10250.413649005357
2026-09-17T13:30:42.959882+00:00,guarded,10259.705669520848
2026-09-17T13:30:42.961887+00:00,shadow,10250.413649005357
2026-09-17T13:45:41.675970+00:00,guarded,10196.101311318005
2026-09-17T13:45:41.679694+00:00,shadow,9867.682993523546
2026-09-17T14:00:40.551356+00:00,guarded,10196.101311318005
2026-09-17T14:00:40.552627+00:00,shadow,9867.682993523546
2026-09-17T14:15:42.471095+00:00,guarded,10196.101311318005
2026-09-17T14:15:42.472453+00:00,shadow,9867.682993523546
2026-09-17T14:30:44.831647+00:00,guarded,10196.101311318005
2026-09-17T14:30:44.839343+00:00,shadow,9867.682993523546
2026-09-17T14:45:39.897649+00:00,guarded,10196.101311318005
2026-09-17T14:45:39.898926+00:00,shadow,9867.682993523546
2026-09-17T15:01:58.781025+00:00,guarded,10196.101311318005
2026-09-17T15:01:58.782450+00:00,shadow,9867.682993523546
2026-09-17T15:15:46.235230+00:00,guarded,10196.101311318005
2026-09-17T15:15:46.330530+00:00,shadow,9867.682993523546
2026-09-17T15:30:42.609866+00:00,guarded,10196.101311318005
2026-09-17T15:30:42.611468+00:00,shadow,9867.682993523546
2026-09-17T15:45:42.707473+00:00,guarded,10196.101311318005
2026-09-17T15:45:42.708987+00:00,shadow,9867.682993523546
2026-09-17T16:00:50.058891+00:00,guarded,10196.101311318005
2026-09-17T16:00:50.060384+00:00,shadow,9867.682993523546
2026-09-17T16:15:43.054561+00:00,guarded,10196.101311318005
2026-09-17T16:15:43.055693+00:00,shadow,9867.682993523546
2026-09-17T16:30:43.868270+00:00,guarded,10196.101311318005
2026-09-17T16:30:43.869576+00:00,shadow,9867.682993523546
2026-09-17T16:45:42.509251+00:00,guarded,10196.101311318005
2026-09-17T16:45:42.510494+00:00,shadow,9867.682993523546
2026-09-17T17:00:43.653350+00:00,guarded,10196.101311318005
2026-09-17T17:00:43.654833+00:00,shadow,9867.682993523546
2026-09-17T17:15:49.264646+00:00,guarded,10196.101311318005
2026-09-17T17:15:49.265919+00:00,shadow,9867.682993523546
2026-09-17T17:30:40.055383+00:00,guarded,10196.101311318005
2026-09-17T17:30:40.056648+00:00,shadow,9867.682993523546
2026-09-17T17:45:41.796988+00:00,guarded,10196.101311318005
2026-09-17T17:45:41.798263+00:00,shadow,9867.682993523546
2026-09-17T18:00:44.530922+00:00,guarded,10196.101311318005
2026-09-17T18:00:44.532107+00:00,shadow,9867.682993523546
2026-09-17T18:09:06.815633+00:00,guarded,10196.101311318005
2026-09-17T18:09:06.817453+00:00,shadow,9867.682993523546
2026-09-17T18:15:41.360803+00:00,guarded,10196.101311318005
2026-09-17T18:15:41.362111+00:00,shadow,9867.682993523546
2026-09-17T18:30:45.887914+00:00,guarded,10196.101311318005
2026-09-17T18:30:45.889193+00:00,shadow,9867.682993523546
2026-09-17T18:45:39.691657+00:00,guarded,10196.101311318005
2026-09-17T18:45:39.692805+00:00,shadow,9867.682993523546
2026-09-17T19:00:42.426657+00:00,guarded,10196.101311318005
2026-09-17T19:00:42.428126+00:00,shadow,9867.682993523546
2026-09-17T19:15:45.970321+00:00,guarded,10196.101311318005
2026-09-17T19:15:45.971927+00:00,shadow,9867.682993523546
2026-09-17T19:30:42.553280+00:00,guarded,10196.101311318005
2026-09-17T19:30:42.554541+00:00,shadow,9867.682993523546
2026-09-17T19:45:36.309885+00:00,guarded,10196.101311318005
2026-09-17T19:45:36.325150+00:00,shadow,9867.682993523546
2026-09-17T20:00:45.309416+00:00,guarded,10196.101311318005
2026-09-17T20:00:45.310662+00:00,shadow,9867.682993523546
2026-09-17T20:15:48.108023+00:00,guarded,10196.101311318005
2026-09-17T20:15:48.114155+00:00,shadow,9867.682993523546
2026-09-17T20:30:44.647976+00:00,guarded,10196.101311318005
2026-09-17T20:30:44.649999+00:00,shadow,9867.682993523546
2026-09-17T20:45:41.910029+00:00,guarded,10196.101311318005
2026-09-17T20:45:41.911523+00:00,shadow,9867.682993523546
2026-09-17T21:00:49.320297+00:00,guarded,10196.101311318005
2026-09-17T21:00:49.321564+00:00,shadow,9867.682993523546
2026-09-17T21:15:41.102072+00:00,guarded,10196.101311318005
2026-09-17T21:15:41.103726+00:00,shadow,9867.682993523546
2026-09-17T21:18:29.852893+00:00,guarded,10196.101311318005
2026-09-17T21:18:29.856312+00:00,shadow,9867.682993523546
2026-09-17T21:30:45.530640+00:00,guarded,10196.101311318005
2026-09-17T21:30:45.532013+00:00,shadow,9867.682993523546
2026-09-17T21:45:38.884447+00:00,guarded,10196.101311318005
2026-09-17T21:45:38.886551+00:00,shadow,9867.682993523546
2026-09-17T22:00:45.704884+00:00,guarded,10196.101311318005
2026-09-17T22:00:45.706100+00:00,shadow,9867.682993523546
2026-09-17T22:16:01.182064+00:00,guarded,10196.101311318005
2026-09-17T22:16:01.183377+00:00,shadow,9867.682993523546
2026-09-17T22:30:41.787590+00:00,guarded,10196.101311318005
2026-09-17T22:30:41.789075+00:00,shadow,9867.682993523546
2026-09-17T22:46:03.642197+00:00,guarded,10196.101311318005
2026-09-17T22:46:03.643657+00:00,shadow,9867.682993523546
2026-09-17T23:00:47.503791+00:00,guarded,10196.101311318005
2026-09-17T23:00:47.505944+00:00,shadow,9867.682993523546
2026-09-17T23:15:35.822740+00:00,guarded,10196.101311318005
2026-09-17T23:15:35.824381+00:00,shadow,9867.682993523546
2026-09-17T23:30:40.776875+00:00,guarded,10196.101311318005
2026-09-17T23:30:40.778155+00:00,shadow,9867.682993523546
2026-09-17T23:45:39.147393+00:00,guarded,10196.101311318005
2026-09-17T23:45:39.148647+00:00,shadow,9867.682993523546
2026-09-18T00:00:42.510831+00:00,guarded,10196.101311318005
2026-09-18T00:00:42.512187+00:00,shadow,9867.682993523546
2026-09-18T00:06:40.438713+00:00,guarded,10196.101311318005
2026-09-18T00:06:41.384521+00:00,shadow,9867.682993523546
2026-09-18T00:15:38.476363+00:00,guarded,10196.101311318005
2026-09-18T00:15:38.477753+00:00,shadow,9867.682993523546
2026-09-18T00:30:40.323857+00:00,guarded,10196.101311318005
2026-09-18T00:30:40.325445+00:00,shadow,9867.682993523546
2026-09-18T00:45:40.047586+00:00,guarded,10196.101311318005
2026-09-18T00:45:40.049017+00:00,shadow,9867.682993523546
2026-09-18T01:00:48.857372+00:00,guarded,10196.101311318005
2026-09-18T01:00:48.858942+00:00,shadow,9867.682993523546
2026-09-18T01:15:41.703853+00:00,guarded,10196.101311318005
2026-09-18T01:15:41.705620+00:00,shadow,9867.682993523546
2026-09-18T01:30:40.217659+00:00,guarded,10196.101311318005
2026-09-18T01:30:40.218913+00:00,shadow,9867.682993523546
2026-09-18T01:45:42.713244+00:00,guarded,10196.101311318005
2026-09-18T01:45:42.714600+00:00,shadow,9867.682993523546
2026-09-18T02:00:46.462516+00:00,guarded,10196.101311318005
2026-09-18T02:00:46.525647+00:00,shadow,9867.682993523546
2026-09-18T02:15:48.172108+00:00,guarded,10196.101311318005
2026-09-18T02:15:48.173381+00:00,shadow,9867.682993523546
2026-09-18T02:30:43.067050+00:00,guarded,10196.101311318005
2026-09-18T02:30:43.068264+00:00,shadow,9867.682993523546
2026-09-18T02:45:43.762710+00:00,guarded,10196.101311318005
2026-09-18T02:45:43.764021+00:00,shadow,9867.682993523546
2026-09-18T03:00:46.556114+00:00,guarded,10196.101311318005
2026-09-18T03:00:46.557577+00:00,shadow,9867.682993523546
2026-09-18T03:15:40.462546+00:00,guarded,10196.101311318005
2026-09-18T03:15:40.464119+00:00,shadow,9867.682993523546
2026-09-18T03:30:48.385497+00:00,guarded,10196.101311318005
2026-09-18T03:30:48.386814+00:00,shadow,9867.682993523546
2026-09-18T03:45:41.135786+00:00,guarded,10196.101311318005
2026-09-18T03:45:41.137482+00:00,shadow,9867.682993523546
2026-09-18T04:00:43.146610+00:00,guarded,10196.101311318005
2026-09-18T04:00:43.148140+00:00,shadow,9867.682993523546
2026-09-18T04:16:16.107951+00:00,guarded,10196.101311318005
2026-09-18T04:16:16.109164+00:00,shadow,9867.682993523546
2026-09-18T04:30:40.932887+00:00,guarded,10196.101311318005
2026-09-18T04:30:40.934409+00:00,shadow,9867.682993523546
2026-09-18T04:34:57.078145+00:00,guarded,10196.101311318005
2026-09-18T04:34:57.079656+00:00,shadow,9867.682993523546
2026-09-18T04:45:41.724278+00:00,guarded,10196.101311318005
2026-09-18T04:45:41.727422+00:00,shadow,9867.682993523546
2026-09-18T05:00:44.462891+00:00,guarded,10196.101311318005
2026-09-18T05:00:44.464155+00:00,shadow,9867.682993523546
2026-09-18T05:16:14.271178+00:00,guarded,10196.101311318005
2026-09-18T05:16:14.272426+00:00,shadow,9867.682993523546
2026-09-18T05:30:47.957948+00:00,guarded,10196.101311318005
2026-09-18T05:30:47.959478+00:00,shadow,9867.682993523546
2026-09-18T05:45:43.071734+00:00,guarded,10196.101311318005
2026-09-18T05:45:43.073133+00:00,shadow,9867.682993523546
2026-09-18T06:00:36.378482+00:00,guarded,10196.101311318005
2026-09-18T06:00:36.383968+00:00,shadow,9867.682993523546
2026-09-18T06:15:45.880737+00:00,guarded,10196.101311318005
2026-09-18T06:15:45.882191+00:00,shadow,9867.682993523546
2026-09-18T06:30:42.916820+00:00,guarded,10196.101311318005
2026-09-18T06:30:42.917878+00:00,shadow,9867.682993523546
2026-09-18T06:45:40.432648+00:00,guarded,10196.101311318005
2026-09-18T06:45:40.434013+00:00,shadow,9867.682993523546
2026-09-18T07:00:42.993101+00:00,guarded,10196.101311318005
2026-09-18T07:00:42.994344+00:00,shadow,9867.682993523546
2026-09-18T07:15:42.545940+00:00,guarded,10196.101311318005
2026-09-18T07:15:42.547427+00:00,shadow,9867.682993523546
2026-09-18T07:30:43.889028+00:00,guarded,10196.101311318005
2026-09-18T07:30:43.962156+00:00,shadow,9867.682993523546
2026-09-18T07:45:39.476994+00:00,guarded,10196.101311318005
2026-09-18T07:45:39.489356+00:00,shadow,9867.682993523546
2026-09-18T08:00:50.637814+00:00,guarded,10196.101311318005
2026-09-18T08:00:50.639302+00:00,shadow,9867.682993523546
2026-09-18T08:15:38.629358+00:00,guarded,10196.101311318005
2026-09-18T08:15:38.630705+00:00,shadow,9867.682993523546
2026-09-18T08:30:41.312147+00:00,guarded,10196.101311318005
2026-09-18T08:30:41.313658+00:00,shadow,9867.682993523546
2026-09-18T08:46:15.970039+00:00,guarded,10196.101311318005
2026-09-18T08:46:15.971442+00:00,shadow,9867.682993523546
2026-09-18T09:00:49.714461+00:00,guarded,10196.101311318005
2026-09-18T09:00:49.715778+00:00,shadow,9867.682993523546
2026-09-18T09:15:55.733549+00:00,guarded,10196.101311318005
2026-09-18T09:15:55.916591+00:00,shadow,9867.682993523546
2026-09-18T09:30:39.970969+00:00,guarded,10196.101311318005
2026-09-18T09:30:39.972178+00:00,shadow,9867.682993523546
2026-09-18T09:37:28.197444+00:00,guarded,10196.101311318005
2026-09-18T09:37:28.198928+00:00,shadow,9867.682993523546
2026-09-18T09:45:45.024565+00:00,guarded,10196.101311318005
2026-09-18T09:45:45.026038+00:00,shadow,9867.682993523546
2026-09-18T10:00:43.881175+00:00,guarded,10196.101311318005
2026-09-18T10:00:43.882643+00:00,shadow,9867.682993523546
2026-09-18T10:15:42.035982+00:00,guarded,10196.101311318005
2026-09-18T10:15:42.037187+00:00,shadow,9867.682993523546
2026-09-18T10:30:42.356166+00:00,guarded,10196.101311318005
2026-09-18T10:30:42.357514+00:00,shadow,9867.682993523546
2026-09-18T10:45:35.261693+00:00,guarded,10196.101311318005
2026-09-18T10:45:35.369217+00:00,shadow,9867.682993523546
2026-09-18T11:00:42.680838+00:00,guarded,10196.101311318005
2026-09-18T11:00:42.682009+00:00,shadow,9867.682993523546
2026-09-18T11:15:41.965879+00:00,guarded,10196.101311318005
2026-09-18T11:15:41.967179+00:00,shadow,9867.682993523546
2026-09-18T11:30:41.841698+00:00,guarded,10196.101311318005
2026-09-18T11:30:41.843295+00:00,shadow,9867.682993523546
2026-09-18T11:45:51.456805+00:00,guarded,10196.101311318005
2026-09-18T11:45:51.470944+00:00,shadow,9867.682993523546
2026-09-18T12:00:46.324142+00:00,guarded,10196.101311318005
2026-09-18T12:00:46.325507+00:00,shadow,9867.682993523546
2026-09-18T12:15:39.783203+00:00,guarded,10196.101311318005
2026-09-18T12:15:39.784771+00:00,shadow,9867.682993523546
2026-09-18T12:30:43.920046+00:00,guarded,10196.101311318005
2026-09-18T12:30:43.921338+00:00,shadow,9867.682993523546
2026-09-18T12:45:39.674311+00:00,guarded,10196.101311318005
2026-09-18T12:45:39.678891+00:00,shadow,9867.682993523546
2026-09-18T13:00:44.340315+00:00,guarded,10196.101311318005
2026-09-18T13:00:44.341734+00:00,shadow,9867.682993523546
2026-09-18T13:15:44.353345+00:00,guarded,10196.101311318005
2026-09-18T13:15:44.354825+00:00,shadow,9867.682993523546
2026-09-18T13:30:43.546349+00:00,guarded,10196.101311318005
2026-09-18T13:30:43.547568+00:00,shadow,9867.682993523546
2026-09-18T13:45:43.739969+00:00,guarded,10196.101311318005
2026-09-18T13:45:43.741183+00:00,shadow,9867.682993523546
2026-09-18T14:00:48.937002+00:00,guarded,10196.101311318005
2026-09-18T14:00:48.938326+00:00,shadow,9864.336377753281
2026-09-18T14:15:41.623974+00:00,guarded,10196.101311318005
2026-09-18T14:15:41.625607+00:00,shadow,9864.336377753281
2026-09-18T14:23:03.679478+00:00,guarded,10196.101311318005
2026-09-18T14:23:03.680876+00:00,shadow,9864.336377753281
2026-09-18T14:30:42.959208+00:00,guarded,10196.101311318005
2026-09-18T14:30:42.960928+00:00,shadow,9864.336377753281
2026-09-18T14:45:39.336639+00:00,guarded,10196.101311318005
2026-09-18T14:45:39.423033+00:00,shadow,9864.336377753281
2026-09-18T15:00:42.646325+00:00,guarded,10196.101311318005
2026-09-18T15:00:42.647573+00:00,shadow,9864.336377753281
2026-09-18T15:15:42.622046+00:00,guarded,10196.101311318005
2026-09-18T15:15:42.623263+00:00,shadow,9864.336377753281
2026-09-18T15:30:41.418795+00:00,guarded,10196.101311318005
2026-09-18T15:30:41.529147+00:00,shadow,9864.336377753281
2026-09-18T15:45:40.986043+00:00,guarded,10196.101311318005
2026-09-18T15:45:40.987648+00:00,shadow,9864.336377753281
2026-09-18T16:00:40.871976+00:00,guarded,10196.101311318005
2026-09-18T16:00:40.879323+00:00,shadow,9864.336377753281
2026-09-18T16:15:40.925801+00:00,guarded,10196.101311318005
2026-09-18T16:15:40.926830+00:00,shadow,9864.336377753281
2026-09-18T16:30:39.042045+00:00,guarded,10196.101311318005
2026-09-18T16:30:39.043264+00:00,shadow,9864.336377753281
2026-09-18T16:45:44.943668+00:00,guarded,10196.101311318005
2026-09-18T16:45:44.945068+00:00,shadow,9864.336377753281
2026-09-18T17:00:36.700852+00:00,guarded,10196.101311318005
2026-09-18T17:00:36.719774+00:00,shadow,9864.336377753281
2026-09-18T17:15:35.228558+00:00,guarded,10196.101311318005
2026-09-18T17:15:35.266540+00:00,shadow,9864.336377753281
2026-09-18T17:30:43.926769+00:00,guarded,10196.101311318005
2026-09-18T17:30:43.927802+00:00,shadow,9864.336377753281
2026-09-18T17:45:38.168539+00:00,guarded,10196.101311318005
2026-09-18T17:45:38.172490+00:00,shadow,9985.218322748977
2026-09-18T18:00:41.972310+00:00,guarded,10196.101311318005
2026-09-18T18:00:41.973666+00:00,shadow,9985.218322748977
2026-09-18T18:15:38.320017+00:00,guarded,10196.101311318005
2026-09-18T18:15:38.321093+00:00,shadow,9985.218322748977
2026-09-18T18:19:54.244507+00:00,guarded,10196.101311318005
2026-09-18T18:19:54.249373+00:00,shadow,9985.218322748977
2026-09-18T18:30:45.168926+00:00,guarded,10196.101311318005
2026-09-18T18:30:45.170200+00:00,shadow,9985.218322748977
2026-09-18T18:45:44.065081+00:00,guarded,10196.101311318005
2026-09-18T18:45:44.138448+00:00,shadow,9985.218322748977
2026-09-18T19:00:37.113811+00:00,guarded,10196.101311318005
2026-09-18T19:00:37.115071+00:00,shadow,9985.218322748977
2026-09-18T19:15:33.382768+00:00,guarded,10196.101311318005
2026-09-18T19:15:33.384055+00:00,shadow,9985.218322748977
2026-09-18T19:30:38.064975+00:00,guarded,10196.101311318005
2026-09-18T19:30:38.066898+00:00,shadow,9985.218322748977
2026-09-18T19:46:05.519662+00:00,guarded,10196.101311318005
2026-09-18T19:46:05.520757+00:00,shadow,9985.218322748977
2026-09-18T20:00:49.919141+00:00,guarded,10196.101311318005
2026-09-18T20:00:49.920472+00:00,shadow,9985.218322748977
2026-09-18T20:15:35.738639+00:00,guarded,10196.101311318005
2026-09-18T20:15:35.739792+00:00,shadow,9985.218322748977
2026-09-18T20:30:39.122817+00:00,guarded,10196.101311318005
2026-09-18T20:30:39.124584+00:00,shadow,9985.218322748977
2026-09-18T20:45:38.635257+00:00,guarded,10196.101311318005
2026-09-18T20:45:38.636366+00:00,shadow,9985.218322748977
2026-09-18T21:00:48.881206+00:00,guarded,10196.101311318005
2026-09-18T21:00:48.882545+00:00,shadow,9985.218322748977
2026-09-18T21:15:37.233743+00:00,guarded,10196.101311318005
2026-09-18T21:15:37.235138+00:00,shadow,9985.218322748977
2026-09-18T21:30:38.581076+00:00,guarded,10196.101311318005
2026-09-18T21:30:38.582514+00:00,shadow,9985.218322748977
2026-09-18T21:36:17.501337+00:00,guarded,10196.101311318005
2026-09-18T21:36:17.503130+00:00,shadow,9985.218322748977
2026-09-18T21:45:40.255570+00:00,guarded,10196.101311318005
2026-09-18T21:45:40.256837+00:00,shadow,9985.218322748977
2026-09-18T22:00:41.468413+00:00,guarded,10196.101311318005
2026-09-18T22:00:41.469817+00:00,shadow,9985.218322748977
2026-09-18T22:15:39.238852+00:00,guarded,10196.101311318005
2026-09-18T22:15:39.240466+00:00,shadow,9985.218322748977
2026-09-18T22:30:38.604429+00:00,guarded,10196.101311318005
2026-09-18T22:30:38.605680+00:00,shadow,9985.218322748977
2026-09-18T22:45:37.226083+00:00,guarded,10196.101311318005
2026-09-18T22:45:37.227487+00:00,shadow,9985.218322748977
2026-09-18T23:00:39.641834+00:00,guarded,10196.101311318005
2026-09-18T23:00:39.643128+00:00,shadow,9985.218322748977
2026-09-18T23:15:37.731963+00:00,guarded,10196.101311318005
2026-09-18T23:15:37.733225+00:00,shadow,9985.218322748977
2026-09-18T23:30:39.821063+00:00,guarded,10196.101311318005
2026-09-18T23:30:39.822147+00:00,shadow,9985.218322748977
2026-09-18T23:45:37.902483+00:00,guarded,10196.101311318005
2026-09-18T23:45:37.903855+00:00,shadow,9985.218322748977
2026-09-19T00:00:36.879284+00:00,guarded,10196.101311318005
2026-09-19T00:00:36.880266+00:00,shadow,9985.218322748977
2026-09-19T00:11:31.493190+00:00,guarded,10196.101311318005
2026-09-19T00:11:31.494889+00:00,shadow,9985.218322748977
2026-09-19T00:15:45.677572+00:00,guarded,10196.101311318005
2026-09-19T00:15:45.679224+00:00,shadow,9982.750468945336
2026-09-19T00:30:44.630580+00:00,guarded,10196.101311318005
2026-09-19T00:30:44.631651+00:00,shadow,9982.750468945336
2026-09-19T00:45:42.309875+00:00,guarded,10196.101311318005
2026-09-19T00:45:42.311141+00:00,shadow,9982.750468945336
2026-09-19T01:00:42.613574+00:00,guarded,10196.101311318005
2026-09-19T01:00:42.614618+00:00,shadow,9982.750468945336
2026-09-19T01:15:35.828504+00:00,guarded,10196.101311318005
2026-09-19T01:15:35.829704+00:00,shadow,9982.750468945336
2026-09-19T01:30:34.345004+00:00,guarded,10196.101311318005
2026-09-19T01:30:34.346112+00:00,shadow,9975.611124396148
2026-09-19T01:45:40.242253+00:00,guarded,10196.101311318005
2026-09-19T01:45:40.243536+00:00,shadow,9975.611124396148
2026-09-19T02:00:41.116929+00:00,guarded,10196.101311318005
2026-09-19T02:00:41.118226+00:00,shadow,9975.611124396148
2026-09-19T02:15:38.906930+00:00,guarded,10196.101311318005
2026-09-19T02:15:38.908161+00:00,shadow,9975.611124396148
2026-09-19T02:30:34.092761+00:00,guarded,10196.101311318005
2026-09-19T02:30:34.093973+00:00,shadow,9975.611124396148
2026-09-19T02:45:35.339097+00:00,guarded,10196.101311318005
2026-09-19T02:45:35.340185+00:00,shadow,9975.611124396148
2026-09-19T03:00:37.223332+00:00,guarded,10196.101311318005
2026-09-19T03:00:37.225289+00:00,shadow,9975.611124396148
2026-09-19T03:15:35.827817+00:00,guarded,10196.101311318005
2026-09-19T03:15:35.829047+00:00,shadow,10121.980090072711
2026-09-19T03:30:39.057731+00:00,guarded,10196.101311318005
2026-09-19T03:30:39.059084+00:00,shadow,10121.980090072711
2026-09-19T03:45:41.243868+00:00,guarded,10196.101311318005
2026-09-19T03:45:41.245179+00:00,shadow,10121.980090072711
2026-09-19T04:00:40.055312+00:00,guarded,10196.101311318005
2026-09-19T04:00:40.056860+00:00,shadow,10121.980090072711
2026-09-19T04:15:46.220058+00:00,guarded,10196.101311318005
2026-09-19T04:15:46.227184+00:00,shadow,10121.980090072711
2026-09-19T04:30:44.158657+00:00,guarded,10196.101311318005
2026-09-19T04:30:44.172453+00:00,shadow,10116.284335502023
2026-09-19T04:45:35.844051+00:00,guarded,10196.101311318005
2026-09-19T04:45:35.845329+00:00,shadow,10116.284335502023
2026-09-19T05:00:59.025428+00:00,guarded,10196.101311318005
2026-09-19T05:00:59.026698+00:00,shadow,10116.284335502023
2026-09-19T05:15:35.104392+00:00,guarded,10196.101311318005
2026-09-19T05:15:35.213941+00:00,shadow,10116.284335502023
2026-09-19T05:30:38.833401+00:00,guarded,10196.101311318005
2026-09-19T05:30:38.834629+00:00,shadow,10116.284335502023
2026-09-19T05:44:23.912524+00:00,guarded,10196.101311318005
2026-09-19T05:44:23.916033+00:00,shadow,10116.284335502023
2026-09-19T05:45:35.790931+00:00,guarded,10196.101311318005
2026-09-19T05:45:35.792256+00:00,shadow,10116.284335502023
2026-09-19T06:00:39.658915+00:00,guarded,10196.101311318005
2026-09-19T06:00:39.660287+00:00,shadow,10116.284335502023
2026-09-19T06:15:48.280308+00:00,guarded,10196.101311318005
2026-09-19T06:15:48.281597+00:00,shadow,10116.284335502023
2026-09-19T06:30:44.624808+00:00,guarded,10196.101311318005
2026-09-19T06:30:44.626130+00:00,shadow,10116.284335502023
2026-09-19T06:45:38.997974+00:00,guarded,10196.101311318005
2026-09-19T06:45:39.058085+00:00,shadow,10116.284335502023
2026-09-19T07:00:42.526672+00:00,guarded,10196.101311318005
2026-09-19T07:00:42.528235+00:00,shadow,10116.284335502023
2026-09-19T07:15:39.607897+00:00,guarded,10196.101311318005
2026-09-19T07:15:39.608950+00:00,shadow,10116.284335502023
2026-09-19T07:30:37.502987+00:00,guarded,10196.101311318005
2026-09-19T07:30:37.504178+00:00,shadow,10116.284335502023
2026-09-19T07:45:40.044972+00:00,guarded,10196.101311318005
2026-09-19T07:45:40.046218+00:00,shadow,10116.284335502023
2026-09-19T08:00:39.989436+00:00,guarded,10196.101311318005
2026-09-19T08:00:39.990672+00:00,shadow,10116.284335502023
2026-09-19T08:15:37.359177+00:00,guarded,10196.101311318005
2026-09-19T08:15:37.360649+00:00,shadow,10116.284335502023
2026-09-19T08:30:44.412386+00:00,guarded,10196.101311318005
2026-09-19T08:30:44.413555+00:00,shadow,10116.284335502023
2026-09-19T08:45:37.407359+00:00,guarded,10196.101311318005
2026-09-19T08:45:37.408520+00:00,shadow,10116.284335502023
2026-09-19T09:00:34.992918+00:00,guarded,10196.101311318005
2026-09-19T09:00:34.994990+00:00,shadow,10116.284335502023
2026-09-19T09:15:36.086149+00:00,guarded,10196.101311318005
2026-09-19T09:15:36.087235+00:00,shadow,10116.284335502023
2026-09-19T09:30:40.010449+00:00,guarded,10196.101311318005
2026-09-19T09:30:40.011721+00:00,shadow,10116.284335502023
2026-09-19T09:45:39.381589+00:00,guarded,10196.101311318005
2026-09-19T09:45:39.383093+00:00,shadow,10116.284335502023
2026-09-19T10:00:42.469458+00:00,guarded,10196.101311318005
2026-09-19T10:00:42.470944+00:00,shadow,10116.284335502023
2026-09-19T10:15:34.432524+00:00,guarded,10196.101311318005
2026-09-19T10:15:34.451553+00:00,shadow,10116.284335502023
2026-09-19T10:30:44.484943+00:00,guarded,10196.101311318005
2026-09-19T10:30:44.486488+00:00,shadow,10116.284335502023
2026-09-19T10:45:37.097305+00:00,guarded,10196.101311318005
2026-09-19T10:45:37.098699+00:00,shadow,10116.284335502023
2026-09-19T10:49:08.696720+00:00,guarded,10196.101311318005
2026-09-19T10:49:08.698032+00:00,shadow,10116.284335502023
2026-09-19T11:00:45.522774+00:00,guarded,10196.101311318005
2026-09-19T11:00:45.524176+00:00,shadow,10116.284335502023
2026-09-19T11:15:38.184212+00:00,guarded,10196.101311318005
2026-09-19T11:15:38.185448+00:00,shadow,10116.284335502023
2026-09-19T11:30:34.531085+00:00,guarded,10196.101311318005
2026-09-19T11:30:34.532315+00:00,shadow,10116.284335502023
2026-09-19T11:45:32.842435+00:00,guarded,10196.101311318005
2026-09-19T11:45:32.843962+00:00,shadow,10116.284335502023
2026-09-19T12:00:40.469233+00:00,guarded,10196.101311318005
2026-09-19T12:00:40.470454+00:00,shadow,10116.284335502023
2026-09-19T12:15:40.172549+00:00,guarded,10196.101311318005
2026-09-19T12:15:40.173814+00:00,shadow,10116.284335502023
2026-09-19T12:30:42.858621+00:00,guarded,10196.101311318005
2026-09-19T12:30:42.859776+00:00,shadow,10116.284335502023
2026-09-19T12:45:34.745473+00:00,guarded,10196.101311318005
2026-09-19T12:45:34.746849+00:00,shadow,10116.284335502023
2026-09-19T13:00:42.967546+00:00,guarded,10196.101311318005
2026-09-19T13:00:42.968692+00:00,shadow,10262.330789435346
2026-09-19T13:15:36.652846+00:00,guarded,10196.101311318005
2026-09-19T13:15:36.654033+00:00,shadow,10244.080330490613
2026-09-19T13:30:36.561463+00:00,guarded,10196.101311318005
2026-09-19T13:30:36.563060+00:00,shadow,10244.080330490613
2026-09-19T13:45:34.026435+00:00,guarded,10196.101311318005
2026-09-19T13:45:34.028022+00:00,shadow,10244.080330490613
2026-09-19T14:00:39.406946+00:00,guarded,10196.101311318005
2026-09-19T14:00:39.408166+00:00,shadow,10244.080330490613
2026-09-19T14:15:37.264558+00:00,guarded,10196.101311318005
2026-09-19T14:15:37.266057+00:00,shadow,10244.080330490613
2026-09-19T14:19:44.965359+00:00,guarded,10196.101311318005
2026-09-19T14:19:44.966723+00:00,shadow,10244.080330490613
2026-09-19T14:30:36.862164+00:00,guarded,10196.101311318005
2026-09-19T14:30:36.873766+00:00,shadow,10244.080330490613
2026-09-19T14:45:38.196428+00:00,guarded,10196.101311318005
2026-09-19T14:45:38.197700+00:00,shadow,10244.080330490613
2026-09-19T15:00:38.804018+00:00,guarded,10196.101311318005
2026-09-19T15:00:38.906971+00:00,shadow,10244.080330490613
2026-09-19T15:15:37.211680+00:00,guarded,10196.101311318005
2026-09-19T15:15:37.215020+00:00,shadow,10244.080330490613
2026-09-19T15:30:40.256741+00:00,guarded,10196.101311318005
2026-09-19T15:30:40.572893+00:00,shadow,10244.080330490613
2026-09-19T15:45:42.058269+00:00,guarded,10196.101311318005
2026-09-19T15:45:42.129675+00:00,shadow,10244.080330490613
2026-09-19T16:00:39.407084+00:00,guarded,10196.101311318005
2026-09-19T16:00:39.408448+00:00,shadow,10244.080330490613
2026-09-19T16:15:33.446762+00:00,guarded,10196.101311318005
2026-09-19T16:15:33.447922+00:00,shadow,10244.080330490613
2026-09-19T16:30:39.922117+00:00,guarded,10196.101311318005
2026-09-19T16:30:39.923856+00:00,shadow,10244.080330490613
2026-09-19T16:45:36.495069+00:00,guarded,10196.101311318005
2026-09-19T16:45:36.496354+00:00,shadow,10244.080330490613
2026-09-19T17:00:43.889485+00:00,guarded,10196.101311318005
2026-09-19T17:00:43.891013+00:00,shadow,10244.080330490613
2026-09-19T17:15:58.897719+00:00,guarded,10196.101311318005
2026-09-19T17:15:58.900753+00:00,shadow,10244.080330490613
2026-09-19T17:30:39.300458+00:00,guarded,10196.101311318005
2026-09-19T17:30:39.302260+00:00,shadow,10244.080330490613
2026-09-19T17:45:38.091214+00:00,guarded,10196.101311318005
2026-09-19T17:45:38.092495+00:00,shadow,10244.080330490613
2026-09-19T17:56:31.506112+00:00,guarded,10196.101311318005
2026-09-19T17:56:31.507884+00:00,shadow,10244.080330490613
2026-09-19T18:00:40.335815+00:00,guarded,10196.101311318005
2026-09-19T18:00:40.337276+00:00,shadow,10244.080330490613
2026-09-19T18:15:42.963299+00:00,guarded,10196.101311318005
2026-09-19T18:15:42.964596+00:00,shadow,10244.080330490613
2026-09-19T18:30:40.019333+00:00,guarded,10196.101311318005
2026-09-19T18:30:40.020648+00:00,shadow,10244.080330490613
2026-09-19T18:45:36.490542+00:00,guarded,10196.101311318005
2026-09-19T18:45:36.491856+00:00,shadow,10244.080330490613
2026-09-19T19:00:42.808802+00:00,guarded,10196.101311318005
2026-09-19T19:00:42.810091+00:00,shadow,10244.080330490613
2026-09-19T19:15:36.675984+00:00,guarded,10196.101311318005
2026-09-19T19:15:36.677309+00:00,shadow,10244.080330490613
2026-09-19T19:30:37.556629+00:00,guarded,10196.101311318005
2026-09-19T19:30:37.561354+00:00,shadow,10244.080330490613
2026-09-19T19:45:38.215482+00:00,guarded,10196.101311318005
2026-09-19T19:45:38.216875+00:00,shadow,10244.080330490613
2026-09-19T20:00:46.399497+00:00,guarded,10196.101311318005
2026-09-19T20:00:46.426843+00:00,shadow,10244.080330490613
2026-09-19T20:15:38.158397+00:00,guarded,10196.101311318005
2026-09-19T20:15:38.159773+00:00,shadow,10244.080330490613
2026-09-19T20:30:46.530815+00:00,guarded,10196.101311318005
2026-09-19T20:30:46.532217+00:00,shadow,10244.080330490613
2026-09-19T20:31:55.405657+00:00,guarded,10196.101311318005
2026-09-19T20:31:55.407966+00:00,shadow,10244.080330490613
2026-09-19T20:45:41.689575+00:00,guarded,10196.101311318005
2026-09-19T20:45:41.690975+00:00,shadow,10244.080330490613
2026-09-19T21:00:55.369269+00:00,guarded,10196.101311318005
2026-09-19T21:00:55.376243+00:00,shadow,10244.080330490613
2026-09-19T21:15:34.447426+00:00,guarded,10196.101311318005
2026-09-19T21:15:34.448913+00:00,shadow,10244.080330490613
2026-09-19T21:30:38.711539+00:00,guarded,10196.101311318005
2026-09-19T21:30:38.712817+00:00,shadow,10244.080330490613
2026-09-19T21:45:38.347450+00:00,guarded,10196.101311318005
2026-09-19T21:45:38.348994+00:00,shadow,10244.080330490613
2026-09-19T22:00:38.640949+00:00,guarded,10196.101311318005
2026-09-19T22:00:38.642245+00:00,shadow,10244.080330490613
2026-09-19T22:15:31.156137+00:00,guarded,10196.101311318005
2026-09-19T22:15:31.157264+00:00,shadow,10244.080330490613
2026-09-19T22:30:41.306491+00:00,guarded,10196.101311318005
2026-09-19T22:30:41.308062+00:00,shadow,10244.080330490613
2026-09-19T22:45:37.119788+00:00,guarded,10196.101311318005
2026-09-19T22:45:37.120987+00:00,shadow,10244.080330490613
2026-09-19T22:54:48.008105+00:00,guarded,10196.101311318005
2026-09-19T22:54:48.009386+00:00,shadow,10244.080330490613
2026-09-19T23:00:40.547901+00:00,guarded,10196.101311318005
2026-09-19T23:00:40.549080+00:00,shadow,10244.080330490613
2026-09-19T23:15:44.321339+00:00,guarded,10196.101311318005
2026-09-19T23:15:44.322866+00:00,shadow,10244.080330490613
2026-09-19T23:30:34.649613+00:00,guarded,10196.101311318005
2026-09-19T23:30:34.650950+00:00,shadow,10244.080330490613
2026-09-19T23:45:36.472452+00:00,guarded,10196.101311318005
2026-09-19T23:45:36.473998+00:00,shadow,10244.080330490613
2026-09-20T00:00:42.169322+00:00,guarded,10196.101311318005
2026-09-20T00:00:42.170487+00:00,shadow,10244.080330490613
2026-09-20T00:15:39.006115+00:00,guarded,10196.101311318005
2026-09-20T00:15:39.013413+00:00,shadow,10244.080330490613
2026-09-20T00:30:39.498856+00:00,guarded,10196.101311318005
2026-09-20T00:30:39.500449+00:00,shadow,10244.080330490613
2026-09-20T00:45:38.488436+00:00,guarded,10196.101311318005
2026-09-20T00:45:38.489663+00:00,shadow,10244.080330490613
2026-09-20T00:59:42.103996+00:00,guarded,10196.101311318005
2026-09-20T00:59:42.105570+00:00,shadow,10244.080330490613
2026-09-20T01:00:41.911118+00:00,guarded,10196.101311318005
2026-09-20T01:00:41.912445+00:00,shadow,10244.080330490613
2026-09-20T01:15:37.549738+00:00,guarded,10196.101311318005
2026-09-20T01:15:37.551182+00:00,shadow,10244.080330490613
2026-09-20T01:30:36.002170+00:00,guarded,10196.101311318005
2026-09-20T01:30:36.003673+00:00,shadow,10244.080330490613
2026-09-20T01:45:40.757993+00:00,guarded,10196.101311318005
2026-09-20T01:45:40.759186+00:00,shadow,10244.080330490613
2026-09-20T02:00:45.766402+00:00,guarded,10196.101311318005
2026-09-20T02:00:45.767677+00:00,shadow,10244.080330490613
2026-09-20T02:16:15.491379+00:00,guarded,10196.101311318005
2026-09-20T02:16:15.492805+00:00,shadow,10244.080330490613
2026-09-20T02:30:41.775368+00:00,guarded,10196.101311318005
2026-09-20T02:30:41.776635+00:00,shadow,10244.080330490613
2026-09-20T02:45:39.498999+00:00,guarded,10196.101311318005
2026-09-20T02:45:39.500321+00:00,shadow,10244.080330490613
2026-09-20T03:00:43.960739+00:00,guarded,10196.101311318005
2026-09-20T03:00:43.961953+00:00,shadow,10244.080330490613
2026-09-20T03:15:35.466342+00:00,guarded,10196.101311318005
2026-09-20T03:15:35.467471+00:00,shadow,10244.080330490613
2026-09-20T03:30:38.053715+00:00,guarded,10196.101311318005
2026-09-20T03:30:38.054795+00:00,shadow,10244.080330490613
2026-09-20T03:45:38.217393+00:00,guarded,10196.101311318005
2026-09-20T03:45:38.218713+00:00,shadow,10244.080330490613
2026-09-20T04:00:38.803640+00:00,guarded,10196.101311318005
2026-09-20T04:00:38.804906+00:00,shadow,10244.080330490613
2026-09-20T04:15:36.825216+00:00,guarded,10196.101311318005
2026-09-20T04:15:36.826344+00:00,shadow,10244.080330490613
2026-09-20T04:30:41.557565+00:00,guarded,10196.101311318005
2026-09-20T04:30:41.559037+00:00,shadow,10244.080330490613
2026-09-20T04:45:36.826106+00:00,guarded,10196.101311318005
2026-09-20T04:45:36.827437+00:00,shadow,10244.080330490613
2026-09-20T05:00:40.884950+00:00,guarded,10196.101311318005
2026-09-20T05:00:40.886272+00:00,shadow,10244.080330490613
2026-09-20T05:15:41.591328+00:00,guarded,10196.101311318005
2026-09-20T05:15:41.592753+00:00,shadow,10244.080330490613
2026-09-20T05:30:38.475424+00:00,guarded,10196.101311318005
2026-09-20T05:30:38.476975+00:00,shadow,10244.080330490613
2026-09-20T05:45:36.910057+00:00,guarded,10196.101311318005
2026-09-20T05:45:36.911374+00:00,shadow,10244.080330490613
2026-09-20T06:00:39.376922+00:00,guarded,10196.101311318005
2026-09-20T06:00:39.378568+00:00,shadow,10244.080330490613
2026-09-20T06:04:17.936609+00:00,guarded,10196.101311318005
2026-09-20T06:04:17.937842+00:00,shadow,10244.080330490613
2026-09-20T06:15:41.995904+00:00,guarded,10196.101311318005
2026-09-20T06:15:41.997238+00:00,shadow,10244.080330490613
2026-09-20T06:30:41.452194+00:00,guarded,10196.101311318005
2026-09-20T06:30:41.453406+00:00,shadow,10244.080330490613
2026-09-20T06:45:40.741884+00:00,guarded,10196.101311318005
2026-09-20T06:45:40.743229+00:00,shadow,10244.080330490613
2026-09-20T07:00:41.305421+00:00,guarded,10196.101311318005
2026-09-20T07:00:41.306850+00:00,shadow,10244.080330490613
2026-09-20T07:15:40.393380+00:00,guarded,10196.101311318005
2026-09-20T07:15:40.394696+00:00,shadow,10244.080330490613
2026-09-20T07:30:37.455832+00:00,guarded,10196.101311318005
2026-09-20T07:30:37.457133+00:00,shadow,10244.080330490613
2026-09-20T07:45:43.009223+00:00,guarded,10196.101311318005
2026-09-20T07:45:43.010485+00:00,shadow,10244.080330490613
2026-09-20T08:00:43.569469+00:00,guarded,10196.101311318005
2026-09-20T08:00:43.570771+00:00,shadow,10244.080330490613
2026-09-20T08:15:37.945126+00:00,guarded,10196.101311318005
2026-09-20T08:15:37.946473+00:00,shadow,10244.080330490613
2026-09-20T08:30:40.279775+00:00,guarded,10196.101311318005
2026-09-20T08:30:40.281080+00:00,shadow,10244.080330490613
2026-09-20T08:45:36.786191+00:00,guarded,10196.101311318005
2026-09-20T08:45:36.787318+00:00,shadow,10244.080330490613
2026-09-20T09:00:46.293282+00:00,guarded,10196.101311318005
2026-09-20T09:00:46.294418+00:00,shadow,10244.080330490613
2026-09-20T09:15:38.079863+00:00,guarded,10196.101311318005
2026-09-20T09:15:38.081110+00:00,shadow,10244.080330490613
2026-09-20T09:30:38.965249+00:00,guarded,10196.101311318005
2026-09-20T09:30:38.966572+00:00,shadow,10244.080330490613
2026-09-20T09:45:39.321104+00:00,guarded,10196.101311318005
2026-09-20T09:45:39.322418+00:00,shadow,10244.080330490613
2026-09-20T10:00:43.689422+00:00,guarded,10196.101311318005
2026-09-20T10:00:43.777537+00:00,shadow,10244.080330490613
2026-09-20T10:15:38.354610+00:00,guarded,10196.101311318005
2026-09-20T10:15:38.356154+00:00,shadow,10244.080330490613
2026-09-20T10:30:47.948480+00:00,guarded,10196.101311318005
2026-09-20T10:30:47.958618+00:00,shadow,10244.080330490613
2026-09-20T10:45:37.932953+00:00,guarded,10196.101311318005
2026-09-20T10:45:37.934582+00:00,shadow,10244.080330490613
2026-09-20T11:00:40.254339+00:00,guarded,10196.101311318005
2026-09-20T11:00:40.255754+00:00,shadow,10244.080330490613
2026-09-20T11:12:15.019496+00:00,guarded,10196.101311318005
2026-09-20T11:12:15.021452+00:00,shadow,10244.080330490613
2026-09-20T11:15:48.082214+00:00,guarded,10196.101311318005
2026-09-20T11:15:48.141431+00:00,shadow,10244.080330490613
2026-09-20T11:30:38.247051+00:00,guarded,10196.101311318005
2026-09-20T11:30:38.248189+00:00,shadow,10244.080330490613
2026-09-20T11:45:39.088698+00:00,guarded,10196.101311318005
2026-09-20T11:45:39.090012+00:00,shadow,10244.080330490613
2026-09-20T12:00:39.182553+00:00,guarded,10196.101311318005
2026-09-20T12:00:39.183790+00:00,shadow,10244.080330490613
2026-09-20T12:15:36.801150+00:00,guarded,10196.101311318005
2026-09-20T12:15:36.802356+00:00,shadow,10244.080330490613
2026-09-20T12:30:46.768255+00:00,guarded,10196.101311318005
2026-09-20T12:30:46.769806+00:00,shadow,10244.080330490613
2026-09-20T12:45:40.533164+00:00,guarded,10196.101311318005
2026-09-20T12:45:40.534470+00:00,shadow,10244.080330490613
2026-09-20T13:00:39.744696+00:00,guarded,10196.101311318005
2026-09-20T13:00:39.746020+00:00,shadow,10244.080330490613
2026-09-20T13:15:38.327748+00:00,guarded,10196.101311318005
2026-09-20T13:15:38.329001+00:00,shadow,10244.080330490613
2026-09-20T13:30:46.186791+00:00,guarded,10196.101311318005
2026-09-20T13:30:46.188323+00:00,shadow,10244.080330490613
2026-09-20T13:45:41.866468+00:00,guarded,10196.101311318005
2026-09-20T13:45:41.867983+00:00,shadow,10244.080330490613
2026-09-20T14:00:40.975708+00:00,guarded,10196.101311318005
2026-09-20T14:00:40.977128+00:00,shadow,10244.080330490613
2026-09-20T14:15:36.524158+00:00,guarded,10196.101311318005
2026-09-20T14:15:36.525427+00:00,shadow,10244.080330490613
2026-09-20T14:30:37.703887+00:00,guarded,10196.101311318005
2026-09-20T14:30:37.705607+00:00,shadow,10244.080330490613
2026-09-20T14:45:40.464404+00:00,guarded,10196.101311318005
2026-09-20T14:45:40.465607+00:00,shadow,10244.080330490613
2026-09-20T15:00:47.778779+00:00,guarded,10196.101311318005
2026-09-20T15:00:47.780227+00:00,shadow,10244.080330490613
2026-09-20T15:15:40.099623+00:00,guarded,10196.101311318005
2026-09-20T15:15:40.103811+00:00,shadow,10244.080330490613
2026-09-20T15:30:43.023700+00:00,guarded,10196.101311318005
2026-09-20T15:30:43.024907+00:00,shadow,10244.080330490613
2026-09-20T15:45:42.254014+00:00,guarded,10196.101311318005
2026-09-20T15:45:42.255424+00:00,shadow,10244.080330490613
2026-09-20T15:58:04.041425+00:00,guarded,10196.101311318005
2026-09-20T15:58:04.042954+00:00,shadow,10244.080330490613
2026-09-20T16:00:42.687757+00:00,guarded,10196.101311318005
2026-09-20T16:00:42.688995+00:00,shadow,10244.080330490613
2026-09-20T16:15:38.322035+00:00,guarded,10196.101311318005
2026-09-20T16:15:38.323529+00:00,shadow,10244.080330490613
2026-09-20T16:30:39.157689+00:00,guarded,10196.101311318005
2026-09-20T16:30:39.158879+00:00,shadow,10244.080330490613
2026-09-20T16:45:38.779038+00:00,guarded,10196.101311318005
2026-09-20T16:45:38.780313+00:00,shadow,10244.080330490613
2026-09-20T17:00:42.568322+00:00,guarded,10196.101311318005
2026-09-20T17:00:42.569573+00:00,shadow,10244.080330490613
2026-09-20T17:15:37.305835+00:00,guarded,10196.101311318005
2026-09-20T17:15:37.307364+00:00,shadow,10244.080330490613
2026-09-20T17:31:14.020015+00:00,guarded,10196.101311318005
2026-09-20T17:31:14.021478+00:00,shadow,10244.080330490613
2026-09-20T17:45:37.304365+00:00,guarded,10196.101311318005
2026-09-20T17:45:37.305810+00:00,shadow,10244.080330490613
2026-09-20T18:00:40.807277+00:00,guarded,10196.101311318005
2026-09-20T18:00:40.808520+00:00,shadow,10244.080330490613
2026-09-20T18:15:38.217721+00:00,guarded,10196.101311318005
2026-09-20T18:15:38.218791+00:00,shadow,10244.080330490613
2026-09-20T18:30:40.326097+00:00,guarded,10196.101311318005
2026-09-20T18:30:40.426124+00:00,shadow,10244.080330490613
2026-09-20T18:42:28.863491+00:00,guarded,10196.101311318005
2026-09-20T18:42:28.865414+00:00,shadow,10244.080330490613
2026-09-20T18:45:41.477025+00:00,guarded,10196.101311318005
2026-09-20T18:45:41.478293+00:00,shadow,10244.080330490613
2026-09-20T19:00:40.198717+00:00,guarded,10196.101311318005
2026-09-20T19:00:40.199875+00:00,shadow,10244.080330490613
2026-09-20T19:15:38.005179+00:00,guarded,10196.101311318005
2026-09-20T19:15:38.006526+00:00,shadow,10244.080330490613
2026-09-20T19:30:39.644672+00:00,guarded,10196.101311318005
2026-09-20T19:30:39.645903+00:00,shadow,10244.080330490613
2026-09-20T19:45:37.803282+00:00,guarded,10196.101311318005
2026-09-20T19:45:37.804495+00:00,shadow,10244.080330490613
2026-09-20T20:00:43.559426+00:00,guarded,10196.101311318005
2026-09-20T20:00:43.560428+00:00,shadow,10244.080330490613
2026-09-20T20:15:37.461126+00:00,guarded,10196.101311318005
2026-09-20T20:15:37.462201+00:00,shadow,10244.080330490613
2026-09-20T20:30:47.634965+00:00,guarded,10196.101311318005
2026-09-20T20:30:47.637575+00:00,shadow,10244.080330490613
2026-09-20T20:45:36.822614+00:00,guarded,10196.101311318005
2026-09-20T20:45:36.823718+00:00,shadow,10244.080330490613
2026-09-20T21:01:17.825538+00:00,guarded,10196.101311318005
2026-09-20T21:01:17.827192+00:00,shadow,10244.080330490613
2026-09-20T21:15:39.105099+00:00,guarded,10196.101311318005
2026-09-20T21:15:39.106270+00:00,shadow,10244.080330490613
2026-09-20T21:28:37.187877+00:00,guarded,10196.101311318005
2026-09-20T21:28:37.189098+00:00,shadow,10244.080330490613
2026-09-20T21:30:38.283589+00:00,guarded,10196.101311318005
2026-09-20T21:30:38.285007+00:00,shadow,10244.080330490613
2026-09-20T21:45:38.549117+00:00,guarded,10196.101311318005
2026-09-20T21:45:38.550262+00:00,shadow,10244.080330490613
2026-09-20T22:00:42.218062+00:00,guarded,10196.101311318005
2026-09-20T22:00:42.219445+00:00,shadow,10244.080330490613
2026-09-20T22:15:36.955200+00:00,guarded,10196.101311318005
2026-09-20T22:15:36.956537+00:00,shadow,10244.080330490613
2026-09-20T22:30:40.350118+00:00,guarded,10196.101311318005
2026-09-20T22:30:40.351279+00:00,shadow,10244.080330490613
2026-09-20T22:45:38.669275+00:00,guarded,10196.101311318005
2026-09-20T22:45:38.671097+00:00,shadow,10244.080330490613
2026-09-20T23:00:48.523656+00:00,guarded,10196.101311318005
2026-09-20T23:00:48.528951+00:00,shadow,10244.080330490613
2026-09-20T23:15:41.409405+00:00,guarded,10196.101311318005
2026-09-20T23:15:41.411892+00:00,shadow,10244.080330490613
2026-09-20T23:30:42.782539+00:00,guarded,10196.101311318005
2026-09-20T23:30:42.783828+00:00,shadow,10244.080330490613
2026-09-20T23:45:36.806237+00:00,guarded,10196.101311318005
2026-09-20T23:45:36.807677+00:00,shadow,10244.080330490613
2026-09-21T00:00:44.682196+00:00,guarded,10196.101311318005
2026-09-21T00:00:44.683452+00:00,shadow,10244.080330490613
2026-09-21T00:09:01.055758+00:00,guarded,10196.101311318005
2026-09-21T00:09:01.064956+00:00,shadow,10244.080330490613
2026-09-21T00:15:44.547098+00:00,guarded,10196.101311318005
2026-09-21T00:15:44.548492+00:00,shadow,10244.080330490613
2026-09-21T00:30:41.415017+00:00,guarded,10196.101311318005
2026-09-21T00:30:41.416437+00:00,shadow,10244.080330490613
2026-09-21T00:45:37.479758+00:00,guarded,10196.101311318005
2026-09-21T00:45:37.504492+00:00,shadow,10244.080330490613
2026-09-21T01:00:36.536668+00:00,guarded,10196.101311318005
2026-09-21T01:00:36.538251+00:00,shadow,10244.080330490613
2026-09-21T01:15:37.642034+00:00,guarded,10196.101311318005
2026-09-21T01:15:37.643393+00:00,shadow,10244.080330490613
2026-09-21T01:30:46.011147+00:00,guarded,10196.101311318005
2026-09-21T01:30:46.017991+00:00,shadow,10244.080330490613
2026-09-21T01:45:36.290653+00:00,guarded,10196.101311318005
2026-09-21T01:45:36.291918+00:00,shadow,10244.080330490613
2026-09-21T02:00:37.187100+00:00,guarded,10196.101311318005
2026-09-21T02:00:37.188805+00:00,shadow,10244.080330490613
2026-09-21T02:15:49.082258+00:00,guarded,10196.101311318005
2026-09-21T02:15:49.083424+00:00,shadow,10244.080330490613
2026-09-21T02:30:43.204401+00:00,guarded,10196.101311318005
2026-09-21T02:30:43.205524+00:00,shadow,10244.080330490613
2026-09-21T02:45:48.834771+00:00,guarded,10196.101311318005
2026-09-21T02:45:49.002070+00:00,shadow,10244.080330490613
2026-09-21T03:00:42.288523+00:00,guarded,10196.101311318005
2026-09-21T03:00:42.290362+00:00,shadow,10244.080330490613
2026-09-21T03:16:13.978951+00:00,guarded,10196.101311318005
2026-09-21T03:16:13.980092+00:00,shadow,10244.080330490613
2026-09-21T03:31:13.639022+00:00,guarded,10196.101311318005
2026-09-21T03:31:13.640249+00:00,shadow,10244.080330490613
2026-09-21T03:45:38.328370+00:00,guarded,10196.101311318005
2026-09-21T03:45:38.329658+00:00,shadow,10244.080330490613
2026-09-21T04:00:43.315409+00:00,guarded,10196.101311318005
2026-09-21T04:00:43.317079+00:00,shadow,10244.080330490613
2026-09-21T04:15:40.123682+00:00,guarded,10196.101311318005
2026-09-21T04:15:40.124781+00:00,shadow,10244.080330490613
2026-09-21T04:30:39.664652+00:00,guarded,10196.101311318005
2026-09-21T04:30:39.666071+00:00,shadow,10244.080330490613
2026-09-21T04:45:32.443712+00:00,guarded,10196.101311318005
2026-09-21T04:45:32.445072+00:00,shadow,10244.080330490613
2026-09-21T04:49:19.920099+00:00,guarded,10196.101311318005
2026-09-21T04:49:19.921289+00:00,shadow,10244.080330490613
2026-09-21T05:00:40.162856+00:00,guarded,10196.101311318005
2026-09-21T05:00:40.164270+00:00,shadow,10244.080330490613
2026-09-21T05:15:39.110652+00:00,guarded,10196.101311318005
2026-09-21T05:15:39.111815+00:00,shadow,10244.080330490613
2026-09-21T05:31:15.164556+00:00,guarded,10196.101311318005
2026-09-21T05:31:15.166288+00:00,shadow,10244.080330490613
2026-09-21T05:45:40.421591+00:00,guarded,10196.101311318005
2026-09-21T05:45:40.422643+00:00,shadow,10244.080330490613
2026-09-21T06:00:40.281489+00:00,guarded,10196.101311318005
2026-09-21T06:00:40.282957+00:00,shadow,10244.080330490613
2026-09-21T06:15:40.522421+00:00,guarded,10196.101311318005
2026-09-21T06:15:40.523843+00:00,shadow,10244.080330490613
2026-09-21T06:30:42.635133+00:00,guarded,10196.101311318005
2026-09-21T06:30:42.636446+00:00,shadow,10244.080330490613
2026-09-21T06:45:41.658801+00:00,guarded,10196.101311318005
2026-09-21T06:45:41.660562+00:00,shadow,10244.080330490613
2026-09-21T07:00:40.516423+00:00,guarded,10196.101311318005
2026-09-21T07:00:40.517486+00:00,shadow,10244.080330490613
2026-09-21T07:16:13.931235+00:00,guarded,10196.101311318005
2026-09-21T07:16:13.932757+00:00,shadow,10244.080330490613
2026-09-21T07:30:42.636549+00:00,guarded,10196.101311318005
2026-09-21T07:30:42.637847+00:00,shadow,10244.080330490613
2026-09-21T07:45:40.404647+00:00,guarded,10196.101311318005
2026-09-21T07:45:40.409063+00:00,shadow,10244.080330490613
2026-09-21T08:00:52.298762+00:00,guarded,10196.101311318005
2026-09-21T08:00:52.300964+00:00,shadow,10244.080330490613
2026-09-21T08:15:40.676500+00:00,guarded,10196.101311318005
2026-09-21T08:15:40.677702+00:00,shadow,10244.080330490613
2026-09-21T08:30:38.809669+00:00,guarded,10196.101311318005
2026-09-21T08:30:38.811200+00:00,shadow,10244.080330490613
2026-09-21T08:45:36.430448+00:00,guarded,10196.101311318005
2026-09-21T08:45:36.432661+00:00,shadow,10244.080330490613
2026-09-21T09:00:47.814232+00:00,guarded,10196.101311318005
2026-09-21T09:00:47.815496+00:00,shadow,10244.080330490613
2026-09-21T09:15:42.602839+00:00,guarded,10196.101311318005
2026-09-21T09:15:42.604037+00:00,shadow,10244.080330490613
2026-09-21T09:30:50.571125+00:00,guarded,10196.101311318005
2026-09-21T09:30:50.599049+00:00,shadow,10244.080330490613
2026-09-21T09:45:39.489025+00:00,guarded,10196.101311318005
2026-09-21T09:45:39.490793+00:00,shadow,10244.080330490613
2026-09-21T10:00:48.429218+00:00,guarded,10196.101311318005
2026-09-21T10:00:48.436471+00:00,shadow,10244.080330490613
2026-09-21T10:15:45.579933+00:00,guarded,10196.101311318005
2026-09-21T10:15:45.581308+00:00,shadow,10244.080330490613
2026-09-21T10:31:13.793351+00:00,guarded,10196.101311318005
2026-09-21T10:31:13.794657+00:00,shadow,10244.080330490613
2026-09-21T10:37:10.093532+00:00,guarded,10196.101311318005
2026-09-21T10:37:10.094907+00:00,shadow,10244.080330490613
2026-09-21T10:45:40.471744+00:00,guarded,10196.101311318005
2026-09-21T10:45:40.473201+00:00,shadow,10244.080330490613
2026-09-21T11:00:35.162130+00:00,guarded,10196.101311318005
2026-09-21T11:00:35.163468+00:00,shadow,10244.080330490613
2026-09-21T11:15:41.406084+00:00,guarded,10196.101311318005
2026-09-21T11:15:41.526884+00:00,shadow,10244.080330490613
2026-09-21T11:30:38.668122+00:00,guarded,10196.101311318005
2026-09-21T11:30:38.669631+00:00,shadow,10244.080330490613
2026-09-21T11:45:45.468577+00:00,guarded,10196.101311318005
2026-09-21T11:45:45.469980+00:00,shadow,10244.080330490613
2026-09-21T12:00:43.020117+00:00,guarded,10196.101311318005
2026-09-21T12:00:43.175431+00:00,shadow,10244.080330490613
2026-09-21T12:15:36.704738+00:00,guarded,10196.101311318005
2026-09-21T12:15:36.705983+00:00,shadow,10244.080330490613
2026-09-21T12:30:39.638082+00:00,guarded,10196.101311318005
2026-09-21T12:30:39.639441+00:00,shadow,10244.080330490613
2026-09-21T12:45:37.930098+00:00,guarded,10196.101311318005
2026-09-21T12:45:37.931340+00:00,shadow,10244.080330490613
2026-09-21T13:00:39.216894+00:00,guarded,10196.101311318005
2026-09-21T13:00:39.218123+00:00,shadow,10244.080330490613
2026-09-21T13:15:37.865135+00:00,guarded,10196.101311318005
2026-09-21T13:15:37.866445+00:00,shadow,10244.080330490613
2026-09-21T13:30:44.002917+00:00,guarded,10196.101311318005
2026-09-21T13:30:44.004258+00:00,shadow,10244.080330490613
2026-09-21T13:45:44.146437+00:00,guarded,10196.101311318005
2026-09-21T13:45:44.147789+00:00,shadow,10244.080330490613
2026-09-21T14:00:50.727079+00:00,guarded,10196.101311318005
2026-09-21T14:00:50.732227+00:00,shadow,10244.080330490613
2026-09-21T14:15:47.754409+00:00,guarded,10196.101311318005
2026-09-21T14:15:47.755842+00:00,shadow,10239.016457979305
2026-09-21T14:30:41.381651+00:00,guarded,10196.101311318005
2026-09-21T14:30:41.382752+00:00,shadow,10239.016457979305
2026-09-21T14:45:38.687458+00:00,guarded,10196.101311318005
2026-09-21T14:45:38.689122+00:00,shadow,10239.016457979305
2026-09-21T15:00:41.851909+00:00,guarded,10196.101311318005
2026-09-21T15:00:41.853099+00:00,shadow,10239.016457979305
2026-09-21T15:15:40.540719+00:00,guarded,10196.101311318005
2026-09-21T15:15:40.543114+00:00,shadow,10367.676721230668
2026-09-21T15:30:43.090681+00:00,guarded,10196.101311318005
2026-09-21T15:30:43.097789+00:00,shadow,10367.676721230668
2026-09-21T15:45:39.751314+00:00,guarded,10196.101311318005
2026-09-21T15:45:39.752644+00:00,shadow,10367.676721230668
2026-09-21T16:00:43.070434+00:00,guarded,10196.101311318005
2026-09-21T16:00:43.072012+00:00,shadow,10367.676721230668
2026-09-21T16:15:34.404177+00:00,guarded,10196.101311318005
2026-09-21T16:15:34.405397+00:00,shadow,10367.676721230668
2026-09-21T16:30:42.521868+00:00,guarded,10196.101311318005
2026-09-21T16:30:42.523264+00:00,shadow,10367.676721230668
2026-09-21T16:45:39.619445+00:00,guarded,10196.101311318005
2026-09-21T16:45:39.620744+00:00,shadow,10367.676721230668
2026-09-21T16:59:25.741193+00:00,guarded,10196.101311318005
2026-09-21T16:59:25.742517+00:00,shadow,10367.676721230668
2026-09-21T17:00:45.151041+00:00,guarded,10196.101311318005
2026-09-21T17:00:45.153022+00:00,shadow,10367.676721230668
2026-09-21T17:15:39.934920+00:00,guarded,10196.101311318005
2026-09-21T17:15:39.936242+00:00,shadow,10367.676721230668
2026-09-21T17:30:39.450568+00:00,guarded,10196.101311318005
2026-09-21T17:30:39.451880+00:00,shadow,10367.676721230668
2026-09-21T17:45:43.703201+00:00,guarded,10196.101311318005
2026-09-21T17:45:43.704485+00:00,shadow,10367.676721230668
2026-09-21T18:00:45.426262+00:00,guarded,10196.101311318005
2026-09-21T18:00:45.427382+00:00,shadow,10367.676721230668
2026-09-21T18:15:37.464547+00:00,guarded,10196.101311318005
2026-09-21T18:15:37.465710+00:00,shadow,10367.676721230668
2026-09-21T18:30:37.978488+00:00,guarded,10196.101311318005
2026-09-21T18:30:37.979763+00:00,shadow,10367.676721230668
2026-09-21T18:46:13.116732+00:00,guarded,10196.101311318005
2026-09-21T18:46:13.118550+00:00,shadow,10367.676721230668
2026-09-21T19:00:42.497146+00:00,guarded,10196.101311318005
2026-09-21T19:00:42.498514+00:00,shadow,10367.676721230668
2026-09-21T19:15:38.694873+00:00,guarded,10196.101311318005
2026-09-21T19:15:38.695956+00:00,shadow,10367.676721230668
2026-09-21T19:30:39.203321+00:00,guarded,10196.101311318005
2026-09-21T19:30:39.204420+00:00,shadow,10367.676721230668
2026-09-21T19:45:35.132270+00:00,guarded,10196.101311318005
2026-09-21T19:45:35.133313+00:00,shadow,10367.676721230668
2026-09-21T20:00:37.136039+00:00,guarded,10196.101311318005
2026-09-21T20:00:37.137558+00:00,shadow,10367.676721230668
2026-09-21T20:15:39.120544+00:00,guarded,10196.101311318005
2026-09-21T20:15:39.122035+00:00,shadow,10367.676721230668
2026-09-21T20:30:38.302841+00:00,guarded,10196.101311318005
2026-09-21T20:30:38.339200+00:00,shadow,10367.676721230668
2026-09-21T20:45:37.235773+00:00,guarded,10196.101311318005
2026-09-21T20:45:37.237010+00:00,shadow,10367.676721230668
2026-09-21T20:59:02.114505+00:00,guarded,10196.101311318005
2026-09-21T20:59:02.117141+00:00,shadow,10367.676721230668
2026-09-21T21:00:41.143298+00:00,guarded,10196.101311318005
2026-09-21T21:00:41.144483+00:00,shadow,10367.676721230668
2026-09-21T21:15:36.494986+00:00,guarded,10196.101311318005
2026-09-21T21:15:36.496127+00:00,shadow,10367.676721230668
2026-09-21T21:30:41.118576+00:00,guarded,10196.101311318005
2026-09-21T21:30:41.119976+00:00,shadow,10367.676721230668
2026-09-21T21:45:36.503044+00:00,guarded,10196.101311318005
2026-09-21T21:45:36.504185+00:00,shadow,10367.676721230668
2026-09-21T22:00:43.789874+00:00,guarded,10196.101311318005
2026-09-21T22:00:43.791065+00:00,shadow,10367.676721230668
2026-09-21T22:16:13.940007+00:00,guarded,10196.101311318005
2026-09-21T22:16:13.941540+00:00,shadow,10367.676721230668
2026-09-21T22:30:40.122655+00:00,guarded,10196.101311318005
2026-09-21T22:30:40.123892+00:00,shadow,10367.676721230668
2026-09-21T22:45:41.738312+00:00,guarded,10196.101311318005
2026-09-21T22:45:41.739457+00:00,shadow,10367.676721230668
2026-09-21T23:00:45.625107+00:00,guarded,10196.101311318005
2026-09-21T23:00:45.626345+00:00,shadow,10367.676721230668
2026-09-21T23:15:40.041715+00:00,guarded,10196.101311318005
2026-09-21T23:15:40.042974+00:00,shadow,10367.676721230668
2026-09-21T23:30:48.708175+00:00,guarded,10196.101311318005
2026-09-21T23:30:48.709891+00:00,shadow,10367.676721230668
2026-09-21T23:45:36.326703+00:00,guarded,10196.101311318005
2026-09-21T23:45:36.327976+00:00,shadow,10367.676721230668
2026-09-22T00:01:02.871473+00:00,guarded,10196.101311318005
2026-09-22T00:01:02.872798+00:00,shadow,10367.676721230668
2026-09-22T00:01:57.188979+00:00,guarded,10196.101311318005
2026-09-22T00:01:57.190411+00:00,shadow,10367.676721230668
2026-09-22T00:15:42.877117+00:00,guarded,10196.101311318005
2026-09-22T00:15:42.878282+00:00,shadow,10367.676721230668
2026-09-22T00:30:42.135471+00:00,guarded,10196.101311318005
2026-09-22T00:30:42.136816+00:00,shadow,10367.676721230668
2026-09-22T00:45:40.650803+00:00,guarded,10196.101311318005
2026-09-22T00:45:40.652456+00:00,shadow,10367.676721230668
2026-09-22T01:00:44.757531+00:00,guarded,10196.101311318005
2026-09-22T01:00:44.759139+00:00,shadow,10367.676721230668
2026-09-22T01:15:40.306808+00:00,guarded,10196.101311318005
2026-09-22T01:15:40.308349+00:00,shadow,10367.676721230668
2026-09-22T01:30:42.610063+00:00,guarded,10196.101311318005
2026-09-22T01:30:42.611276+00:00,shadow,10367.676721230668
2026-09-22T01:45:37.100570+00:00,guarded,10196.101311318005
2026-09-22T01:45:37.101690+00:00,shadow,10367.676721230668
2026-09-22T02:00:49.916860+00:00,guarded,10196.101311318005
2026-09-22T02:00:49.919164+00:00,shadow,10367.676721230668
2026-09-22T02:15:41.314193+00:00,guarded,10196.101311318005
2026-09-22T02:15:41.315273+00:00,shadow,10367.676721230668
2026-09-22T02:30:40.576503+00:00,guarded,10196.101311318005
2026-09-22T02:30:40.577899+00:00,shadow,10367.676721230668
2026-09-22T02:45:39.532897+00:00,guarded,10196.101311318005
2026-09-22T02:45:39.534619+00:00,shadow,10367.676721230668
2026-09-22T03:00:47.964519+00:00,guarded,10196.101311318005
2026-09-22T03:00:48.002119+00:00,shadow,10367.676721230668
2026-09-22T03:15:59.738724+00:00,guarded,10196.101311318005
2026-09-22T03:15:59.740065+00:00,shadow,10367.676721230668
2026-09-22T03:30:38.968101+00:00,guarded,10196.101311318005
2026-09-22T03:30:38.969333+00:00,shadow,10367.676721230668
2026-09-22T03:45:44.125799+00:00,guarded,10196.101311318005
2026-09-22T03:45:44.127186+00:00,shadow,10367.676721230668
2026-09-22T04:00:43.540954+00:00,guarded,10196.101311318005
2026-09-22T04:00:43.542219+00:00,shadow,10367.676721230668
2026-09-22T04:15:39.954959+00:00,guarded,10196.101311318005
2026-09-22T04:15:39.956261+00:00,shadow,10367.676721230668
2026-09-22T04:30:40.749633+00:00,guarded,10196.101311318005
2026-09-22T04:30:40.751210+00:00,shadow,10367.676721230668
2026-09-22T04:42:27.202660+00:00,guarded,10196.101311318005
2026-09-22T04:42:27.204616+00:00,shadow,10367.676721230668
2026-09-22T04:45:37.123880+00:00,guarded,10196.101311318005
2026-09-22T04:45:37.125107+00:00,shadow,10367.676721230668
2026-09-22T05:00:41.782520+00:00,guarded,10196.101311318005
2026-09-22T05:00:41.783724+00:00,shadow,10367.676721230668
2026-09-22T05:15:36.928178+00:00,guarded,10196.101311318005
2026-09-22T05:15:36.929476+00:00,shadow,10367.676721230668
2026-09-22T05:30:43.924072+00:00,guarded,10196.101311318005
2026-09-22T05:30:43.925473+00:00,shadow,10367.676721230668
2026-09-22T05:45:58.564447+00:00,guarded,10196.101311318005
2026-09-22T05:45:58.565941+00:00,shadow,10367.676721230668
2026-09-22T06:00:41.820339+00:00,guarded,10196.101311318005
2026-09-22T06:00:41.821743+00:00,shadow,10367.676721230668
2026-09-22T06:15:37.177598+00:00,guarded,10196.101311318005
2026-09-22T06:15:37.178842+00:00,shadow,10367.676721230668
2026-09-22T06:30:43.916869+00:00,guarded,10196.101311318005
2026-09-22T06:30:43.918734+00:00,shadow,10367.676721230668
2026-09-22T06:45:40.395873+00:00,guarded,10196.101311318005
2026-09-22T06:45:40.397460+00:00,shadow,10367.676721230668
2026-09-22T07:00:43.702671+00:00,guarded,10196.101311318005
2026-09-22T07:00:43.704062+00:00,shadow,10367.676721230668
2026-09-22T07:15:40.590692+00:00,guarded,10196.101311318005
2026-09-22T07:15:40.592032+00:00,shadow,10367.676721230668
2026-09-22T07:30:44.771995+00:00,guarded,10196.101311318005
2026-09-22T07:30:44.773507+00:00,shadow,10367.676721230668
2026-09-22T07:45:49.166508+00:00,guarded,10196.101311318005
2026-09-22T07:45:49.168696+00:00,shadow,10367.676721230668
2026-09-22T08:00:43.341963+00:00,guarded,10196.101311318005
2026-09-22T08:00:43.343698+00:00,shadow,10367.676721230668
2026-09-22T08:15:39.530324+00:00,guarded,10196.101311318005
2026-09-22T08:15:39.531663+00:00,shadow,10367.676721230668
2026-09-22T08:30:39.194993+00:00,guarded,10196.101311318005
2026-09-22T08:30:39.196471+00:00,shadow,10367.676721230668
2026-09-22T08:45:41.510378+00:00,guarded,10196.101311318005
2026-09-22T08:45:41.511589+00:00,shadow,10367.676721230668
2026-09-22T09:00:53.957195+00:00,guarded,10196.101311318005
2026-09-22T09:00:53.958397+00:00,shadow,10361.37017321069
2026-09-22T09:15:40.182106+00:00,guarded,10196.101311318005
2026-09-22T09:15:40.183334+00:00,shadow,10361.37017321069
2026-09-22T09:30:43.121416+00:00,guarded,10196.101311318005
2026-09-22T09:30:43.122529+00:00,shadow,10361.37017321069
2026-09-22T09:45:49.491184+00:00,guarded,10196.101311318005
2026-09-22T09:45:49.492654+00:00,shadow,10361.37017321069
2026-09-22T09:51:38.795310+00:00,guarded,10196.101311318005
2026-09-22T09:51:38.796866+00:00,shadow,10361.37017321069
2026-09-22T10:00:47.004458+00:00,guarded,10196.101311318005
2026-09-22T10:00:47.005772+00:00,shadow,10361.37017321069
2026-09-22T10:15:39.160408+00:00,guarded,10196.101311318005
2026-09-22T10:15:39.161688+00:00,shadow,10361.37017321069
2026-09-22T10:30:43.446917+00:00,guarded,10196.101311318005
2026-09-22T10:30:43.448188+00:00,shadow,10361.37017321069
2026-09-22T10:45:39.458539+00:00,guarded,10196.101311318005
2026-09-22T10:45:39.459849+00:00,shadow,10361.37017321069
2026-09-22T11:00:47.271993+00:00,guarded,10196.101311318005
2026-09-22T11:00:47.273420+00:00,shadow,10361.37017321069
2026-09-22T11:15:37.923046+00:00,guarded,10196.101311318005
2026-09-22T11:15:37.924543+00:00,shadow,10361.37017321069
2026-09-22T11:30:45.801373+00:00,guarded,10196.101311318005
2026-09-22T11:30:45.802701+00:00,shadow,10361.37017321069
2026-09-22T11:45:43.791045+00:00,guarded,10196.101311318005
2026-09-22T11:45:43.792380+00:00,shadow,10361.37017321069
2026-09-22T12:00:45.819997+00:00,guarded,10196.101311318005
2026-09-22T12:00:45.821403+00:00,shadow,10361.37017321069
2026-09-22T12:15:39.572850+00:00,guarded,10196.101311318005
2026-09-22T12:15:39.574155+00:00,shadow,10361.37017321069
2026-09-22T12:30:45.597254+00:00,guarded,10196.101311318005
2026-09-22T12:30:45.598488+00:00,shadow,10361.37017321069
2026-09-22T12:45:41.743151+00:00,guarded,10196.101311318005
2026-09-22T12:45:41.744373+00:00,shadow,10361.37017321069
2026-09-22T13:00:41.093805+00:00,guarded,10196.101311318005
2026-09-22T13:00:41.095042+00:00,shadow,10361.37017321069
2026-09-22T13:15:38.436565+00:00,guarded,10196.101311318005
2026-09-22T13:15:38.438279+00:00,shadow,10361.37017321069
2026-09-22T13:30:58.041665+00:00,guarded,10196.101311318005
2026-09-22T13:30:58.072357+00:00,shadow,10361.37017321069
2026-09-22T13:45:35.281075+00:00,guarded,10196.101311318005
2026-09-22T13:45:35.282256+00:00,shadow,10361.37017321069
2026-09-22T14:00:42.115038+00:00,guarded,10196.101311318005
2026-09-22T14:00:42.116302+00:00,shadow,10361.37017321069
2026-09-22T14:15:42.677815+00:00,guarded,10196.101311318005
2026-09-22T14:15:42.679328+00:00,shadow,10361.37017321069
2026-09-22T14:30:40.743792+00:00,guarded,10196.101311318005
2026-09-22T14:30:40.745164+00:00,shadow,10361.37017321069
2026-09-22T14:42:16.567496+00:00,guarded,10196.101311318005
2026-09-22T14:42:16.568531+00:00,shadow,10245.953788137049
2026-09-22T14:45:39.904370+00:00,guarded,10196.101311318005
2026-09-22T14:45:39.905657+00:00,shadow,10245.953788137049
2026-09-22T15:00:51.126475+00:00,guarded,10196.101311318005
2026-09-22T15:00:51.127829+00:00,shadow,10245.953788137049
2026-09-22T15:15:38.301427+00:00,guarded,10196.101311318005
2026-09-22T15:15:38.302555+00:00,shadow,10245.953788137049
2026-09-22T15:30:44.242313+00:00,guarded,10196.101311318005
2026-09-22T15:30:44.243599+00:00,shadow,10245.953788137049
2026-09-22T15:45:36.972027+00:00,guarded,10196.101311318005
2026-09-22T15:45:36.973304+00:00,shadow,10245.953788137049
2026-09-22T16:00:46.881321+00:00,guarded,10196.101311318005
2026-09-22T16:00:46.882641+00:00,shadow,10245.953788137049
2026-09-22T16:15:46.265130+00:00,guarded,10196.101311318005
2026-09-22T16:15:46.267446+00:00,shadow,10245.953788137049
2026-09-22T16:30:42.515479+00:00,guarded,10196.101311318005
2026-09-22T16:30:42.516800+00:00,shadow,10245.953788137049
2026-09-22T16:45:50.067229+00:00,guarded,10196.101311318005
2026-09-22T16:45:50.136883+00:00,shadow,10245.953788137049
2026-09-22T17:00:43.140292+00:00,guarded,10196.101311318005
2026-09-22T17:00:43.141572+00:00,shadow,10245.953788137049
2026-09-22T17:15:40.233277+00:00,guarded,10196.101311318005
2026-09-22T17:15:40.234650+00:00,shadow,10245.953788137049
2026-09-22T17:30:38.571586+00:00,guarded,10196.101311318005
2026-09-22T17:30:38.573203+00:00,shadow,10245.953788137049
2026-09-22T17:45:36.946591+00:00,guarded,10196.101311318005
2026-09-22T17:45:36.947725+00:00,shadow,10245.953788137049
2026-09-22T18:00:43.861483+00:00,guarded,10196.101311318005
2026-09-22T18:00:43.862974+00:00,shadow,10245.953788137049
2026-09-22T18:15:48.186051+00:00,guarded,10196.101311318005
2026-09-22T18:15:48.187677+00:00,shadow,10245.953788137049
2026-09-22T18:30:56.386397+00:00,guarded,10196.101311318005
2026-09-22T18:30:56.387802+00:00,shadow,10245.953788137049
2026-09-22T18:45:42.588148+00:00,guarded,10196.101311318005
2026-09-22T18:45:42.590049+00:00,shadow,10245.953788137049
2026-09-22T18:46:16.549548+00:00,guarded,10196.101311318005
2026-09-22T18:46:16.550934+00:00,shadow,10245.953788137049
2026-09-22T19:00:41.075759+00:00,guarded,10196.101311318005
2026-09-22T19:00:41.082917+00:00,shadow,10245.953788137049
2026-09-22T19:15:40.685527+00:00,guarded,10196.101311318005
2026-09-22T19:15:40.686567+00:00,shadow,10245.953788137049
2026-09-22T19:30:40.737906+00:00,guarded,10196.101311318005
2026-09-22T19:30:40.739723+00:00,shadow,10245.953788137049
2026-09-22T19:45:37.157339+00:00,guarded,10196.101311318005
2026-09-22T19:45:37.158392+00:00,shadow,10245.953788137049
2026-09-22T20:00:38.718873+00:00,guarded,10196.101311318005
2026-09-22T20:00:38.720658+00:00,shadow,10245.953788137049
2026-09-22T20:15:36.660679+00:00,guarded,10196.101311318005
2026-09-22T20:15:36.661945+00:00,shadow,10245.953788137049
2026-09-22T20:30:51.365848+00:00,guarded,10196.101311318005
2026-09-22T20:30:51.367453+00:00,shadow,10245.953788137049
2026-09-22T20:45:39.391931+00:00,guarded,10196.101311318005
2026-09-22T20:45:39.393206+00:00,shadow,10245.953788137049
2026-09-22T21:00:41.528325+00:00,guarded,10196.101311318005
2026-09-22T21:00:41.529617+00:00,shadow,10245.953788137049
2026-09-22T21:15:38.174592+00:00,guarded,10196.101311318005
2026-09-22T21:15:38.175589+00:00,shadow,10245.953788137049
2026-09-22T21:31:14.435915+00:00,guarded,10196.101311318005
2026-09-22T21:31:14.437134+00:00,shadow,10245.953788137049
2026-09-22T21:45:38.942678+00:00,guarded,10196.101311318005
2026-09-22T21:45:38.944391+00:00,shadow,10245.953788137049
2026-09-22T21:59:42.797181+00:00,guarded,10196.101311318005
2026-09-22T21:59:42.798512+00:00,shadow,10245.953788137049
2026-09-22T22:00:40.288226+00:00,guarded,10196.101311318005
2026-09-22T22:00:40.289419+00:00,shadow,10245.953788137049
2026-09-22T22:15:43.383616+00:00,guarded,10196.101311318005
2026-09-22T22:15:43.384825+00:00,shadow,10245.953788137049
2026-09-22T22:30:38.307243+00:00,guarded,10196.101311318005
2026-09-22T22:30:38.308445+00:00,shadow,10245.953788137049
2026-09-22T22:45:38.716494+00:00,guarded,10196.101311318005
2026-09-22T22:45:38.717839+00:00,shadow,10245.953788137049
2026-09-22T23:00:46.711412+00:00,guarded,10196.101311318005
2026-09-22T23:00:46.712512+00:00,shadow,10245.953788137049
2026-09-22T23:15:39.013956+00:00,guarded,10196.101311318005
2026-09-22T23:15:39.015230+00:00,shadow,10245.953788137049
2026-09-22T23:30:38.400684+00:00,guarded,10196.101311318005
2026-09-22T23:30:38.401929+00:00,shadow,10245.953788137049
2026-09-22T23:45:47.228878+00:00,guarded,10196.101311318005
2026-09-22T23:45:47.230020+00:00,shadow,10245.953788137049
2026-09-23T00:00:37.008530+00:00,guarded,10196.101311318005
2026-09-23T00:00:37.009860+00:00,shadow,10245.953788137049
2026-09-23T00:15:33.414969+00:00,guarded,10196.101311318005
2026-09-23T00:15:33.489743+00:00,shadow,10245.953788137049
2026-09-23T00:20:36.655699+00:00,guarded,10196.101311318005
2026-09-23T00:20:36.657399+00:00,shadow,10245.953788137049
2026-09-23T00:31:18.196361+00:00,guarded,10196.101311318005
2026-09-23T00:31:18.197544+00:00,shadow,10245.953788137049
2026-09-23T00:45:44.359383+00:00,guarded,10196.101311318005
2026-09-23T00:45:44.486497+00:00,shadow,10245.953788137049
2026-09-23T01:00:40.810470+00:00,guarded,10196.101311318005
2026-09-23T01:00:40.811834+00:00,shadow,10245.953788137049
2026-09-23T01:15:39.366510+00:00,guarded,10196.101311318005
2026-09-23T01:15:39.368167+00:00,shadow,10245.953788137049
2026-09-23T01:30:38.608730+00:00,guarded,10196.101311318005
2026-09-23T01:30:38.610005+00:00,shadow,10245.953788137049
2026-09-23T01:45:37.608782+00:00,guarded,10196.101311318005
2026-09-23T01:45:37.610018+00:00,shadow,10245.953788137049
2026-09-23T02:00:41.226875+00:00,guarded,10196.101311318005
2026-09-23T02:00:41.228088+00:00,shadow,10245.953788137049
2026-09-23T02:15:41.362196+00:00,guarded,10196.101311318005
2026-09-23T02:15:41.409652+00:00,shadow,10245.953788137049
2026-09-23T02:30:36.787802+00:00,guarded,10196.101311318005
2026-09-23T02:30:36.788978+00:00,shadow,10245.953788137049
2026-09-23T02:45:34.611075+00:00,guarded,10196.101311318005
2026-09-23T02:45:34.612596+00:00,shadow,10245.953788137049
2026-09-23T03:00:42.458697+00:00,guarded,10196.101311318005
2026-09-23T03:00:42.459832+00:00,shadow,10245.953788137049
2026-09-23T03:15:35.054158+00:00,guarded,10196.101311318005
2026-09-23T03:15:35.055349+00:00,shadow,10245.953788137049
2026-09-23T03:30:45.805541+00:00,guarded,10196.101311318005
2026-09-23T03:30:45.806726+00:00,shadow,10245.953788137049
2026-09-23T03:45:37.017931+00:00,guarded,10196.101311318005
2026-09-23T03:45:37.019280+00:00,shadow,10245.953788137049
2026-09-23T04:00:59.466401+00:00,guarded,10196.101311318005
2026-09-23T04:00:59.467497+00:00,shadow,10245.953788137049
2026-09-23T04:15:40.924753+00:00,guarded,10196.101311318005
2026-09-23T04:15:40.926055+00:00,shadow,10245.953788137049
2026-09-23T04:30:37.994173+00:00,guarded,10196.101311318005
2026-09-23T04:30:37.995576+00:00,shadow,10245.953788137049
2026-09-23T04:45:39.632577+00:00,guarded,10196.101311318005
2026-09-23T04:45:39.634131+00:00,shadow,10245.953788137049
2026-09-23T05:00:41.488626+00:00,guarded,10196.101311318005
2026-09-23T05:00:41.490270+00:00,shadow,10245.953788137049
2026-09-23T05:15:36.626827+00:00,guarded,10196.101311318005
2026-09-23T05:15:36.627994+00:00,shadow,10245.953788137049
2026-09-23T05:30:41.225011+00:00,guarded,10196.101311318005
2026-09-23T05:30:41.226115+00:00,shadow,10245.953788137049
2026-09-23T05:45:36.286376+00:00,guarded,10196.101311318005
2026-09-23T05:45:36.287618+00:00,shadow,10245.953788137049
2026-09-23T05:51:14.726870+00:00,guarded,10196.101311318005
2026-09-23T05:51:14.728196+00:00,shadow,10245.953788137049
2026-09-23T06:00:39.707540+00:00,guarded,10196.101311318005
2026-09-23T06:00:39.708916+00:00,shadow,10245.953788137049
2026-09-23T06:15:39.299185+00:00,guarded,10196.101311318005
2026-09-23T06:15:39.300284+00:00,shadow,10245.953788137049
2026-09-23T06:30:39.677251+00:00,guarded,10196.101311318005
2026-09-23T06:30:39.679254+00:00,shadow,10245.953788137049
2026-09-23T06:45:39.322336+00:00,guarded,10196.101311318005
2026-09-23T06:45:39.323818+00:00,shadow,10245.953788137049
2026-09-23T07:00:52.434524+00:00,guarded,10196.101311318005
2026-09-23T07:00:52.437051+00:00,shadow,10245.953788137049
2026-09-23T07:15:40.426408+00:00,guarded,10196.101311318005
2026-09-23T07:15:40.427756+00:00,shadow,10245.953788137049
2026-09-23T07:30:39.460196+00:00,guarded,10196.101311318005
2026-09-23T07:30:39.461380+00:00,shadow,10245.953788137049
2026-09-23T07:45:38.591100+00:00,guarded,10196.101311318005
2026-09-23T07:45:38.592682+00:00,shadow,10245.953788137049
2026-09-23T08:00:44.940924+00:00,guarded,10196.101311318005
2026-09-23T08:00:44.942499+00:00,shadow,10245.953788137049
2026-09-23T08:16:13.882726+00:00,guarded,10196.101311318005
2026-09-23T08:16:13.883914+00:00,shadow,10245.953788137049
2026-09-23T08:30:42.781921+00:00,guarded,10196.101311318005
2026-09-23T08:30:42.794903+00:00,shadow,10245.953788137049
2026-09-23T08:45:41.855101+00:00,guarded,10196.101311318005
2026-09-23T08:45:41.856292+00:00,shadow,10245.953788137049
2026-09-23T09:00:42.822158+00:00,guarded,10196.101311318005
2026-09-23T09:00:42.823501+00:00,shadow,10245.953788137049
2026-09-23T09:15:38.431327+00:00,guarded,10196.101311318005
2026-09-23T09:15:38.432808+00:00,shadow,10245.953788137049
2026-09-23T09:30:44.785935+00:00,guarded,10196.101311318005
2026-09-23T09:30:44.787186+00:00,shadow,10245.953788137049
2026-09-23T09:45:37.057009+00:00,guarded,10196.101311318005
2026-09-23T09:45:37.065315+00:00,shadow,10245.953788137049
2026-09-23T10:00:42.334438+00:00,guarded,10196.101311318005
2026-09-23T10:00:42.335473+00:00,shadow,10245.953788137049
2026-09-23T10:15:40.851027+00:00,guarded,10196.101311318005
2026-09-23T10:15:40.852199+00:00,shadow,10245.953788137049
2026-09-23T10:30:32.275141+00:00,guarded,10196.101311318005
2026-09-23T10:30:32.276237+00:00,shadow,10245.953788137049
2026-09-23T10:45:37.230473+00:00,guarded,10196.101311318005
2026-09-23T10:45:37.231997+00:00,shadow,10245.953788137049
2026-09-23T11:00:40.499505+00:00,guarded,10196.101311318005
2026-09-23T11:00:40.500742+00:00,shadow,10245.953788137049
2026-09-23T11:15:51.819883+00:00,guarded,10196.101311318005
2026-09-23T11:15:51.821200+00:00,shadow,10243.765920040987
2026-09-23T11:24:34.144773+00:00,guarded,10196.101311318005
2026-09-23T11:24:34.146309+00:00,shadow,10243.765920040987
2026-09-23T11:30:41.033684+00:00,guarded,10196.101311318005
2026-09-23T11:30:41.035102+00:00,shadow,10243.765920040987
2026-09-23T11:45:35.734401+00:00,guarded,10196.101311318005
2026-09-23T11:45:35.735474+00:00,shadow,10243.765920040987
2026-09-23T12:00:46.073620+00:00,guarded,10196.101311318005
2026-09-23T12:00:46.074862+00:00,shadow,10243.765920040987
2026-09-23T12:15:38.421056+00:00,guarded,10196.101311318005
2026-09-23T12:15:38.422355+00:00,shadow,10243.765920040987
2026-09-23T12:30:40.674586+00:00,guarded,10196.101311318005
2026-09-23T12:30:40.676230+00:00,shadow,10243.765920040987
2026-09-23T12:45:37.789526+00:00,guarded,10196.101311318005
2026-09-23T12:45:37.790685+00:00,shadow,10243.765920040987
2026-09-23T13:00:42.627686+00:00,guarded,10196.101311318005
2026-09-23T13:00:42.628904+00:00,shadow,10243.765920040987
2026-09-23T13:15:41.126645+00:00,guarded,10196.101311318005
2026-09-23T13:15:41.128160+00:00,shadow,10243.765920040987
2026-09-23T13:30:41.817490+00:00,guarded,10196.101311318005
2026-09-23T13:30:41.818717+00:00,shadow,10243.765920040987
2026-09-23T13:45:39.820514+00:00,guarded,10196.101311318005
2026-09-23T13:45:39.821819+00:00,shadow,10243.765920040987
2026-09-23T14:00:40.698562+00:00,guarded,10196.101311318005
2026-09-23T14:00:40.699757+00:00,shadow,10243.765920040987
2026-09-23T14:30:45.311167+00:00,guarded,10196.101311318005
2026-09-23T14:30:45.312591+00:00,shadow,10136.4938817797
2026-09-23T14:45:38.601639+00:00,guarded,10196.101311318005
2026-09-23T14:45:38.602897+00:00,shadow,10136.4938817797
2026-09-23T15:01:23.172030+00:00,guarded,10196.101311318005
2026-09-23T15:01:23.173579+00:00,shadow,10136.4938817797
2026-09-23T15:15:40.095529+00:00,guarded,10196.101311318005
2026-09-23T15:15:40.096898+00:00,shadow,10136.4938817797
2026-09-23T15:30:44.578904+00:00,guarded,10196.101311318005
2026-09-23T15:30:44.580413+00:00,shadow,10136.4938817797
2026-09-23T15:45:36.820130+00:00,guarded,10196.101311318005
2026-09-23T15:45:36.821670+00:00,shadow,10136.4938817797
2026-09-23T16:00:51.930984+00:00,guarded,10196.101311318005
2026-09-23T16:00:51.932540+00:00,shadow,10136.4938817797
2026-09-23T16:15:39.963264+00:00,guarded,10196.101311318005
2026-09-23T16:15:39.964434+00:00,shadow,10136.4938817797
2026-09-23T16:30:44.702431+00:00,guarded,10196.101311318005
2026-09-23T16:30:44.703861+00:00,shadow,10136.4938817797
2026-09-23T16:45:44.264592+00:00,guarded,10196.101311318005
2026-09-23T16:45:44.265764+00:00,shadow,10136.4938817797
2026-09-23T16:47:28.307987+00:00,guarded,10196.101311318005
2026-09-23T16:47:28.309235+00:00,shadow,10136.4938817797
2026-09-23T17:00:45.245395+00:00,guarded,10196.101311318005
2026-09-23T17:00:45.246519+00:00,shadow,10136.4938817797
2026-09-23T17:15:35.022091+00:00,guarded,10196.101311318005
2026-09-23T17:15:35.023368+00:00,shadow,10136.4938817797
2026-09-23T17:30:40.900930+00:00,guarded,10196.101311318005
2026-09-23T17:30:40.902609+00:00,shadow,10136.4938817797
2026-09-23T17:45:39.552265+00:00,guarded,10196.101311318005
2026-09-23T17:45:39.553313+00:00,shadow,10136.4938817797
2026-09-23T18:00:40.505817+00:00,guarded,10196.101311318005
2026-09-23T18:00:40.507158+00:00,shadow,10136.4938817797
2026-09-23T18:15:44.857188+00:00,guarded,10196.101311318005
2026-09-23T18:15:44.861164+00:00,shadow,10136.4938817797
2026-09-23T18:30:43.254766+00:00,guarded,10196.101311318005
2026-09-23T18:30:43.256140+00:00,shadow,10136.4938817797
2026-09-23T18:45:43.106400+00:00,guarded,10196.101311318005
2026-09-23T18:45:43.107886+00:00,shadow,10136.4938817797
2026-09-23T19:00:43.379523+00:00,guarded,10196.101311318005
2026-09-23T19:00:43.380765+00:00,shadow,10136.4938817797
2026-09-23T19:15:39.978945+00:00,guarded,10196.101311318005
2026-09-23T19:15:39.980261+00:00,shadow,10136.4938817797
2026-09-23T19:30:44.126887+00:00,guarded,10196.101311318005
2026-09-23T19:30:44.128270+00:00,shadow,10136.4938817797
2026-09-23T19:45:36.228938+00:00,guarded,10196.101311318005
2026-09-23T19:45:36.230226+00:00,shadow,10136.4938817797
2026-09-23T20:00:54.229479+00:00,guarded,10196.101311318005
2026-09-23T20:00:54.230679+00:00,shadow,10136.4938817797
2026-09-23T20:12:27.505795+00:00,guarded,10196.101311318005
2026-09-23T20:12:27.507476+00:00,shadow,10136.4938817797
2026-09-23T20:15:42.338705+00:00,guarded,10196.101311318005
2026-09-23T20:15:42.339903+00:00,shadow,10136.4938817797
2026-09-23T20:30:40.738433+00:00,guarded,10196.101311318005
2026-09-23T20:30:40.739591+00:00,shadow,10136.4938817797
2026-09-23T20:45:35.466009+00:00,guarded,10196.101311318005
2026-09-23T20:45:35.467362+00:00,shadow,10136.4938817797
2026-09-23T21:00:39.954368+00:00,guarded,10196.101311318005
2026-09-23T21:00:39.955588+00:00,shadow,10136.4938817797
2026-09-23T21:15:31.386630+00:00,guarded,10196.101311318005
2026-09-23T21:15:31.390389+00:00,shadow,10136.4938817797
2026-09-23T21:30:38.962811+00:00,guarded,10196.101311318005
2026-09-23T21:30:38.963993+00:00,shadow,10136.4938817797
2026-09-23T21:45:41.289345+00:00,guarded,10196.101311318005
2026-09-23T21:45:41.290726+00:00,shadow,10136.4938817797
2026-09-23T22:00:40.670706+00:00,guarded,10196.101311318005
2026-09-23T22:00:40.672220+00:00,shadow,10136.4938817797
2026-09-23T22:15:44.905727+00:00,guarded,10196.101311318005
2026-09-23T22:15:44.907110+00:00,shadow,10136.4938817797
2026-09-23T22:30:41.382289+00:00,guarded,10196.101311318005
2026-09-23T22:30:41.383515+00:00,shadow,10136.4938817797
2026-09-23T22:45:46.808453+00:00,guarded,10196.101311318005
2026-09-23T22:45:46.809690+00:00,shadow,10136.4938817797
2026-09-23T23:00:39.159652+00:00,guarded,10196.101311318005
2026-09-23T23:00:39.160981+00:00,shadow,10136.4938817797
2026-09-23T23:15:38.333313+00:00,guarded,10196.101311318005
2026-09-23T23:15:38.334625+00:00,shadow,10136.4938817797
2026-09-23T23:31:17.855651+00:00,guarded,10196.101311318005
2026-09-23T23:31:17.857310+00:00,shadow,10136.4938817797
2026-09-23T23:36:47.776084+00:00,guarded,10196.101311318005
2026-09-23T23:36:47.777455+00:00,shadow,10136.4938817797
2026-09-23T23:45:31.387524+00:00,guarded,10196.101311318005
2026-09-23T23:45:31.388466+00:00,shadow,10136.4938817797
2026-09-24T00:00:38.465066+00:00,guarded,10196.101311318005
2026-09-24T00:00:38.466131+00:00,shadow,10136.4938817797
2026-09-24T00:15:40.216124+00:00,guarded,10196.101311318005
2026-09-24T00:15:40.217455+00:00,shadow,10136.4938817797
2026-09-24T00:30:43.209615+00:00,guarded,10196.101311318005
2026-09-24T00:30:43.212688+00:00,shadow,10136.4938817797
2026-09-24T00:45:38.299623+00:00,guarded,10196.101311318005
2026-09-24T00:45:38.300849+00:00,shadow,10136.4938817797
2026-09-24T01:00:41.232262+00:00,guarded,10196.101311318005
2026-09-24T01:00:41.233485+00:00,shadow,10136.4938817797
2026-09-24T01:15:31.204627+00:00,guarded,10196.101311318005
2026-09-24T01:15:31.205932+00:00,shadow,10136.4938817797
2026-09-24T01:30:36.439408+00:00,guarded,10196.101311318005
2026-09-24T01:30:36.440754+00:00,shadow,10136.4938817797
2026-09-24T01:45:35.205931+00:00,guarded,10196.101311318005
2026-09-24T01:45:35.210336+00:00,shadow,10136.4938817797
2026-09-24T02:00:40.038139+00:00,guarded,10196.101311318005
2026-09-24T02:00:40.039205+00:00,shadow,10136.4938817797
2026-09-24T02:15:36.903183+00:00,guarded,10196.101311318005
2026-09-24T02:15:36.904164+00:00,shadow,10136.4938817797
2026-09-24T02:30:39.852882+00:00,guarded,10196.101311318005
2026-09-24T02:30:39.853687+00:00,shadow,10136.4938817797
2026-09-24T02:45:40.572773+00:00,guarded,10196.101311318005
2026-09-24T02:45:40.573856+00:00,shadow,10136.4938817797
2026-09-24T03:00:41.109689+00:00,guarded,10196.101311318005
2026-09-24T03:00:41.111048+00:00,shadow,10136.4938817797
2026-09-24T03:15:34.581145+00:00,guarded,10196.101311318005
2026-09-24T03:15:34.582472+00:00,shadow,10136.4938817797
2026-09-24T03:30:39.166724+00:00,guarded,10196.101311318005
2026-09-24T03:30:39.168266+00:00,shadow,10136.4938817797
2026-09-24T03:45:33.738593+00:00,guarded,10196.101311318005
2026-09-24T03:45:33.964701+00:00,shadow,10136.4938817797
2026-09-24T04:00:36.383759+00:00,guarded,10196.101311318005
2026-09-24T04:00:36.385311+00:00,shadow,10136.4938817797
2026-09-24T04:15:40.161753+00:00,guarded,10196.101311318005
2026-09-24T04:15:40.163866+00:00,shadow,10136.4938817797
2026-09-24T04:31:17.667597+00:00,guarded,10196.101311318005
2026-09-24T04:31:17.668999+00:00,shadow,10136.4938817797
2026-09-24T04:35:24.052246+00:00,guarded,10196.101311318005
2026-09-24T04:35:24.053749+00:00,shadow,10136.4938817797
2026-09-24T04:45:42.222839+00:00,guarded,10196.101311318005
2026-09-24T04:45:42.224162+00:00,shadow,10136.4938817797
2026-09-24T05:00:43.138594+00:00,guarded,10196.101311318005
2026-09-24T05:00:43.140146+00:00,shadow,10136.4938817797
2026-09-24T05:15:38.240263+00:00,guarded,10196.101311318005
2026-09-24T05:15:38.241444+00:00,shadow,10136.4938817797
2026-09-24T05:30:40.585030+00:00,guarded,10196.101311318005
2026-09-24T05:30:40.586204+00:00,shadow,10136.4938817797
2026-09-24T05:45:40.166870+00:00,guarded,10196.101311318005
2026-09-24T05:45:40.168438+00:00,shadow,10136.4938817797
2026-09-24T06:00:42.037418+00:00,guarded,10196.101311318005
2026-09-24T06:00:42.038698+00:00,shadow,10136.4938817797
2026-09-24T06:15:40.106497+00:00,guarded,10196.101311318005
2026-09-24T06:15:40.107752+00:00,shadow,10136.4938817797
2026-09-24T06:31:00.354581+00:00,guarded,10196.101311318005
2026-09-24T06:31:00.356094+00:00,shadow,10136.4938817797
2026-09-24T06:45:36.478450+00:00,guarded,10196.101311318005
2026-09-24T06:45:36.480524+00:00,shadow,10136.4938817797
2026-09-24T07:00:44.075728+00:00,guarded,10196.101311318005
2026-09-24T07:00:44.077061+00:00,shadow,10136.4938817797
2026-09-24T07:15:41.019285+00:00,guarded,10196.101311318005
2026-09-24T07:15:41.020318+00:00,shadow,10136.4938817797
2026-09-24T07:30:45.800722+00:00,guarded,10196.101311318005
2026-09-24T07:30:45.802672+00:00,shadow,10136.4938817797
2026-09-24T07:45:40.310999+00:00,guarded,10196.101311318005
2026-09-24T07:45:40.312258+00:00,shadow,10136.4938817797
2026-09-24T08:00:40.010470+00:00,guarded,10196.101311318005
2026-09-24T08:00:40.012302+00:00,shadow,10136.4938817797
2026-09-24T08:15:50.533674+00:00,guarded,10196.101311318005
2026-09-24T08:15:50.535019+00:00,shadow,10136.4938817797
2026-09-24T08:30:44.816768+00:00,guarded,10196.101311318005
2026-09-24T08:30:44.818426+00:00,shadow,10136.4938817797
2026-09-24T08:45:39.234119+00:00,guarded,10196.101311318005
2026-09-24T08:45:39.235464+00:00,shadow,10136.4938817797
2026-09-24T09:00:55.388954+00:00,guarded,10196.101311318005
2026-09-24T09:00:55.401981+00:00,shadow,10136.4938817797
2026-09-24T09:15:37.905221+00:00,guarded,10196.101311318005
2026-09-24T09:15:37.906553+00:00,shadow,10136.4938817797
2026-09-24T09:30:45.016009+00:00,guarded,10196.101311318005
2026-09-24T09:30:45.062309+00:00,shadow,10136.4938817797
2026-09-24T09:45:37.902524+00:00,guarded,10196.101311318005
2026-09-24T09:45:37.903746+00:00,shadow,10136.4938817797
2026-09-24T09:54:04.318560+00:00,guarded,10196.101311318005
2026-09-24T09:54:04.319765+00:00,shadow,10136.4938817797
2026-09-24T10:00:44.056239+00:00,guarded,10196.101311318005
2026-09-24T10:00:44.059608+00:00,shadow,10136.4938817797
2026-09-24T10:15:43.121174+00:00,guarded,10196.101311318005
2026-09-24T10:15:43.122403+00:00,shadow,10136.4938817797
2026-09-24T10:30:41.913875+00:00,guarded,10196.101311318005
2026-09-24T10:30:41.915115+00:00,shadow,10136.4938817797
2026-09-24T10:45:39.484993+00:00,guarded,10196.101311318005
2026-09-24T10:45:39.486251+00:00,shadow,10136.4938817797
2026-09-24T11:00:43.993738+00:00,guarded,10196.101311318005
2026-09-24T11:00:43.995007+00:00,shadow,10136.4938817797
2026-09-24T11:16:13.941233+00:00,guarded,10196.101311318005
2026-09-24T11:16:13.942390+00:00,shadow,10136.4938817797
2026-09-24T11:30:42.202509+00:00,guarded,10196.101311318005
2026-09-24T11:30:42.203738+00:00,shadow,10136.4938817797
2026-09-24T11:45:38.318311+00:00,guarded,10196.101311318005
2026-09-24T11:45:38.320062+00:00,shadow,10136.4938817797
2026-09-24T12:00:43.953896+00:00,guarded,10196.101311318005
2026-09-24T12:00:43.955021+00:00,shadow,10136.4938817797
2026-09-24T12:15:42.345007+00:00,guarded,10196.101311318005
2026-09-24T12:15:42.346536+00:00,shadow,10136.4938817797
2026-09-24T12:30:40.778359+00:00,guarded,10196.101311318005
2026-09-24T12:30:40.779487+00:00,shadow,10136.4938817797
2026-09-24T12:45:40.023360+00:00,guarded,10196.101311318005
2026-09-24T12:45:40.025548+00:00,shadow,10136.4938817797
2026-09-24T13:00:40.736346+00:00,guarded,10196.101311318005
2026-09-24T13:00:40.806057+00:00,shadow,10136.4938817797
2026-09-24T13:15:42.133720+00:00,guarded,10196.101311318005
2026-09-24T13:15:42.134810+00:00,shadow,10136.4938817797
2026-09-24T13:30:42.214393+00:00,guarded,10196.101311318005
2026-09-24T13:30:42.215524+00:00,shadow,10136.4938817797
2026-09-24T13:45:55.716288+00:00,guarded,10196.101311318005
2026-09-24T13:45:55.717703+00:00,shadow,10136.4938817797
2026-09-24T14:00:47.340016+00:00,guarded,10196.101311318005
2026-09-24T14:00:47.341419+00:00,shadow,10136.4938817797
2026-09-24T14:15:44.032632+00:00,guarded,10196.101311318005
2026-09-24T14:15:44.033841+00:00,shadow,10136.4938817797
2026-09-24T14:30:42.669248+00:00,guarded,10196.101311318005
2026-09-24T14:30:42.670939+00:00,shadow,10136.4938817797
2026-09-24T14:45:41.540728+00:00,guarded,10196.101311318005
2026-09-24T14:45:41.542054+00:00,shadow,10136.4938817797
2026-09-24T14:55:55.714187+00:00,guarded,10196.101311318005
2026-09-24T14:55:55.715590+00:00,shadow,10136.4938817797
2026-09-24T15:00:48.996369+00:00,guarded,10196.101311318005
2026-09-24T15:00:48.997857+00:00,shadow,10136.4938817797
2026-09-24T15:15:41.132083+00:00,guarded,10196.101311318005
2026-09-24T15:15:41.133835+00:00,shadow,10136.4938817797
2026-09-24T15:30:39.730935+00:00,guarded,10196.101311318005
2026-09-24T15:30:39.732628+00:00,shadow,10136.4938817797
2026-09-24T15:45:55.595037+00:00,guarded,10196.101311318005
2026-09-24T15:45:55.596222+00:00,shadow,10136.4938817797
2026-09-24T16:00:45.780116+00:00,guarded,10196.101311318005
2026-09-24T16:00:45.781571+00:00,shadow,10136.4938817797
2026-09-24T16:16:13.954286+00:00,guarded,10196.101311318005
2026-09-24T16:16:13.955666+00:00,shadow,10136.4938817797
2026-09-24T16:31:18.374207+00:00,guarded,10196.101311318005
2026-09-24T16:31:18.375672+00:00,shadow,10136.4938817797
2026-09-24T16:45:38.252370+00:00,guarded,10196.101311318005
2026-09-24T16:45:38.253626+00:00,shadow,10136.4938817797
2026-09-24T17:00:41.454546+00:00,guarded,10196.101311318005
2026-09-24T17:00:41.455852+00:00,shadow,10136.4938817797
2026-09-24T17:15:38.248583+00:00,guarded,10196.101311318005
2026-09-24T17:15:38.249835+00:00,shadow,10136.4938817797
2026-09-24T17:30:40.173145+00:00,guarded,10196.101311318005
2026-09-24T17:30:40.183319+00:00,shadow,10136.4938817797
2026-09-24T17:45:45.131530+00:00,guarded,10196.101311318005
2026-09-24T17:45:45.133916+00:00,shadow,10136.4938817797
2026-09-24T18:00:40.257331+00:00,guarded,10196.101311318005
2026-09-24T18:00:40.258520+00:00,shadow,10136.4938817797
2026-09-24T18:15:47.323898+00:00,guarded,10196.101311318005
2026-09-24T18:15:47.325117+00:00,shadow,10136.4938817797
2026-09-24T18:30:40.648582+00:00,guarded,10196.101311318005
2026-09-24T18:30:40.650122+00:00,shadow,10136.4938817797
2026-09-24T18:45:38.323611+00:00,guarded,10196.101311318005
2026-09-24T18:45:38.324854+00:00,shadow,10136.4938817797
2026-09-24T19:00:52.792436+00:00,guarded,10196.101311318005
2026-09-24T19:00:52.793831+00:00,shadow,10136.4938817797
2026-09-24T19:02:14.011585+00:00,guarded,10196.101311318005
2026-09-24T19:02:14.013070+00:00,shadow,10136.4938817797
2026-09-24T19:15:40.634378+00:00,guarded,10196.101311318005
2026-09-24T19:15:40.635657+00:00,shadow,10136.4938817797
2026-09-24T19:30:40.823770+00:00,guarded,10196.101311318005
2026-09-24T19:30:40.824955+00:00,shadow,10136.4938817797
2026-09-24T19:45:43.210888+00:00,guarded,10196.101311318005
2026-09-24T19:45:43.212084+00:00,shadow,10136.4938817797
2026-09-24T20:00:47.431948+00:00,guarded,10196.101311318005
2026-09-24T20:00:47.433435+00:00,shadow,10136.4938817797
2026-09-24T20:15:38.421631+00:00,guarded,10196.101311318005
2026-09-24T20:15:38.422814+00:00,shadow,10136.4938817797
2026-09-24T20:30:39.172959+00:00,guarded,10196.101311318005
2026-09-24T20:30:39.174258+00:00,shadow,10136.4938817797
2026-09-24T20:45:36.671622+00:00,guarded,10196.101311318005
2026-09-24T20:45:36.672932+00:00,shadow,10136.4938817797
2026-09-24T21:00:41.385547+00:00,guarded,10196.101311318005
2026-09-24T21:00:41.386844+00:00,shadow,10136.4938817797
2026-09-24T21:15:37.980994+00:00,guarded,10196.101311318005
2026-09-24T21:15:37.983386+00:00,shadow,10136.4938817797
2026-09-24T21:30:45.647531+00:00,guarded,10196.101311318005
2026-09-24T21:30:45.648739+00:00,shadow,10136.4938817797
2026-09-24T21:45:39.960456+00:00,guarded,10196.101311318005
2026-09-24T21:45:39.961764+00:00,shadow,10136.4938817797
2026-09-24T22:00:51.807244+00:00,guarded,10196.101311318005
2026-09-24T22:00:51.808561+00:00,shadow,10136.4938817797
2026-09-24T22:15:03.316858+00:00,guarded,10196.101311318005
2026-09-24T22:15:03.318019+00:00,shadow,10136.4938817797
2026-09-24T22:15:40.236925+00:00,guarded,10196.101311318005
2026-09-24T22:15:40.238856+00:00,shadow,10136.4938817797
2026-09-24T22:30:41.442836+00:00,guarded,10196.101311318005
2026-09-24T22:30:41.444058+00:00,shadow,10136.4938817797
2026-09-24T22:45:46.296036+00:00,guarded,10196.101311318005
2026-09-24T22:45:46.297110+00:00,shadow,10136.4938817797
2026-09-24T23:00:36.838414+00:00,guarded,10196.101311318005
2026-09-24T23:00:36.839558+00:00,shadow,10136.4938817797
2026-09-24T23:15:35.133451+00:00,guarded,10196.101311318005
2026-09-24T23:15:35.134768+00:00,shadow,10136.4938817797
2026-09-24T23:30:39.687456+00:00,guarded,10196.101311318005
2026-09-24T23:30:39.688605+00:00,shadow,10136.4938817797
2026-09-24T23:45:39.515660+00:00,guarded,10196.101311318005
2026-09-24T23:45:39.536471+00:00,shadow,10136.4938817797
2026-09-25T00:00:51.640677+00:00,guarded,10196.101311318005
2026-09-25T00:00:51.641751+00:00,shadow,10136.4938817797
2026-09-25T00:15:36.723769+00:00,guarded,10196.101311318005
2026-09-25T00:15:36.725121+00:00,shadow,10136.4938817797
2026-09-25T00:30:39.573102+00:00,guarded,10196.101311318005
2026-09-25T00:30:39.574396+00:00,shadow,10136.4938817797
2026-09-25T00:45:36.035682+00:00,guarded,10196.101311318005
2026-09-25T00:45:36.045750+00:00,shadow,10136.4938817797
2026-09-25T01:00:44.240632+00:00,guarded,10196.101311318005
2026-09-25T01:00:44.242503+00:00,shadow,10136.4938817797
2026-09-25T01:15:35.386310+00:00,guarded,10196.101311318005
2026-09-25T01:15:35.387461+00:00,shadow,10136.4938817797
2026-09-25T01:24:12.053189+00:00,guarded,10196.101311318005
2026-09-25T01:24:12.054675+00:00,shadow,10136.4938817797
2026-09-25T01:30:39.336515+00:00,guarded,10196.101311318005
2026-09-25T01:30:39.337713+00:00,shadow,10136.4938817797
2026-09-25T01:45:35.151469+00:00,guarded,10196.101311318005
2026-09-25T01:45:35.222475+00:00,shadow,10136.4938817797
2026-09-25T02:00:41.438330+00:00,guarded,10196.101311318005
2026-09-25T02:00:41.439280+00:00,shadow,10136.4938817797
2026-09-25T02:15:38.074306+00:00,guarded,10196.101311318005
2026-09-25T02:15:38.075419+00:00,shadow,10136.4938817797
2026-09-25T02:30:43.003143+00:00,guarded,10196.101311318005
2026-09-25T02:30:43.004172+00:00,shadow,10136.4938817797
2026-09-25T02:45:37.831686+00:00,guarded,10196.101311318005
2026-09-25T02:45:37.832824+00:00,shadow,10136.4938817797
2026-09-25T03:00:43.375883+00:00,guarded,10196.101311318005
2026-09-25T03:00:43.377090+00:00,shadow,10136.4938817797
2026-09-25T03:15:42.068092+00:00,guarded,10196.101311318005
2026-09-25T03:15:42.069509+00:00,shadow,10136.4938817797
2026-09-25T03:30:38.022339+00:00,guarded,10196.101311318005
2026-09-25T03:30:38.023602+00:00,shadow,10136.4938817797
2026-09-25T03:45:38.483089+00:00,guarded,10196.101311318005
2026-09-25T03:45:38.484412+00:00,shadow,10136.4938817797
2026-09-25T04:00:42.440669+00:00,guarded,10196.101311318005
2026-09-25T04:00:42.441866+00:00,shadow,10136.4938817797
2026-09-25T04:15:37.877161+00:00,guarded,10196.101311318005
2026-09-25T04:15:37.878416+00:00,shadow,10136.4938817797
2026-09-25T04:30:38.843488+00:00,guarded,10196.101311318005
2026-09-25T04:30:38.844988+00:00,shadow,10136.4938817797
2026-09-25T04:45:37.339488+00:00,guarded,10196.101311318005
2026-09-25T04:45:37.340607+00:00,shadow,10136.4938817797
2026-09-25T05:00:41.929478+00:00,guarded,10196.101311318005
2026-09-25T05:00:41.930886+00:00,shadow,10136.4938817797
2026-09-25T05:15:38.017386+00:00,guarded,10196.101311318005
2026-09-25T05:15:38.018530+00:00,shadow,10136.4938817797
2026-09-25T05:30:51.532627+00:00,guarded,10196.101311318005
2026-09-25T05:30:51.579570+00:00,shadow,10136.4938817797
2026-09-25T05:45:35.422499+00:00,guarded,10196.101311318005
2026-09-25T05:45:35.423673+00:00,shadow,10136.4938817797
2026-09-25T06:00:37.148260+00:00,guarded,10196.101311318005
2026-09-25T06:00:37.149473+00:00,shadow,10136.4938817797
2026-09-25T06:15:35.877179+00:00,guarded,10196.101311318005
2026-09-25T06:15:35.878505+00:00,shadow,10136.4938817797
2026-09-25T06:30:46.862922+00:00,guarded,10196.101311318005
2026-09-25T06:30:46.863999+00:00,shadow,10136.4938817797
2026-09-25T06:45:40.643965+00:00,guarded,10196.101311318005
2026-09-25T06:45:40.644953+00:00,shadow,10136.4938817797
2026-09-25T07:00:42.228676+00:00,guarded,10196.101311318005
2026-09-25T07:00:42.229614+00:00,shadow,10136.4938817797
2026-09-25T07:16:14.107369+00:00,guarded,10196.101311318005
2026-09-25T07:16:14.108520+00:00,shadow,10136.4938817797
2026-09-25T07:30:43.874936+00:00,guarded,10196.101311318005
2026-09-25T07:30:43.876060+00:00,shadow,10136.4938817797
2026-09-25T07:39:42.748600+00:00,guarded,10196.101311318005
2026-09-25T07:39:42.756122+00:00,shadow,10136.4938817797
2026-09-25T07:45:41.989158+00:00,guarded,10196.101311318005
2026-09-25T07:45:41.990588+00:00,shadow,10136.4938817797
2026-09-25T08:00:40.457799+00:00,guarded,10196.101311318005
2026-09-25T08:00:40.494665+00:00,shadow,10136.4938817797
2026-09-25T08:15:40.586539+00:00,guarded,10196.101311318005
2026-09-25T08:15:40.587714+00:00,shadow,10136.4938817797
2026-09-25T08:30:37.799821+00:00,guarded,10196.101311318005
2026-09-25T08:30:37.819519+00:00,shadow,10136.4938817797
2026-09-25T08:46:16.040396+00:00,guarded,10196.101311318005
2026-09-25T08:46:16.041467+00:00,shadow,10136.4938817797
2026-09-25T09:00:45.046793+00:00,guarded,10196.101311318005
2026-09-25T09:00:45.048428+00:00,shadow,10136.4938817797
2026-09-25T09:15:49.558602+00:00,guarded,10196.101311318005
2026-09-25T09:15:49.559847+00:00,shadow,10136.4938817797
2026-09-25T09:31:20.190283+00:00,guarded,10196.101311318005
2026-09-25T09:31:20.192003+00:00,shadow,10136.4938817797
2026-09-25T09:45:38.023794+00:00,guarded,10196.101311318005
2026-09-25T09:45:38.024914+00:00,shadow,10136.4938817797
2026-09-25T10:00:41.344585+00:00,guarded,10196.101311318005
2026-09-25T10:00:41.345583+00:00,shadow,10136.4938817797
2026-09-25T10:15:40.327334+00:00,guarded,10196.101311318005
2026-09-25T10:15:40.328338+00:00,shadow,10136.4938817797
2026-09-25T10:30:41.075699+00:00,guarded,10196.101311318005
2026-09-25T10:30:41.076816+00:00,shadow,10136.4938817797
2026-09-25T10:45:33.313374+00:00,guarded,10196.101311318005
2026-09-25T10:45:33.314224+00:00,shadow,10136.4938817797
2026-09-25T11:00:43.866671+00:00,guarded,10196.101311318005
2026-09-25T11:00:43.867853+00:00,shadow,10136.4938817797
2026-09-25T11:15:31.570378+00:00,guarded,10196.101311318005
2026-09-25T11:15:31.571357+00:00,shadow,10136.4938817797
2026-09-25T11:30:44.412833+00:00,guarded,10196.101311318005
2026-09-25T11:30:44.414957+00:00,shadow,10136.4938817797
2026-09-25T11:46:17.726817+00:00,guarded,10196.101311318005
2026-09-25T11:46:17.728010+00:00,shadow,10136.4938817797
2026-09-25T12:00:43.690342+00:00,guarded,10196.101311318005
2026-09-25T12:00:43.691582+00:00,shadow,10136.4938817797
2026-09-25T12:15:38.539467+00:00,guarded,10196.101311318005
2026-09-25T12:15:38.540778+00:00,shadow,10136.4938817797
2026-09-25T12:30:39.359809+00:00,guarded,10196.101311318005
2026-09-25T12:30:39.361041+00:00,shadow,10136.4938817797
2026-09-25T12:45:38.872296+00:00,guarded,10196.101311318005
2026-09-25T12:45:38.873526+00:00,shadow,10136.4938817797
2026-09-25T13:00:46.752809+00:00,guarded,10196.101311318005
2026-09-25T13:00:46.754184+00:00,shadow,10136.4938817797
2026-09-25T13:16:14.219359+00:00,guarded,10196.101311318005
2026-09-25T13:16:14.220536+00:00,shadow,10136.4938817797
2026-09-25T13:30:45.643480+00:00,guarded,10196.101311318005
2026-09-25T13:30:45.644623+00:00,shadow,10136.4938817797
2026-09-25T13:38:45.772482+00:00,guarded,10196.101311318005
2026-09-25T13:38:46.252251+00:00,shadow,10136.4938817797
2026-09-25T13:45:39.313599+00:00,guarded,10196.101311318005
2026-09-25T13:45:39.328571+00:00,shadow,10136.4938817797
2026-09-25T14:00:48.895195+00:00,guarded,10196.101311318005
2026-09-25T14:00:48.919664+00:00,shadow,10136.4938817797
2026-09-25T14:15:40.151244+00:00,guarded,10196.101311318005
2026-09-25T14:15:40.152373+00:00,shadow,10136.4938817797
2026-09-25T14:30:34.375941+00:00,guarded,10196.101311318005
2026-09-25T14:30:34.376825+00:00,shadow,10136.4938817797
2026-09-25T14:45:41.959248+00:00,guarded,10196.101311318005
2026-09-25T14:45:41.960614+00:00,shadow,10136.4938817797
2026-09-25T15:00:42.987217+00:00,guarded,10196.101311318005
2026-09-25T15:00:42.988526+00:00,shadow,10136.4938817797
2026-09-25T15:15:36.109836+00:00,guarded,10196.101311318005
2026-09-25T15:15:36.111137+00:00,shadow,10136.4938817797
2026-09-25T15:30:40.357590+00:00,guarded,10196.101311318005
2026-09-25T15:30:40.358847+00:00,shadow,10136.4938817797
2026-09-25T15:45:37.251885+00:00,guarded,10196.101311318005
2026-09-25T15:45:37.322673+00:00,shadow,10136.4938817797
2026-09-25T16:00:47.169556+00:00,guarded,10196.101311318005
2026-09-25T16:00:47.170985+00:00,shadow,10136.4938817797
2026-09-25T16:15:35.072121+00:00,guarded,10196.101311318005
2026-09-25T16:15:35.073308+00:00,shadow,10136.4938817797
2026-09-25T16:30:38.901535+00:00,guarded,10196.101311318005
2026-09-25T16:30:38.902918+00:00,shadow,10136.4938817797
2026-09-25T16:45:42.720355+00:00,guarded,10196.101311318005
2026-09-25T16:45:42.721656+00:00,shadow,10136.4938817797
2026-09-25T17:00:52.083271+00:00,guarded,10196.101311318005
2026-09-25T17:00:52.084461+00:00,shadow,10136.4938817797
2026-09-25T17:15:37.493795+00:00,guarded,10196.101311318005
2026-09-25T17:15:37.494961+00:00,shadow,10136.4938817797
2026-09-25T17:30:38.476713+00:00,guarded,10196.101311318005
2026-09-25T17:30:38.478087+00:00,shadow,10136.4938817797
2026-09-25T17:45:37.016833+00:00,guarded,10196.101311318005
2026-09-25T17:45:37.444445+00:00,shadow,10136.4938817797
2026-09-25T18:00:41.116300+00:00,guarded,10196.101311318005
2026-09-25T18:00:41.117542+00:00,shadow,10136.4938817797
2026-09-25T18:15:40.432114+00:00,guarded,10196.101311318005
2026-09-25T18:15:40.438316+00:00,shadow,10136.4938817797
2026-09-25T18:30:20.330444+00:00,guarded,10196.101311318005
2026-09-25T18:30:20.331924+00:00,shadow,10136.4938817797
2026-09-25T18:30:54.723426+00:00,guarded,10196.101311318005
2026-09-25T18:30:54.729753+00:00,shadow,10136.4938817797
2026-09-25T18:45:38.601202+00:00,guarded,10196.101311318005
2026-09-25T18:45:38.602433+00:00,shadow,10136.4938817797
2026-09-25T19:00:44.057205+00:00,guarded,10196.101311318005
2026-09-25T19:00:44.058391+00:00,shadow,10136.4938817797
2026-09-25T19:15:38.664849+00:00,guarded,10196.101311318005
2026-09-25T19:15:38.666114+00:00,shadow,10136.4938817797
2026-09-25T19:30:38.694856+00:00,guarded,10196.101311318005
2026-09-25T19:30:38.695982+00:00,shadow,10136.4938817797
2026-09-25T19:45:39.349215+00:00,guarded,10196.101311318005
2026-09-25T19:45:39.350351+00:00,shadow,10136.4938817797
2026-09-25T20:00:39.936184+00:00,guarded,10196.101311318005
2026-09-25T20:00:39.937443+00:00,shadow,10136.4938817797
2026-09-25T20:15:38.349621+00:00,guarded,10196.101311318005
2026-09-25T20:15:38.350965+00:00,shadow,10136.4938817797
2026-09-25T20:30:39.494425+00:00,guarded,10196.101311318005
2026-09-25T20:30:39.495746+00:00,shadow,10136.4938817797
2026-09-25T20:45:38.596726+00:00,guarded,10196.101311318005
2026-09-25T20:45:38.597957+00:00,shadow,10136.4938817797
2026-09-25T21:00:41.879824+00:00,guarded,10196.101311318005
2026-09-25T21:00:41.881040+00:00,shadow,10136.4938817797
2026-09-25T21:15:43.717747+00:00,guarded,10196.101311318005
2026-09-25T21:15:43.719052+00:00,shadow,10136.4938817797
2026-09-25T21:30:42.006351+00:00,guarded,10196.101311318005
2026-09-25T21:30:42.007472+00:00,shadow,10136.4938817797
2026-09-25T21:45:39.635773+00:00,guarded,10196.101311318005
2026-09-25T21:45:39.637055+00:00,shadow,10136.4938817797
2026-09-25T22:00:39.311848+00:00,guarded,10196.101311318005
2026-09-25T22:00:39.313425+00:00,shadow,10136.4938817797
2026-09-25T22:13:36.239618+00:00,guarded,10196.101311318005
2026-09-25T22:13:36.241073+00:00,shadow,10136.4938817797
2026-09-25T22:15:35.928787+00:00,guarded,10196.101311318005
2026-09-25T22:15:35.930003+00:00,shadow,10136.4938817797
2026-09-25T22:30:40.582664+00:00,guarded,10196.101311318005
2026-09-25T22:30:40.583995+00:00,shadow,10136.4938817797
2026-09-25T22:45:39.925760+00:00,guarded,10196.101311318005
2026-09-25T22:45:39.927549+00:00,shadow,10136.4938817797
2026-09-25T23:00:47.471280+00:00,guarded,10196.101311318005
2026-09-25T23:00:47.472885+00:00,shadow,10136.4938817797
2026-09-25T23:15:38.020735+00:00,guarded,10196.101311318005
2026-09-25T23:15:38.021957+00:00,shadow,10136.4938817797
2026-09-25T23:30:39.885862+00:00,guarded,10196.101311318005
2026-09-25T23:30:39.887523+00:00,shadow,10136.4938817797
2026-09-25T23:45:37.900838+00:00,guarded,10196.101311318005
2026-09-25T23:45:37.902021+00:00,shadow,10136.4938817797
2026-09-26T00:00:44.936550+00:00,guarded,10196.101311318005
2026-09-26T00:00:44.937655+00:00,shadow,10136.4938817797
2026-09-26T00:15:37.359856+00:00,guarded,10196.101311318005
2026-09-26T00:15:37.360979+00:00,shadow,10136.4938817797
2026-09-26T00:30:46.531111+00:00,guarded,10196.101311318005
2026-09-26T00:30:46.532478+00:00,shadow,10136.4938817797
2026-09-26T00:45:36.513160+00:00,guarded,10196.101311318005
2026-09-26T00:45:36.514264+00:00,shadow,10136.4938817797
2026-09-26T01:00:40.203178+00:00,guarded,10196.101311318005
2026-09-26T01:00:40.204762+00:00,shadow,10136.4938817797
2026-09-26T01:15:40.617428+00:00,guarded,10196.101311318005
2026-09-26T01:15:40.618652+00:00,shadow,10136.4938817797
2026-09-26T01:27:41.239484+00:00,guarded,10196.101311318005
2026-09-26T01:27:41.241040+00:00,shadow,10136.4938817797
2026-09-26T01:30:39.686494+00:00,guarded,10196.101311318005
2026-09-26T01:30:39.687564+00:00,shadow,10136.4938817797
2026-09-26T01:45:39.266593+00:00,guarded,10196.101311318005
2026-09-26T01:45:39.267777+00:00,shadow,10136.4938817797
2026-09-26T02:00:36.945635+00:00,guarded,10196.101311318005
2026-09-26T02:00:36.961724+00:00,shadow,10136.4938817797
2026-09-26T02:15:38.228520+00:00,guarded,10196.101311318005
2026-09-26T02:15:38.229729+00:00,shadow,10136.4938817797
2026-09-26T02:30:40.601568+00:00,guarded,10196.101311318005
2026-09-26T02:30:40.603154+00:00,shadow,10136.4938817797
2026-09-26T02:45:36.536085+00:00,guarded,10196.101311318005
2026-09-26T02:45:36.537362+00:00,shadow,10136.4938817797
2026-09-26T03:00:41.194411+00:00,guarded,10196.101311318005
2026-09-26T03:00:41.195919+00:00,shadow,10136.4938817797
2026-09-26T03:15:37.564972+00:00,guarded,10196.101311318005
2026-09-26T03:15:37.566279+00:00,shadow,10136.4938817797
2026-09-26T03:30:39.141991+00:00,guarded,10196.101311318005
2026-09-26T03:30:39.143102+00:00,shadow,10136.4938817797
2026-09-26T03:46:13.913561+00:00,guarded,10196.101311318005
2026-09-26T03:46:13.914865+00:00,shadow,10136.4938817797
2026-09-26T04:00:43.824573+00:00,guarded,10196.101311318005
2026-09-26T04:00:43.825640+00:00,shadow,10136.4938817797
2026-09-26T04:15:35.629267+00:00,guarded,10196.101311318005
2026-09-26T04:15:35.630422+00:00,shadow,10136.4938817797
2026-09-26T04:30:37.905135+00:00,guarded,10196.101311318005
2026-09-26T04:30:37.906271+00:00,shadow,10136.4938817797
2026-09-26T04:45:38.062549+00:00,guarded,10196.101311318005
2026-09-26T04:45:38.063986+00:00,shadow,10136.4938817797
2026-09-26T05:00:40.623810+00:00,guarded,10196.101311318005
2026-09-26T05:00:40.624942+00:00,shadow,10136.4938817797
2026-09-26T05:15:33.493538+00:00,guarded,10196.101311318005
2026-09-26T05:15:33.494810+00:00,shadow,10136.4938817797
2026-09-26T05:30:39.629137+00:00,guarded,10196.101311318005
2026-09-26T05:30:39.630307+00:00,shadow,10136.4938817797
2026-09-26T05:45:36.267502+00:00,guarded,10196.101311318005
2026-09-26T05:45:36.268721+00:00,shadow,10136.4938817797
2026-09-26T06:00:33.886618+00:00,guarded,10196.101311318005
2026-09-26T06:00:33.889100+00:00,shadow,10136.4938817797
2026-09-26T06:15:37.178206+00:00,guarded,10196.101311318005
2026-09-26T06:15:37.180360+00:00,shadow,10136.4938817797
2026-09-26T06:30:42.332258+00:00,guarded,10196.101311318005
2026-09-26T06:30:42.333435+00:00,shadow,10136.4938817797
2026-09-26T06:45:35.756169+00:00,guarded,10196.101311318005
2026-09-26T06:45:35.757272+00:00,shadow,10136.4938817797
2026-09-26T07:00:42.402816+00:00,guarded,10196.101311318005
2026-09-26T07:00:42.404022+00:00,shadow,10136.4938817797
2026-09-26T07:15:41.799727+00:00,guarded,10196.101311318005
2026-09-26T07:15:41.801052+00:00,shadow,10136.4938817797
2026-09-26T07:30:44.015576+00:00,guarded,10196.101311318005
2026-09-26T07:30:44.016881+00:00,shadow,10136.4938817797
2026-09-26T07:32:21.188040+00:00,guarded,10196.101311318005
2026-09-26T07:32:21.189598+00:00,shadow,10136.4938817797
2026-09-26T07:45:36.422680+00:00,guarded,10196.101311318005
2026-09-26T07:45:36.424373+00:00,shadow,10136.4938817797
2026-09-26T08:00:41.816885+00:00,guarded,10196.101311318005
2026-09-26T08:00:41.818319+00:00,shadow,10136.4938817797
2026-09-26T08:15:37.461586+00:00,guarded,10196.101311318005
2026-09-26T08:15:37.462835+00:00,shadow,10136.4938817797
2026-09-26T08:30:41.109121+00:00,guarded,10196.101311318005
2026-09-26T08:30:41.110444+00:00,shadow,10136.4938817797
2026-09-26T08:45:32.087498+00:00,guarded,10196.101311318005
2026-09-26T08:45:32.088529+00:00,shadow,10136.4938817797
2026-09-26T09:00:43.808721+00:00,guarded,10196.101311318005
2026-09-26T09:00:43.809860+00:00,shadow,10136.4938817797
2026-09-26T09:15:35.958976+00:00,guarded,10196.101311318005
2026-09-26T09:15:35.960180+00:00,shadow,10136.4938817797
2026-09-26T09:30:48.718550+00:00,guarded,10196.101311318005
2026-09-26T09:30:48.719699+00:00,shadow,10136.4938817797
2026-09-26T09:45:36.930663+00:00,guarded,10196.101311318005
2026-09-26T09:45:36.931896+00:00,shadow,10136.4938817797
2026-09-26T10:00:43.547057+00:00,guarded,10196.101311318005
2026-09-26T10:00:43.548309+00:00,shadow,10136.4938817797
2026-09-26T10:15:36.985311+00:00,guarded,10196.101311318005
2026-09-26T10:15:36.986584+00:00,shadow,10136.4938817797
2026-09-26T10:30:36.821526+00:00,guarded,10196.101311318005
2026-09-26T10:30:36.822576+00:00,shadow,10136.4938817797
2026-09-26T10:45:38.353741+00:00,guarded,10196.101311318005
2026-09-26T10:45:38.354880+00:00,shadow,10136.4938817797
2026-09-26T11:00:37.691993+00:00,guarded,10196.101311318005
2026-09-26T11:00:37.693916+00:00,shadow,10136.4938817797
2026-09-26T11:15:44.723866+00:00,guarded,10196.101311318005
2026-09-26T11:15:44.725417+00:00,shadow,10134.331479343937
2026-09-26T11:30:34.203123+00:00,guarded,10196.101311318005
2026-09-26T11:30:34.207629+00:00,shadow,10134.331479343937
2026-09-26T11:45:40.764643+00:00,guarded,10196.101311318005
2026-09-26T11:45:40.804913+00:00,shadow,10134.331479343937
2026-09-26T12:00:42.943027+00:00,guarded,10196.101311318005
2026-09-26T12:00:42.944199+00:00,shadow,10134.331479343937
2026-09-26T12:15:36.844016+00:00,guarded,10196.101311318005
2026-09-26T12:15:36.845349+00:00,shadow,10134.331479343937
2026-09-26T12:30:38.527571+00:00,guarded,10196.101311318005
2026-09-26T12:30:38.587237+00:00,shadow,10134.331479343937
2026-09-26T12:45:37.499047+00:00,guarded,10196.101311318005
2026-09-26T12:45:37.500510+00:00,shadow,10134.331479343937
2026-09-26T12:59:26.838809+00:00,guarded,10196.101311318005
2026-09-26T12:59:26.840684+00:00,shadow,10134.331479343937
2026-09-26T13:00:31.495753+00:00,guarded,10196.101311318005
2026-09-26T13:00:31.496679+00:00,shadow,10134.331479343937
2026-09-26T13:15:35.082006+00:00,guarded,10196.101311318005
2026-09-26T13:15:35.083193+00:00,shadow,10134.331479343937
2026-09-26T13:30:39.439135+00:00,guarded,10196.101311318005
2026-09-26T13:30:39.440504+00:00,shadow,10134.331479343937
2026-09-26T13:45:39.171783+00:00,guarded,10196.101311318005
2026-09-26T13:45:39.172943+00:00,shadow,10134.331479343937
2026-09-26T14:00:35.946036+00:00,guarded,10196.101311318005
2026-09-26T14:00:35.947911+00:00,shadow,10134.331479343937
2026-09-26T14:15:37.007503+00:00,guarded,10196.101311318005
2026-09-26T14:15:37.008813+00:00,shadow,10134.331479343937
2026-09-26T14:30:38.260607+00:00,guarded,10196.101311318005
2026-09-26T14:30:38.273072+00:00,shadow,10134.331479343937
2026-09-26T14:45:28.855940+00:00,guarded,10196.101311318005
2026-09-26T14:45:28.868318+00:00,shadow,10134.331479343937
2026-09-26T15:00:39.486041+00:00,guarded,10196.101311318005
2026-09-26T15:00:39.487230+00:00,shadow,10134.331479343937
2026-09-26T15:15:40.152691+00:00,guarded,10196.101311318005
2026-09-26T15:15:40.153793+00:00,shadow,10134.331479343937
2026-09-26T15:30:40.184072+00:00,guarded,10196.101311318005
2026-09-26T15:30:40.185519+00:00,shadow,10134.331479343937
2026-09-26T15:45:39.812693+00:00,guarded,10196.101311318005
2026-09-26T15:45:39.813733+00:00,shadow,10134.331479343937
2026-09-26T16:00:38.611609+00:00,guarded,10196.101311318005
2026-09-26T16:00:38.612805+00:00,shadow,10134.331479343937
2026-09-26T16:15:48.284114+00:00,guarded,10196.101311318005
2026-09-26T16:15:48.285291+00:00,shadow,10134.331479343937
2026-09-26T16:30:40.890283+00:00,guarded,10196.101311318005
2026-09-26T16:30:40.891551+00:00,shadow,10134.331479343937
2026-09-26T16:45:36.259215+00:00,guarded,10196.101311318005
2026-09-26T16:45:36.260737+00:00,shadow,10134.331479343937
2026-09-26T17:00:38.308736+00:00,guarded,10196.101311318005
2026-09-26T17:00:38.309792+00:00,shadow,10134.331479343937
2026-09-26T17:04:40.406464+00:00,guarded,10196.101311318005
2026-09-26T17:04:40.407805+00:00,shadow,10134.331479343937
2026-09-26T17:15:31.741494+00:00,guarded,10196.101311318005
2026-09-26T17:15:31.742940+00:00,shadow,10134.331479343937
2026-09-26T17:30:38.692125+00:00,guarded,10196.101311318005
2026-09-26T17:30:38.693302+00:00,shadow,10134.331479343937
2026-09-26T17:45:36.867845+00:00,guarded,10196.101311318005
2026-09-26T17:45:36.869166+00:00,shadow,10134.331479343937
2026-09-26T18:00:37.349897+00:00,guarded,10196.101311318005
2026-09-26T18:00:37.350896+00:00,shadow,10134.331479343937
2026-09-26T18:16:13.479669+00:00,guarded,10196.101311318005
2026-09-26T18:16:13.481468+00:00,shadow,10134.331479343937
2026-09-26T18:30:40.094699+00:00,guarded,10196.101311318005
2026-09-26T18:30:40.095954+00:00,shadow,10134.331479343937
2026-09-26T18:45:39.171926+00:00,guarded,10196.101311318005
2026-09-26T18:45:39.173431+00:00,shadow,10134.331479343937
2026-09-26T19:00:39.269138+00:00,guarded,10196.101311318005
2026-09-26T19:00:39.270312+00:00,shadow,10134.331479343937
2026-09-26T19:15:38.652280+00:00,guarded,10196.101311318005
2026-09-26T19:15:38.653712+00:00,shadow,10134.331479343937
2026-09-26T19:30:37.492140+00:00,guarded,10196.101311318005
2026-09-26T19:30:37.493457+00:00,shadow,10134.331479343937
2026-09-26T19:43:41.066744+00:00,guarded,10196.101311318005
2026-09-26T19:43:41.068233+00:00,shadow,10134.331479343937
2026-09-26T19:45:36.758722+00:00,guarded,10196.101311318005
2026-09-26T19:45:36.759990+00:00,shadow,10134.331479343937
2026-09-26T20:00:39.426990+00:00,guarded,10196.101311318005
2026-09-26T20:00:39.428088+00:00,shadow,10134.331479343937
2026-09-26T20:15:39.918048+00:00,guarded,10196.101311318005
2026-09-26T20:15:39.919672+00:00,shadow,10134.331479343937
2026-09-26T20:30:38.030678+00:00,guarded,10196.101311318005
2026-09-26T20:30:38.032030+00:00,shadow,10134.331479343937
2026-09-26T20:45:36.500360+00:00,guarded,10196.101311318005
2026-09-26T20:45:36.519964+00:00,shadow,10134.331479343937
2026-09-26T21:00:39.537320+00:00,guarded,10196.101311318005
2026-09-26T21:00:39.538603+00:00,shadow,10027.382691049761
2026-09-26T21:15:39.035318+00:00,guarded,10196.101311318005
2026-09-26T21:15:39.087095+00:00,shadow,10027.382691049761
2026-09-26T21:30:35.934771+00:00,guarded,10196.101311318005
2026-09-26T21:30:35.935959+00:00,shadow,10027.382691049761
2026-09-26T21:45:35.277928+00:00,guarded,10196.101311318005
2026-09-26T21:45:35.279219+00:00,shadow,10027.382691049761
2026-09-26T22:00:41.524712+00:00,guarded,10196.101311318005
2026-09-26T22:00:41.526183+00:00,shadow,10027.382691049761
2026-09-26T22:15:32.735424+00:00,guarded,10196.101311318005
2026-09-26T22:15:32.736465+00:00,shadow,10027.382691049761
2026-09-26T22:30:38.401870+00:00,guarded,10196.101311318005
2026-09-26T22:30:38.403059+00:00,shadow,10027.382691049761
2026-09-26T22:40:37.427321+00:00,guarded,10196.101311318005
2026-09-26T22:40:37.437398+00:00,shadow,10027.382691049761
2026-09-26T22:45:39.466192+00:00,guarded,10196.101311318005
2026-09-26T22:45:39.467262+00:00,shadow,10027.382691049761
2026-09-26T23:00:42.335664+00:00,guarded,10196.101311318005
2026-09-26T23:00:42.337141+00:00,shadow,10027.382691049761
2026-09-26T23:15:38.661929+00:00,guarded,10196.101311318005
2026-09-26T23:15:38.663252+00:00,shadow,10027.382691049761
2026-09-26T23:30:40.440086+00:00,guarded,10196.101311318005
2026-09-26T23:30:40.441368+00:00,shadow,10027.382691049761
2026-09-26T23:45:35.773666+00:00,guarded,10196.101311318005
2026-09-26T23:45:35.774901+00:00,shadow,10027.382691049761
2026-09-27T00:00:40.191142+00:00,guarded,10196.101311318005
2026-09-27T00:00:40.192512+00:00,shadow,10027.382691049761
2026-09-27T00:15:32.895507+00:00,guarded,10196.101311318005
2026-09-27T00:15:32.896658+00:00,shadow,10027.382691049761
2026-09-27T00:30:41.257562+00:00,guarded,10196.101311318005
2026-09-27T00:30:41.259063+00:00,shadow,10027.382691049761
2026-09-27T00:45:36.461734+00:00,guarded,10196.101311318005
2026-09-27T00:45:36.463229+00:00,shadow,10027.382691049761
2026-09-27T01:00:43.027008+00:00,guarded,10196.101311318005
2026-09-27T01:00:43.028212+00:00,shadow,10027.382691049761
2026-09-27T01:15:39.007040+00:00,guarded,10196.101311318005
2026-09-27T01:15:39.008103+00:00,shadow,10027.382691049761
2026-09-27T01:19:28.818048+00:00,guarded,10196.101311318005
2026-09-27T01:19:28.819299+00:00,shadow,10027.382691049761
2026-09-27T01:30:38.079747+00:00,guarded,10196.101311318005
2026-09-27T01:30:38.081123+00:00,shadow,10027.382691049761
2026-09-27T01:45:44.254627+00:00,guarded,10196.101311318005
2026-09-27T01:45:44.255679+00:00,shadow,10027.382691049761
2026-09-27T02:00:36.222729+00:00,guarded,10196.101311318005
2026-09-27T02:00:36.223822+00:00,shadow,10027.382691049761
2026-09-27T02:15:34.845378+00:00,guarded,10196.101311318005
2026-09-27T02:15:34.846764+00:00,shadow,10027.382691049761
2026-09-27T02:30:37.068553+00:00,guarded,10196.101311318005
2026-09-27T02:30:37.069822+00:00,shadow,10027.382691049761
2026-09-27T02:45:32.400496+00:00,guarded,10196.101311318005
2026-09-27T02:45:32.401728+00:00,shadow,10027.382691049761
2026-09-27T03:00:40.155987+00:00,guarded,10196.101311318005
2026-09-27T03:00:40.157257+00:00,shadow,10027.382691049761
2026-09-27T03:15:36.761631+00:00,guarded,10196.101311318005
2026-09-27T03:15:36.762755+00:00,shadow,10027.382691049761
2026-09-27T03:30:38.338189+00:00,guarded,10196.101311318005
2026-09-27T03:30:38.339385+00:00,shadow,10027.382691049761
2026-09-27T03:46:14.926545+00:00,guarded,10196.101311318005
2026-09-27T03:46:14.927940+00:00,shadow,10027.382691049761
2026-09-27T04:00:39.518255+00:00,guarded,10196.101311318005
2026-09-27T04:00:39.522426+00:00,shadow,10027.382691049761
2026-09-27T04:15:36.612854+00:00,guarded,10196.101311318005
2026-09-27T04:15:36.614269+00:00,shadow,10027.382691049761
2026-09-27T04:30:38.233319+00:00,guarded,10196.101311318005
2026-09-27T04:30:38.234351+00:00,shadow,10027.382691049761
2026-09-27T04:45:35.727908+00:00,guarded,10196.101311318005
2026-09-27T04:45:35.729046+00:00,shadow,10027.382691049761
2026-09-27T05:00:43.668725+00:00,guarded,10196.101311318005
2026-09-27T05:00:43.669926+00:00,shadow,10027.382691049761
2026-09-27T05:15:36.367654+00:00,guarded,10196.101311318005
2026-09-27T05:15:36.368853+00:00,shadow,10027.382691049761
2026-09-27T05:30:41.385040+00:00,guarded,10196.101311318005
2026-09-27T05:30:41.386325+00:00,shadow,10027.382691049761
2026-09-27T05:45:36.580262+00:00,guarded,10196.101311318005
2026-09-27T05:45:36.581637+00:00,shadow,10027.382691049761
2026-09-27T06:00:41.425509+00:00,guarded,10196.101311318005
2026-09-27T06:00:41.426588+00:00,shadow,10027.382691049761
2026-09-27T06:15:43.550257+00:00,guarded,10196.101311318005
2026-09-27T06:15:43.551497+00:00,shadow,10027.382691049761
2026-09-27T06:30:39.307694+00:00,guarded,10196.101311318005
2026-09-27T06:30:39.308750+00:00,shadow,10027.382691049761
2026-09-27T06:45:38.289197+00:00,guarded,10196.101311318005
2026-09-27T06:45:38.290114+00:00,shadow,10027.382691049761
2026-09-27T07:00:43.005545+00:00,guarded,10196.101311318005
2026-09-27T07:00:43.007980+00:00,shadow,10027.382691049761
2026-09-27T07:15:38.817063+00:00,guarded,10196.101311318005
2026-09-27T07:15:38.819449+00:00,shadow,10027.382691049761
2026-09-27T07:30:40.597830+00:00,guarded,10196.101311318005
2026-09-27T07:30:40.599190+00:00,shadow,10027.382691049761
2026-09-27T07:45:37.318930+00:00,guarded,10196.101311318005
2026-09-27T07:45:37.320176+00:00,shadow,10027.382691049761
2026-09-27T08:00:40.194160+00:00,guarded,10196.101311318005
2026-09-27T08:00:40.195352+00:00,shadow,10027.382691049761
2026-09-27T08:01:19.036959+00:00,guarded,10196.101311318005
2026-09-27T08:01:19.038606+00:00,shadow,10027.382691049761
2026-09-27T08:15:35.774878+00:00,guarded,10196.101311318005
2026-09-27T08:15:35.776212+00:00,shadow,10027.382691049761
2026-09-27T08:30:40.557006+00:00,guarded,10196.101311318005
2026-09-27T08:30:40.561776+00:00,shadow,10027.382691049761
2026-09-27T08:45:35.825292+00:00,guarded,10196.101311318005
2026-09-27T08:45:35.827066+00:00,shadow,10027.382691049761
2026-09-27T09:00:43.190892+00:00,guarded,10196.101311318005
2026-09-27T09:00:43.192194+00:00,shadow,10027.382691049761
2026-09-27T09:15:33.740314+00:00,guarded,10196.101311318005
2026-09-27T09:15:33.741317+00:00,shadow,10027.382691049761
2026-09-27T09:30:37.973813+00:00,guarded,10196.101311318005
2026-09-27T09:30:37.975107+00:00,shadow,10027.382691049761
2026-09-27T09:45:42.014022+00:00,guarded,10196.101311318005
2026-09-27T09:45:42.015363+00:00,shadow,10027.382691049761
2026-09-27T10:01:14.300527+00:00,guarded,10196.101311318005
2026-09-27T10:01:14.301884+00:00,shadow,10027.382691049761
2026-09-27T10:15:35.074785+00:00,guarded,10196.101311318005
2026-09-27T10:15:35.075958+00:00,shadow,10027.382691049761
2026-09-27T10:30:37.425686+00:00,guarded,10196.101311318005
2026-09-27T10:30:37.427075+00:00,shadow,10027.382691049761
2026-09-27T10:45:38.986129+00:00,guarded,10196.101311318005
2026-09-27T10:45:39.026162+00:00,shadow,10027.382691049761
2026-09-27T11:00:44.586266+00:00,guarded,10196.101311318005
2026-09-27T11:00:44.590944+00:00,shadow,10027.382691049761
2026-09-27T11:15:37.094627+00:00,guarded,10196.101311318005
2026-09-27T11:15:37.095963+00:00,shadow,10027.382691049761
2026-09-27T11:30:39.981405+00:00,guarded,10196.101311318005
2026-09-27T11:30:39.982593+00:00,shadow,10027.382691049761
2026-09-27T11:45:35.169339+00:00,guarded,10196.101311318005
2026-09-27T11:45:35.170474+00:00,shadow,10027.382691049761
2026-09-27T12:00:35.211093+00:00,guarded,10196.101311318005
2026-09-27T12:00:35.212066+00:00,shadow,10027.382691049761
2026-09-27T12:16:12.971148+00:00,guarded,10196.101311318005
2026-09-27T12:16:12.972375+00:00,shadow,10027.382691049761
2026-09-27T12:30:38.730375+00:00,guarded,10196.101311318005
2026-09-27T12:30:38.731499+00:00,shadow,10027.382691049761
2026-09-27T12:45:39.663601+00:00,guarded,10196.101311318005
2026-09-27T12:45:39.664709+00:00,shadow,10027.382691049761
2026-09-27T13:00:40.501579+00:00,guarded,10196.101311318005
2026-09-27T13:00:40.502805+00:00,shadow,10027.382691049761
2026-09-27T13:15:36.037729+00:00,guarded,10196.101311318005
2026-09-27T13:15:36.039080+00:00,shadow,10027.382691049761
2026-09-27T13:30:39.445201+00:00,guarded,10196.101311318005
2026-09-27T13:30:39.446412+00:00,shadow,10027.382691049761
2026-09-27T13:45:39.669170+00:00,guarded,10196.101311318005
2026-09-27T13:45:39.670382+00:00,shadow,10027.382691049761
2026-09-27T13:51:39.854880+00:00,guarded,10196.101311318005
2026-09-27T13:51:39.856150+00:00,shadow,10027.382691049761
2026-09-27T14:00:42.244660+00:00,guarded,10196.101311318005
2026-09-27T14:00:42.246010+00:00,shadow,10027.382691049761
2026-09-27T14:16:13.182203+00:00,guarded,10196.101311318005
2026-09-27T14:16:13.183268+00:00,shadow,10027.382691049761
2026-09-27T14:30:37.756429+00:00,guarded,10196.101311318005
2026-09-27T14:30:37.757457+00:00,shadow,10027.382691049761
2026-09-27T14:45:40.185071+00:00,guarded,10196.101311318005
2026-09-27T14:45:40.186163+00:00,shadow,10027.382691049761
2026-09-27T15:00:41.561055+00:00,guarded,10196.101311318005
2026-09-27T15:00:41.562026+00:00,shadow,10027.382691049761
2026-09-27T15:15:41.457616+00:00,guarded,10196.101311318005
2026-09-27T15:15:41.459060+00:00,shadow,10027.382691049761
2026-09-27T15:30:37.960507+00:00,guarded,10196.101311318005
2026-09-27T15:30:37.961672+00:00,shadow,10027.382691049761
2026-09-27T15:45:42.116027+00:00,guarded,10196.101311318005
2026-09-27T15:45:42.117048+00:00,shadow,10027.382691049761
2026-09-27T16:01:19.589035+00:00,guarded,10196.101311318005
2026-09-27T16:01:19.590924+00:00,shadow,10027.382691049761
2026-09-27T16:15:38.587675+00:00,guarded,10196.101311318005
2026-09-27T16:15:38.588671+00:00,shadow,10027.382691049761
2026-09-27T16:30:39.034047+00:00,guarded,10196.101311318005
2026-09-27T16:30:39.035206+00:00,shadow,10027.382691049761
2026-09-27T16:45:37.237993+00:00,guarded,10196.101311318005
2026-09-27T16:45:37.238937+00:00,shadow,10027.382691049761
2026-09-27T17:00:41.560448+00:00,guarded,10196.101311318005
2026-09-27T17:00:41.561643+00:00,shadow,10027.382691049761
2026-09-27T17:15:32.613717+00:00,guarded,10196.101311318005
2026-09-27T17:15:32.614649+00:00,shadow,10027.382691049761
2026-09-27T17:30:39.713016+00:00,guarded,10196.101311318005
2026-09-27T17:30:39.714050+00:00,shadow,10027.382691049761
2026-09-27T17:45:31.807092+00:00,guarded,10196.101311318005
2026-09-27T17:45:31.808152+00:00,shadow,10027.382691049761
2026-09-27T18:00:44.797237+00:00,guarded,10196.101311318005
2026-09-27T18:00:44.798133+00:00,shadow,10027.382691049761
2026-09-27T18:15:38.200806+00:00,guarded,10196.101311318005
2026-09-27T18:15:38.201800+00:00,shadow,10027.382691049761
2026-09-27T18:17:09.071772+00:00,guarded,10196.101311318005
2026-09-27T18:17:09.073322+00:00,shadow,10027.382691049761
2026-09-27T18:30:40.981942+00:00,guarded,10196.101311318005
2026-09-27T18:30:40.982925+00:00,shadow,10027.382691049761
2026-09-27T18:45:37.810490+00:00,guarded,10196.101311318005
2026-09-27T18:45:37.820254+00:00,shadow,10027.382691049761
2026-09-27T19:00:37.066481+00:00,guarded,10196.101311318005
2026-09-27T19:00:37.074189+00:00,shadow,10027.382691049761
2026-09-27T19:15:34.842291+00:00,guarded,10196.101311318005
2026-09-27T19:15:34.843305+00:00,shadow,10027.382691049761
2026-09-27T19:30:38.471214+00:00,guarded,10196.101311318005
2026-09-27T19:30:38.472268+00:00,shadow,10027.382691049761
2026-09-27T19:45:39.691038+00:00,guarded,10196.101311318005
2026-09-27T19:45:39.692279+00:00,shadow,10027.382691049761
2026-09-27T20:00:39.861420+00:00,guarded,10196.101311318005
2026-09-27T20:00:39.864987+00:00,shadow,10027.382691049761
2026-09-27T20:15:27.875680+00:00,guarded,10196.101311318005
2026-09-27T20:15:27.876542+00:00,shadow,10027.382691049761
2026-09-27T20:30:34.043736+00:00,guarded,10196.101311318005
2026-09-27T20:30:34.044555+00:00,shadow,10027.382691049761
2026-09-27T20:45:40.444011+00:00,guarded,10196.101311318005
2026-09-27T20:45:40.445114+00:00,shadow,10027.382691049761
2026-09-27T21:00:40.490805+00:00,guarded,10196.101311318005
2026-09-27T21:00:40.491828+00:00,shadow,10027.382691049761
2026-09-27T21:15:40.387869+00:00,guarded,10196.101311318005
2026-09-27T21:15:40.389299+00:00,shadow,10027.382691049761
2026-09-27T21:30:34.262357+00:00,guarded,10196.101311318005
2026-09-27T21:30:34.263417+00:00,shadow,10027.382691049761
2026-09-27T21:45:37.068494+00:00,guarded,10196.101311318005
2026-09-27T21:45:37.069555+00:00,shadow,10027.382691049761
2026-09-27T22:00:40.816398+00:00,guarded,10196.101311318005
2026-09-27T22:00:40.817569+00:00,shadow,10027.382691049761
2026-09-27T22:01:46.551950+00:00,guarded,10196.101311318005
2026-09-27T22:01:46.553429+00:00,shadow,10027.382691049761
2026-09-27T22:15:38.573904+00:00,guarded,10196.101311318005
2026-09-27T22:15:38.575281+00:00,shadow,10027.382691049761
2026-09-27T22:30:38.535542+00:00,guarded,10196.101311318005
2026-09-27T22:30:38.536850+00:00,shadow,10027.382691049761
2026-09-27T22:45:36.499426+00:00,guarded,10196.101311318005
2026-09-27T22:45:36.500392+00:00,shadow,10027.382691049761
2026-09-27T23:00:40.633630+00:00,guarded,10196.101311318005
2026-09-27T23:00:40.634680+00:00,shadow,10027.382691049761
2026-09-27T23:15:38.068523+00:00,guarded,10196.101311318005
2026-09-27T23:15:38.069773+00:00,shadow,10027.382691049761
2026-09-27T23:30:39.274547+00:00,guarded,10196.101311318005
2026-09-27T23:30:39.275747+00:00,shadow,10027.382691049761
2026-09-27T23:45:45.608720+00:00,guarded,10196.101311318005
2026-09-27T23:45:45.609585+00:00,shadow,10025.930365976676
2026-09-28T00:00:41.508040+00:00,guarded,10196.101311318005
2026-09-28T00:00:41.509090+00:00,shadow,10172.373594505774
2026-09-28T00:15:41.157903+00:00,guarded,10196.101311318005
2026-09-28T00:15:41.158996+00:00,shadow,10172.373594505774
2026-09-28T00:30:37.643776+00:00,guarded,10196.101311318005
2026-09-28T00:30:37.682989+00:00,shadow,10172.373594505774
2026-09-28T00:34:25.176678+00:00,guarded,10196.101311318005
2026-09-28T00:34:25.178018+00:00,shadow,10172.373594505774
2026-09-28T00:45:40.660829+00:00,guarded,10196.101311318005
2026-09-28T00:45:40.661950+00:00,shadow,10172.373594505774
2026-09-28T01:00:42.393545+00:00,guarded,10196.101311318005
2026-09-28T01:00:42.394642+00:00,shadow,10172.373594505774
2026-09-28T01:15:43.909934+00:00,guarded,10196.101311318005
2026-09-28T01:15:43.911107+00:00,shadow,10172.373594505774
2026-09-28T01:30:44.645647+00:00,guarded,10196.101311318005
2026-09-28T01:30:44.646648+00:00,shadow,10172.373594505774
2026-09-28T01:45:39.599289+00:00,guarded,10196.101311318005
2026-09-28T01:45:39.600385+00:00,shadow,10172.373594505774
2026-09-28T02:00:43.830566+00:00,guarded,10196.101311318005
2026-09-28T02:00:43.831768+00:00,shadow,10172.373594505774
2026-09-28T02:15:38.636156+00:00,guarded,10196.101311318005
2026-09-28T02:15:38.637272+00:00,shadow,10172.373594505774
2026-09-28T02:30:51.689152+00:00,guarded,10196.101311318005
2026-09-28T02:30:51.690273+00:00,shadow,10172.373594505774
2026-09-28T02:45:32.051021+00:00,guarded,10196.101311318005
2026-09-28T02:45:32.052217+00:00,shadow,10172.373594505774
2026-09-28T03:00:40.306538+00:00,guarded,10196.101311318005
2026-09-28T03:00:40.307702+00:00,shadow,10172.373594505774
2026-09-28T03:15:42.045473+00:00,guarded,10196.101311318005
2026-09-28T03:15:42.046639+00:00,shadow,10172.373594505774
2026-09-28T03:30:39.560784+00:00,guarded,10196.101311318005
2026-09-28T03:30:39.562031+00:00,shadow,10172.373594505774
2026-09-28T03:45:39.531666+00:00,guarded,10196.101311318005
2026-09-28T03:45:39.533010+00:00,shadow,10172.373594505774
2026-09-28T04:00:39.809543+00:00,guarded,10196.101311318005
2026-09-28T04:00:39.810730+00:00,shadow,10172.373594505774
2026-09-28T04:15:33.496737+00:00,guarded,10196.101311318005
2026-09-28T04:15:33.498001+00:00,shadow,10172.373594505774
2026-09-28T04:30:39.980512+00:00,guarded,10196.101311318005
2026-09-28T04:30:40.277219+00:00,shadow,10172.373594505774
2026-09-28T04:45:38.275333+00:00,guarded,10196.101311318005
2026-09-28T04:45:38.276702+00:00,shadow,10172.373594505774
2026-09-28T05:00:38.466686+00:00,guarded,10196.101311318005
2026-09-28T05:00:38.467999+00:00,shadow,10172.373594505774
2026-09-28T05:16:12.129833+00:00,guarded,10196.101311318005
2026-09-28T05:16:12.131027+00:00,shadow,10172.373594505774
2026-09-28T05:30:41.203604+00:00,guarded,10196.101311318005
2026-09-28T05:30:41.205104+00:00,shadow,10172.373594505774
2026-09-28T05:45:38.927308+00:00,guarded,10196.101311318005
2026-09-28T05:45:38.928942+00:00,shadow,10172.373594505774
2026-09-28T06:00:43.001159+00:00,guarded,10196.101311318005
2026-09-28T06:00:43.002880+00:00,shadow,10172.373594505774
2026-09-28T06:15:39.161656+00:00,guarded,10196.101311318005
2026-09-28T06:15:39.163178+00:00,shadow,10172.373594505774
2026-09-28T06:30:43.807667+00:00,guarded,10196.101311318005
2026-09-28T06:30:43.809113+00:00,shadow,10172.373594505774
2026-09-28T06:41:22.017054+00:00,guarded,10196.101311318005
2026-09-28T06:41:22.022830+00:00,shadow,10172.373594505774
2026-09-28T06:45:40.806907+00:00,guarded,10196.101311318005
2026-09-28T06:45:40.808124+00:00,shadow,10172.373594505774
2026-09-28T07:00:43.495878+00:00,guarded,10196.101311318005
2026-09-28T07:00:43.497304+00:00,shadow,10172.373594505774
2026-09-28T07:15:37.995569+00:00,guarded,10196.101311318005
2026-09-28T07:15:37.996750+00:00,shadow,10172.373594505774
2026-09-28T07:30:43.236799+00:00,guarded,10196.101311318005
2026-09-28T07:30:43.241893+00:00,shadow,10172.373594505774
2026-09-28T07:45:43.409085+00:00,guarded,10196.101311318005
2026-09-28T07:45:43.410397+00:00,shadow,10172.373594505774
2026-09-28T08:00:44.997383+00:00,guarded,10196.101311318005
2026-09-28T08:00:45.036476+00:00,shadow,10172.373594505774
2026-09-28T08:15:35.741361+00:00,guarded,10196.101311318005
2026-09-28T08:15:35.864815+00:00,shadow,10172.373594505774
2026-09-28T08:30:39.714641+00:00,guarded,10196.101311318005
2026-09-28T08:30:39.715797+00:00,shadow,10172.373594505774
2026-09-28T08:45:45.983594+00:00,guarded,10196.101311318005
2026-09-28T08:45:45.984952+00:00,shadow,10172.373594505774
2026-09-28T09:01:15.886002+00:00,guarded,10196.101311318005
2026-09-28T09:01:15.887227+00:00,shadow,10172.373594505774
2026-09-28T09:15:40.442312+00:00,guarded,10196.101311318005
2026-09-28T09:15:40.491892+00:00,shadow,10172.373594505774
2026-09-28T09:30:38.503161+00:00,guarded,10196.101311318005
2026-09-28T09:30:38.504386+00:00,shadow,10172.373594505774
2026-09-28T09:45:39.612014+00:00,guarded,10196.101311318005
2026-09-28T09:45:39.613601+00:00,shadow,10172.373594505774
2026-09-28T10:00:52.321888+00:00,guarded,10196.101311318005
2026-09-28T10:00:52.326160+00:00,shadow,10172.373594505774
2026-09-28T10:15:38.268976+00:00,guarded,10196.101311318005
2026-09-28T10:15:38.270128+00:00,shadow,10172.373594505774
2026-09-28T10:30:40.521474+00:00,guarded,10196.101311318005
2026-09-28T10:30:40.522497+00:00,shadow,10172.373594505774
2026-09-28T10:45:39.652278+00:00,guarded,10196.101311318005
2026-09-28T10:45:39.653719+00:00,shadow,10172.373594505774
2026-09-28T11:00:42.199083+00:00,guarded,10196.101311318005
2026-09-28T11:00:42.200263+00:00,shadow,10172.373594505774
2026-09-28T11:15:38.671819+00:00,guarded,10196.101311318005
2026-09-28T11:15:38.673511+00:00,shadow,10172.373594505774
2026-09-28T11:30:40.223538+00:00,guarded,10196.101311318005
2026-09-28T11:30:40.225018+00:00,shadow,10172.373594505774
2026-09-28T11:45:38.663351+00:00,guarded,10196.101311318005
2026-09-28T11:45:38.664948+00:00,shadow,10172.373594505774
2026-09-28T12:00:42.617525+00:00,guarded,10196.101311318005
2026-09-28T12:00:42.618915+00:00,shadow,10172.373594505774
2026-09-28T12:15:37.991992+00:00,guarded,10196.101311318005
2026-09-28T12:15:37.993929+00:00,shadow,10172.373594505774
2026-09-28T12:30:42.808407+00:00,guarded,10196.101311318005
2026-09-28T12:30:42.809716+00:00,shadow,10172.373594505774
2026-09-28T12:45:39.706883+00:00,guarded,10196.101311318005
2026-09-28T12:45:39.708260+00:00,shadow,10172.373594505774
2026-09-28T13:00:42.239174+00:00,guarded,10196.101311318005
2026-09-28T13:00:42.240283+00:00,shadow,10172.373594505774
2026-09-28T13:15:40.146506+00:00,guarded,10196.101311318005
2026-09-28T13:15:40.147555+00:00,shadow,10172.373594505774
2026-09-28T13:30:45.870291+00:00,guarded,10196.101311318005
2026-09-28T13:30:45.872027+00:00,shadow,10172.373594505774
2026-09-28T13:45:41.191294+00:00,guarded,10196.101311318005
2026-09-28T13:45:41.192649+00:00,shadow,10172.373594505774
2026-09-28T14:00:45.150555+00:00,guarded,10196.101311318005
2026-09-28T14:00:45.152066+00:00,shadow,10172.373594505774
2026-09-28T14:15:38.026159+00:00,guarded,10196.101311318005
2026-09-28T14:15:38.027438+00:00,shadow,10172.373594505774
2026-09-28T14:30:44.131038+00:00,guarded,10196.101311318005
2026-09-28T14:30:44.132698+00:00,shadow,10172.373594505774
2026-09-28T14:45:40.143155+00:00,guarded,10196.101311318005
2026-09-28T14:45:40.144505+00:00,shadow,10172.373594505774
2026-09-28T15:00:44.436127+00:00,guarded,10196.101311318005
2026-09-28T15:00:44.437917+00:00,shadow,10172.373594505774
2026-09-28T15:15:44.450308+00:00,guarded,10196.101311318005
2026-09-28T15:15:44.452607+00:00,shadow,10172.373594505774
2026-09-28T15:18:58.945526+00:00,guarded,10196.101311318005
2026-09-28T15:18:58.946895+00:00,shadow,10172.373594505774
2026-09-28T15:30:41.871569+00:00,guarded,10196.101311318005
2026-09-28T15:30:41.872924+00:00,shadow,10172.373594505774
2026-09-28T15:45:38.443449+00:00,guarded,10196.101311318005
2026-09-28T15:45:38.444664+00:00,shadow,10172.373594505774
2026-09-28T16:01:06.993617+00:00,guarded,10196.101311318005
2026-09-28T16:01:06.994848+00:00,shadow,10172.373594505774
2026-09-28T16:15:43.216999+00:00,guarded,10196.101311318005
2026-09-28T16:15:43.218193+00:00,shadow,10172.373594505774
2026-09-28T16:30:41.615922+00:00,guarded,10196.101311318005
2026-09-28T16:30:41.617356+00:00,shadow,10172.373594505774
2026-09-28T16:45:35.088777+00:00,guarded,10196.101311318005
2026-09-28T16:45:35.089781+00:00,shadow,10172.373594505774
2026-09-28T17:00:49.085003+00:00,guarded,10196.101311318005
2026-09-28T17:00:49.086859+00:00,shadow,10172.373594505774
2026-09-28T17:15:41.571893+00:00,guarded,10196.101311318005
2026-09-28T17:15:41.573269+00:00,shadow,10172.373594505774
2026-09-28T17:30:45.053412+00:00,guarded,10196.101311318005
2026-09-28T17:30:45.054479+00:00,shadow,10172.373594505774
2026-09-28T17:45:38.509363+00:00,guarded,10196.101311318005
2026-09-28T17:45:38.510573+00:00,shadow,10172.373594505774
2026-09-28T18:00:53.550043+00:00,guarded,10196.101311318005
2026-09-28T18:00:53.551321+00:00,shadow,10172.373594505774
2026-09-28T18:15:44.760655+00:00,guarded,10196.101311318005
2026-09-28T18:15:44.761854+00:00,shadow,10172.373594505774
2026-09-28T18:30:47.353926+00:00,guarded,10196.101311318005
2026-09-28T18:30:47.355336+00:00,shadow,10172.373594505774
2026-09-28T18:46:13.406382+00:00,guarded,10196.101311318005
2026-09-28T18:46:13.407789+00:00,shadow,10172.373594505774
2026-09-28T19:00:42.468270+00:00,guarded,10196.101311318005
2026-09-28T19:00:42.469425+00:00,shadow,10172.373594505774
2026-09-28T19:15:41.878435+00:00,guarded,10196.101311318005
2026-09-28T19:15:41.879909+00:00,shadow,10172.373594505774
2026-09-28T19:30:42.256406+00:00,guarded,10196.101311318005
2026-09-28T19:30:42.257458+00:00,shadow,10172.373594505774
2026-09-28T19:45:46.220510+00:00,guarded,10196.101311318005
2026-09-28T19:45:46.222213+00:00,shadow,10172.373594505774
2026-09-28T20:00:45.118458+00:00,guarded,10196.101311318005
2026-09-28T20:00:45.119729+00:00,shadow,10172.373594505774
2026-09-28T20:15:43.184862+00:00,guarded,10196.101311318005
2026-09-28T20:15:43.185973+00:00,shadow,10172.373594505774
2026-09-28T20:30:38.863288+00:00,guarded,10196.101311318005
2026-09-28T20:30:38.864505+00:00,shadow,10172.373594505774
2026-09-28T20:45:46.551952+00:00,guarded,10196.101311318005
2026-09-28T20:45:46.553021+00:00,shadow,10172.373594505774
2026-09-28T21:00:35.538091+00:00,guarded,10196.101311318005
2026-09-28T21:00:35.539353+00:00,shadow,10172.373594505774
2026-09-28T21:15:38.679533+00:00,guarded,10196.101311318005
2026-09-28T21:15:38.680686+00:00,shadow,10172.373594505774
2026-09-28T21:30:37.559428+00:00,guarded,10196.101311318005
2026-09-28T21:30:37.560734+00:00,shadow,10172.373594505774
2026-09-28T21:45:34.639544+00:00,guarded,10196.101311318005
2026-09-28T21:45:34.640688+00:00,shadow,10172.373594505774
2026-09-28T21:51:41.242701+00:00,guarded,10196.101311318005
2026-09-28T21:51:41.245702+00:00,shadow,10172.373594505774
2026-09-28T22:00:41.420624+00:00,guarded,10196.101311318005
2026-09-28T22:00:41.421717+00:00,shadow,10172.373594505774
2026-09-28T22:15:38.628517+00:00,guarded,10196.101311318005
2026-09-28T22:15:38.629871+00:00,shadow,10172.373594505774
2026-09-28T22:30:38.778513+00:00,guarded,10196.101311318005
2026-09-28T22:30:38.779787+00:00,shadow,10172.373594505774
2026-09-28T22:45:45.498343+00:00,guarded,10196.101311318005
2026-09-28T22:45:45.499628+00:00,shadow,10172.373594505774
2026-09-28T23:00:42.003934+00:00,guarded,10196.101311318005
2026-09-28T23:00:42.005587+00:00,shadow,10172.373594505774
2026-09-28T23:15:42.530229+00:00,guarded,10196.101311318005
2026-09-28T23:15:42.531597+00:00,shadow,10172.373594505774
2026-09-28T23:30:40.755939+00:00,guarded,10196.101311318005
2026-09-28T23:30:40.757133+00:00,shadow,10172.373594505774
2026-09-28T23:45:40.164554+00:00,guarded,10196.101311318005
2026-09-28T23:45:40.165744+00:00,shadow,10172.373594505774
2026-09-29T00:00:44.947820+00:00,guarded,10196.101311318005
2026-09-29T00:00:44.948952+00:00,shadow,10172.373594505774
2026-09-29T00:15:43.962482+00:00,guarded,10196.101311318005
2026-09-29T00:15:43.963661+00:00,shadow,10172.373594505774
2026-09-29T00:30:42.773101+00:00,guarded,10196.101311318005
2026-09-29T00:30:42.774335+00:00,shadow,10172.373594505774
2026-09-29T00:45:53.133815+00:00,guarded,10196.101311318005
2026-09-29T00:45:53.135237+00:00,shadow,10172.373594505774
2026-09-29T01:00:43.012248+00:00,guarded,10196.101311318005
2026-09-29T01:00:43.014165+00:00,shadow,10172.373594505774
2026-09-29T01:16:03.060289+00:00,guarded,10196.101311318005
2026-09-29T01:16:03.061468+00:00,shadow,10169.317840403042
2026-09-29T01:30:40.417154+00:00,guarded,10196.101311318005
2026-09-29T01:30:40.418448+00:00,shadow,10169.317840403042
2026-09-29T01:45:44.142730+00:00,guarded,10196.101311318005
2026-09-29T01:45:44.144018+00:00,shadow,10169.317840403042
2026-09-29T01:48:02.047168+00:00,guarded,10196.101311318005
2026-09-29T01:48:02.048466+00:00,shadow,10169.317840403042
2026-09-29T02:00:41.844549+00:00,guarded,10196.101311318005
2026-09-29T02:00:41.845536+00:00,shadow,10169.317840403042
2026-09-29T02:15:39.386424+00:00,guarded,10196.101311318005
2026-09-29T02:15:39.387504+00:00,shadow,10169.317840403042
2026-09-29T02:30:42.754866+00:00,guarded,10196.101311318005
2026-09-29T02:30:42.756549+00:00,shadow,10169.317840403042
2026-09-29T02:45:37.321039+00:00,guarded,10196.101311318005
2026-09-29T02:45:37.322213+00:00,shadow,10169.317840403042
2026-09-29T03:00:42.446797+00:00,guarded,10196.101311318005
2026-09-29T03:00:42.541589+00:00,shadow,10169.317840403042
2026-09-29T03:15:40.082979+00:00,guarded,10196.101311318005
2026-09-29T03:15:40.084371+00:00,shadow,10169.317840403042
2026-09-29T03:30:37.936058+00:00,guarded,10196.101311318005
2026-09-29T03:30:37.937232+00:00,shadow,10169.317840403042
2026-09-29T03:45:49.066522+00:00,guarded,10196.101311318005
2026-09-29T03:45:49.068079+00:00,shadow,10169.317840403042
2026-09-29T04:00:44.642305+00:00,guarded,10196.101311318005
2026-09-29T04:00:44.643425+00:00,shadow,10169.317840403042
2026-09-29T04:15:34.920802+00:00,guarded,10196.101311318005
2026-09-29T04:15:34.921902+00:00,shadow,10169.317840403042
2026-09-29T04:30:46.803589+00:00,guarded,10196.101311318005
2026-09-29T04:30:46.805565+00:00,shadow,10169.317840403042
2026-09-29T04:45:38.202473+00:00,guarded,10196.101311318005
2026-09-29T04:45:38.204048+00:00,shadow,10169.317840403042
2026-09-29T05:00:38.892370+00:00,guarded,10196.101311318005
2026-09-29T05:00:38.893445+00:00,shadow,10169.317840403042
2026-09-29T05:15:41.665335+00:00,guarded,10196.101311318005
2026-09-29T05:15:41.666643+00:00,shadow,10169.317840403042
2026-09-29T05:30:46.263054+00:00,guarded,10196.101311318005
2026-09-29T05:30:46.264686+00:00,shadow,10169.317840403042
2026-09-29T05:45:38.927728+00:00,guarded,10196.101311318005
2026-09-29T05:45:38.928668+00:00,shadow,10169.317840403042
2026-09-29T06:00:44.914402+00:00,guarded,10196.101311318005
2026-09-29T06:00:44.915963+00:00,shadow,10169.317840403042
2026-09-29T06:15:33.540521+00:00,guarded,10196.101311318005
2026-09-29T06:15:33.541699+00:00,shadow,10169.317840403042
2026-09-29T06:30:43.028638+00:00,guarded,10196.101311318005
2026-09-29T06:30:43.030002+00:00,shadow,10169.317840403042
2026-09-29T06:45:42.375184+00:00,guarded,10196.101311318005
2026-09-29T06:45:42.395745+00:00,shadow,10055.534511198344
2026-09-29T07:00:43.312429+00:00,guarded,10196.101311318005
2026-09-29T07:00:43.313635+00:00,shadow,10055.534511198344
2026-09-29T07:15:41.680071+00:00,guarded,10196.101311318005
2026-09-29T07:15:41.681214+00:00,shadow,10055.534511198344
2026-09-29T07:30:39.286359+00:00,guarded,10196.101311318005
2026-09-29T07:30:39.287584+00:00,shadow,10055.534511198344
2026-09-29T07:45:37.624944+00:00,guarded,10196.101311318005
2026-09-29T07:45:37.626534+00:00,shadow,10055.534511198344
2026-09-29T08:00:43.796481+00:00,guarded,10196.101311318005
2026-09-29T08:00:43.797830+00:00,shadow,10055.534511198344
2026-09-29T08:15:40.519804+00:00,guarded,10196.101311318005
2026-09-29T08:15:40.521039+00:00,shadow,10055.534511198344
2026-09-29T08:20:57.508523+00:00,guarded,10196.101311318005
2026-09-29T08:20:57.509749+00:00,shadow,10055.534511198344
2026-09-29T08:30:46.329176+00:00,guarded,10196.101311318005
2026-09-29T08:30:46.330614+00:00,shadow,10055.534511198344
2026-09-29T08:45:40.812186+00:00,guarded,10196.101311318005
2026-09-29T08:45:40.813437+00:00,shadow,10055.534511198344
2026-09-29T09:00:46.075216+00:00,guarded,10196.101311318005
2026-09-29T09:00:46.076548+00:00,shadow,10055.534511198344
2026-09-29T09:15:39.193692+00:00,guarded,10196.101311318005
2026-09-29T09:15:39.195046+00:00,shadow,10055.534511198344
2026-09-29T09:30:43.199195+00:00,guarded,10196.101311318005
2026-09-29T09:30:43.200434+00:00,shadow,10055.534511198344
2026-09-29T09:45:39.666834+00:00,guarded,10196.101311318005
2026-09-29T09:45:39.668543+00:00,shadow,10055.534511198344
2026-09-29T10:00:48.222455+00:00,guarded,10196.101311318005
2026-09-29T10:00:48.223779+00:00,shadow,10055.534511198344
2026-09-29T10:15:35.414017+00:00,guarded,10196.101311318005
2026-09-29T10:15:35.415346+00:00,shadow,10055.534511198344
2026-09-29T10:30:43.773953+00:00,guarded,10196.101311318005
2026-09-29T10:30:43.775207+00:00,shadow,10055.534511198344
2026-09-29T10:45:40.193462+00:00,guarded,10196.101311318005
2026-09-29T10:45:40.194546+00:00,shadow,10055.534511198344
2026-09-29T11:00:51.319076+00:00,guarded,10196.101311318005
2026-09-29T11:00:51.320397+00:00,shadow,10055.534511198344
2026-09-29T11:15:40.736727+00:00,guarded,10196.101311318005
2026-09-29T11:15:40.737893+00:00,shadow,10055.534511198344
2026-09-29T11:30:39.884171+00:00,guarded,10196.101311318005
2026-09-29T11:30:39.885549+00:00,shadow,10055.534511198344
2026-09-29T11:45:39.793874+00:00,guarded,10196.101311318005
2026-09-29T11:45:39.795190+00:00,shadow,10055.534511198344
2026-09-29T12:00:45.209135+00:00,guarded,10196.101311318005
2026-09-29T12:00:45.210482+00:00,shadow,10055.534511198344
2026-09-29T12:15:37.631759+00:00,guarded,10196.101311318005
2026-09-29T12:15:37.633147+00:00,shadow,10055.534511198344
2026-09-29T12:30:41.401070+00:00,guarded,10196.101311318005
2026-09-29T12:30:41.402248+00:00,shadow,10055.534511198344
2026-09-29T12:45:39.916807+00:00,guarded,10196.101311318005
2026-09-29T12:45:39.918563+00:00,shadow,10055.534511198344
2026-09-29T13:00:39.265328+00:00,guarded,10196.101311318005
2026-09-29T13:00:39.266469+00:00,shadow,10055.534511198344
2026-09-29T13:15:43.744545+00:00,guarded,10196.101311318005
2026-09-29T13:15:43.745706+00:00,shadow,10055.534511198344
2026-09-29T13:30:43.177193+00:00,guarded,10196.101311318005
2026-09-29T13:30:43.178562+00:00,shadow,10055.534511198344
2026-09-29T13:46:15.807203+00:00,guarded,10196.101311318005
2026-09-29T13:46:15.808673+00:00,shadow,10055.534511198344
2026-09-29T14:00:49.656434+00:00,guarded,10196.101311318005
2026-09-29T14:00:49.657808+00:00,shadow,10055.534511198344
2026-09-29T14:15:44.962759+00:00,guarded,10196.101311318005
2026-09-29T14:15:44.963952+00:00,shadow,10055.534511198344
2026-09-29T14:30:34.161455+00:00,guarded,10196.101311318005
2026-09-29T14:30:34.162714+00:00,shadow,10055.534511198344
2026-09-29T14:45:41.096367+00:00,guarded,10196.101311318005
2026-09-29T14:45:41.097614+00:00,shadow,10055.534511198344
2026-09-29T15:00:46.522677+00:00,guarded,10196.101311318005
2026-09-29T15:00:46.523956+00:00,shadow,10055.534511198344
2026-09-29T15:15:39.794123+00:00,guarded,10196.101311318005
2026-09-29T15:15:39.795293+00:00,shadow,10055.534511198344
2026-09-29T15:30:54.884735+00:00,guarded,10196.101311318005
2026-09-29T15:30:54.886275+00:00,shadow,10055.534511198344
2026-09-29T15:41:51.503420+00:00,guarded,10196.101311318005
2026-09-29T15:41:51.505772+00:00,shadow,10055.534511198344
2026-09-29T15:45:39.614609+00:00,guarded,10196.101311318005
2026-09-29T15:45:39.615999+00:00,shadow,10055.534511198344
2026-09-29T16:00:42.326344+00:00,guarded,10196.101311318005
2026-09-29T16:00:42.348294+00:00,shadow,10055.534511198344
2026-09-29T16:15:41.532373+00:00,guarded,10196.101311318005
2026-09-29T16:15:41.534013+00:00,shadow,10055.534511198344
2026-09-29T16:30:40.298528+00:00,guarded,10196.101311318005
2026-09-29T16:30:40.299741+00:00,shadow,10055.534511198344
2026-09-29T16:45:59.680957+00:00,guarded,10196.101311318005
2026-09-29T16:45:59.682333+00:00,shadow,10055.534511198344
2026-09-29T17:00:45.456216+00:00,guarded,10196.101311318005
2026-09-29T17:00:45.457405+00:00,shadow,10055.534511198344
2026-09-29T17:15:42.648523+00:00,guarded,10196.101311318005
2026-09-29T17:15:42.662809+00:00,shadow,10055.534511198344
2026-09-29T17:30:39.781749+00:00,guarded,10196.101311318005
2026-09-29T17:30:39.783067+00:00,shadow,10055.534511198344
2026-09-29T17:45:38.225840+00:00,guarded,10196.101311318005
2026-09-29T17:45:38.227219+00:00,shadow,10055.534511198344
2026-09-29T18:00:43.849811+00:00,guarded,10196.101311318005
2026-09-29T18:00:43.851202+00:00,shadow,10055.534511198344
2026-09-29T18:15:40.403910+00:00,guarded,10196.101311318005
2026-09-29T18:15:40.405125+00:00,shadow,10055.534511198344
2026-09-29T18:30:42.424017+00:00,guarded,10196.101311318005
2026-09-29T18:30:42.425410+00:00,shadow,10055.534511198344
2026-09-29T18:45:37.911261+00:00,guarded,10196.101311318005
2026-09-29T18:45:37.913312+00:00,shadow,10055.534511198344
2026-09-29T19:00:43.943687+00:00,guarded,10196.101311318005
2026-09-29T19:00:43.944822+00:00,shadow,10055.534511198344
2026-09-29T19:16:15.782089+00:00,guarded,10196.101311318005
2026-09-29T19:16:15.783395+00:00,shadow,10055.534511198344
2026-09-29T19:30:42.011502+00:00,guarded,10196.101311318005
2026-09-29T19:30:42.012657+00:00,shadow,10055.534511198344
2026-09-29T19:45:42.256724+00:00,guarded,10196.101311318005
2026-09-29T19:45:42.257806+00:00,shadow,10055.534511198344
2026-09-29T20:00:39.473419+00:00,guarded,10196.101311318005
2026-09-29T20:00:39.474500+00:00,shadow,10055.534511198344
2026-09-29T20:15:41.538854+00:00,guarded,10196.101311318005
2026-09-29T20:15:41.540017+00:00,shadow,10055.534511198344
2026-09-29T20:30:48.151403+00:00,guarded,10196.101311318005
2026-09-29T20:30:48.350285+00:00,shadow,10055.534511198344
2026-09-29T20:41:01.916661+00:00,guarded,10196.101311318005
2026-09-29T20:41:01.917976+00:00,shadow,10055.534511198344
2026-09-29T20:45:30.514466+00:00,guarded,10196.101311318005
2026-09-29T20:45:30.515426+00:00,shadow,10055.534511198344
2026-09-29T21:00:43.124283+00:00,guarded,10196.101311318005
2026-09-29T21:00:43.125500+00:00,shadow,10055.534511198344
2026-09-29T21:15:39.910926+00:00,guarded,10196.101311318005
2026-09-29T21:15:39.912151+00:00,shadow,10055.534511198344
2026-09-29T21:30:43.500548+00:00,guarded,10196.101311318005
2026-09-29T21:30:43.501690+00:00,shadow,10055.534511198344
2026-09-29T21:45:38.917527+00:00,guarded,10196.101311318005
2026-09-29T21:45:38.918654+00:00,shadow,10055.534511198344
2026-09-29T22:00:42.734382+00:00,guarded,10196.101311318005
2026-09-29T22:00:42.735471+00:00,shadow,10055.534511198344
2026-09-29T22:15:37.645971+00:00,guarded,10196.101311318005
2026-09-29T22:15:37.647265+00:00,shadow,10055.534511198344
2026-09-29T22:30:38.586360+00:00,guarded,10196.101311318005
2026-09-29T22:30:38.685922+00:00,shadow,10055.534511198344
2026-09-29T22:45:37.118375+00:00,guarded,10196.101311318005
2026-09-29T22:45:37.120079+00:00,shadow,10055.534511198344
2026-09-29T23:00:57.816711+00:00,guarded,10196.101311318005
2026-09-29T23:00:57.833924+00:00,shadow,10055.534511198344
2026-09-29T23:15:40.518561+00:00,guarded,10196.101311318005
2026-09-29T23:15:40.520877+00:00,shadow,10055.534511198344
2026-09-29T23:30:40.897564+00:00,guarded,10196.101311318005
2026-09-29T23:30:40.909110+00:00,shadow,10055.534511198344
2026-09-29T23:45:37.129204+00:00,guarded,10196.101311318005
2026-09-29T23:45:37.130410+00:00,shadow,10055.534511198344
2026-09-30T00:00:48.378303+00:00,guarded,10196.101311318005
2026-09-30T00:00:48.379795+00:00,shadow,10055.534511198344
2026-09-30T00:15:39.809352+00:00,guarded,10196.101311318005
2026-09-30T00:15:39.810698+00:00,shadow,10055.534511198344
2026-09-30T00:19:32.573277+00:00,guarded,10196.101311318005
2026-09-30T00:19:32.574623+00:00,shadow,10055.534511198344
2026-09-30T00:30:41.110445+00:00,guarded,10196.101311318005
2026-09-30T00:30:41.111628+00:00,shadow,10055.534511198344
2026-09-30T00:45:40.414023+00:00,guarded,10196.101311318005
2026-09-30T00:45:40.415415+00:00,shadow,10055.534511198344
2026-09-30T01:00:42.495471+00:00,guarded,10196.101311318005
2026-09-30T01:00:42.496838+00:00,shadow,10055.534511198344
2026-09-30T01:15:40.389326+00:00,guarded,10196.101311318005
2026-09-30T01:15:40.390667+00:00,shadow,10055.534511198344
2026-09-30T01:30:36.407181+00:00,guarded,10196.101311318005
2026-09-30T01:30:36.408114+00:00,shadow,10055.534511198344
2026-09-30T01:45:43.727765+00:00,guarded,10196.101311318005
2026-09-30T01:45:43.729083+00:00,shadow,10055.534511198344
2026-09-30T02:00:35.099604+00:00,guarded,10196.101311318005
2026-09-30T02:00:35.100761+00:00,shadow,10055.534511198344
2026-09-30T02:15:35.242105+00:00,guarded,10196.101311318005
2026-09-30T02:15:35.243549+00:00,shadow,10055.534511198344
2026-09-30T02:30:41.469909+00:00,guarded,10196.101311318005
2026-09-30T02:30:41.471130+00:00,shadow,10055.534511198344
2026-09-30T02:45:44.747330+00:00,guarded,10196.101311318005
2026-09-30T02:45:44.748668+00:00,shadow,10055.534511198344
2026-09-30T03:00:40.837939+00:00,guarded,10196.101311318005
2026-09-30T03:00:40.839206+00:00,shadow,10055.534511198344
2026-09-30T03:17:48.033236+00:00,guarded,10196.101311318005
2026-09-30T03:17:48.034384+00:00,shadow,10055.534511198344
2026-09-30T03:30:36.888543+00:00,guarded,10196.101311318005
2026-09-30T03:30:36.920071+00:00,shadow,10055.534511198344
2026-09-30T03:45:37.116706+00:00,guarded,10196.101311318005
2026-09-30T03:45:37.117965+00:00,shadow,10055.534511198344
2026-09-30T04:00:41.037798+00:00,guarded,10196.101311318005
2026-09-30T04:00:41.039087+00:00,shadow,10055.534511198344
2026-09-30T04:15:39.486553+00:00,guarded,10196.101311318005
2026-09-30T04:15:39.487900+00:00,shadow,10055.534511198344
2026-09-30T04:30:39.018207+00:00,guarded,10196.101311318005
2026-09-30T04:30:39.019384+00:00,shadow,10055.534511198344
2026-09-30T04:45:42.670841+00:00,guarded,10196.101311318005
2026-09-30T04:45:42.672206+00:00,shadow,10055.534511198344
2026-09-30T05:00:36.363409+00:00,guarded,10196.101311318005
2026-09-30T05:00:36.364560+00:00,shadow,10055.534511198344
2026-09-30T05:15:40.601666+00:00,guarded,10196.101311318005
2026-09-30T05:15:40.602969+00:00,shadow,10055.534511198344
2026-09-30T05:30:34.252897+00:00,guarded,10196.101311318005
2026-09-30T05:30:34.253992+00:00,shadow,10055.534511198344
2026-09-30T05:45:37.964334+00:00,guarded,10196.101311318005
2026-09-30T05:45:37.965517+00:00,shadow,10055.534511198344
2026-09-30T06:00:44.724102+00:00,guarded,10196.101311318005
2026-09-30T06:00:44.725446+00:00,shadow,10055.534511198344
2026-09-30T06:15:38.336084+00:00,guarded,10196.101311318005
2026-09-30T06:15:38.337241+00:00,shadow,10055.534511198344
2026-09-30T06:30:39.694620+00:00,guarded,10196.101311318005
2026-09-30T06:30:39.695869+00:00,shadow,10055.534511198344
2026-09-30T06:36:37.344630+00:00,guarded,10196.101311318005
2026-09-30T06:36:37.579252+00:00,shadow,10055.534511198344
2026-09-30T06:45:39.128191+00:00,guarded,10196.101311318005
2026-09-30T06:45:39.129619+00:00,shadow,10055.534511198344
2026-09-30T07:00:43.597263+00:00,guarded,10196.101311318005
2026-09-30T07:00:43.598786+00:00,shadow,10055.534511198344
2026-09-30T07:15:41.968950+00:00,guarded,10196.101311318005
2026-09-30T07:15:41.970182+00:00,shadow,10055.534511198344
2026-09-30T07:30:37.971076+00:00,guarded,10196.101311318005
2026-09-30T07:30:37.972074+00:00,shadow,10055.534511198344
2026-09-30T07:45:42.038584+00:00,guarded,10196.101311318005
2026-09-30T07:45:42.039750+00:00,shadow,10055.534511198344
2026-09-30T08:00:48.571116+00:00,guarded,10196.101311318005
2026-09-30T08:00:48.572806+00:00,shadow,10055.534511198344
2026-09-30T08:15:38.735308+00:00,guarded,10196.101311318005
2026-09-30T08:15:38.736765+00:00,shadow,10055.534511198344
2026-09-30T08:30:40.686012+00:00,guarded,10196.101311318005
2026-09-30T08:30:40.687433+00:00,shadow,10055.534511198344
2026-09-30T08:45:37.691767+00:00,guarded,10196.101311318005
2026-09-30T08:45:37.692895+00:00,shadow,10055.534511198344
2026-09-30T09:00:48.407780+00:00,guarded,10196.101311318005
2026-09-30T09:00:48.409092+00:00,shadow,10055.534511198344
2026-09-30T09:16:47.980720+00:00,guarded,10196.101311318005
2026-09-30T09:16:47.982014+00:00,shadow,10055.534511198344
2026-09-30T09:30:41.295296+00:00,guarded,10196.101311318005
2026-09-30T09:30:41.297155+00:00,shadow,10055.534511198344
2026-09-30T09:45:41.356351+00:00,guarded,10196.101311318005
2026-09-30T09:45:41.357814+00:00,shadow,10055.534511198344
2026-09-30T10:00:40.903865+00:00,guarded,10196.101311318005
2026-09-30T10:00:40.905123+00:00,shadow,10055.534511198344
2026-09-30T10:15:35.620377+00:00,guarded,10196.101311318005
2026-09-30T10:15:35.625291+00:00,shadow,10055.534511198344
2026-09-30T10:30:34.185893+00:00,guarded,10196.101311318005
2026-09-30T10:30:34.186780+00:00,shadow,10055.534511198344
2026-09-30T10:45:39.981788+00:00,guarded,10196.101311318005
2026-09-30T10:45:39.982835+00:00,shadow,10055.534511198344
2026-09-30T11:00:42.833956+00:00,guarded,10196.101311318005
2026-09-30T11:00:42.835248+00:00,shadow,10055.534511198344
2026-09-30T11:15:40.288940+00:00,guarded,10196.101311318005
2026-09-30T11:15:40.290296+00:00,shadow,10055.534511198344
2026-09-30T11:30:40.526429+00:00,guarded,10196.101311318005
2026-09-30T11:30:40.527825+00:00,shadow,10055.534511198344
2026-09-30T11:45:38.559909+00:00,guarded,10196.101311318005
2026-09-30T11:45:38.560998+00:00,shadow,10055.534511198344
2026-09-30T12:00:44.343063+00:00,guarded,10196.101311318005
2026-09-30T12:00:44.344230+00:00,shadow,10055.534511198344
2026-09-30T12:16:00.250760+00:00,guarded,10196.101311318005
2026-09-30T12:16:00.252033+00:00,shadow,10055.534511198344
2026-09-30T12:30:46.773540+00:00,guarded,10196.101311318005
2026-09-30T12:30:46.774741+00:00,shadow,10055.534511198344
2026-09-30T12:45:39.961633+00:00,guarded,10196.101311318005
2026-09-30T12:45:40.114885+00:00,shadow,10055.534511198344
2026-09-30T13:00:47.538451+00:00,guarded,10196.101311318005
2026-09-30T13:00:47.539815+00:00,shadow,10055.534511198344
2026-09-30T13:15:42.762782+00:00,guarded,10196.101311318005
2026-09-30T13:15:42.764750+00:00,shadow,10055.534511198344
2026-09-30T13:30:51.338099+00:00,guarded,10196.101311318005
2026-09-30T13:30:51.339370+00:00,shadow,10055.534511198344
2026-09-30T13:35:54.634815+00:00,guarded,10196.101311318005
2026-09-30T13:35:54.636088+00:00,shadow,10055.534511198344
2026-09-30T13:45:39.592826+00:00,guarded,10196.101311318005
2026-09-30T13:45:39.593951+00:00,shadow,10055.534511198344
2026-09-30T14:01:20.565625+00:00,guarded,10196.101311318005
2026-09-30T14:01:20.567042+00:00,shadow,10055.534511198344
2026-09-30T14:15:44.130162+00:00,guarded,10196.101311318005
2026-09-30T14:15:44.132702+00:00,shadow,10055.534511198344
2026-09-30T14:30:43.537321+00:00,guarded,10196.101311318005
2026-09-30T14:30:43.546910+00:00,shadow,10055.534511198344
2026-09-30T14:45:42.451494+00:00,guarded,10196.101311318005
2026-09-30T14:45:42.452545+00:00,shadow,10055.534511198344
2026-09-30T15:00:46.916374+00:00,guarded,10196.101311318005
2026-09-30T15:00:46.917624+00:00,shadow,10055.534511198344
2026-09-30T15:15:36.002171+00:00,guarded,10196.101311318005
2026-09-30T15:15:36.010266+00:00,shadow,10055.534511198344
2026-09-30T15:30:39.126239+00:00,guarded,10196.101311318005
2026-09-30T15:30:39.127839+00:00,shadow,10055.534511198344
2026-09-30T15:45:40.376066+00:00,guarded,10196.101311318005
2026-09-30T15:45:40.377304+00:00,shadow,10055.534511198344
2026-09-30T16:00:46.089165+00:00,guarded,10196.101311318005
2026-09-30T16:00:46.090490+00:00,shadow,10055.534511198344
2026-09-30T16:15:41.269066+00:00,guarded,10196.101311318005
2026-09-30T16:15:41.270770+00:00,shadow,10055.534511198344
2026-09-30T16:30:40.724055+00:00,guarded,10196.101311318005
2026-09-30T16:30:40.725446+00:00,shadow,10055.534511198344
2026-09-30T16:45:39.220872+00:00,guarded,10196.101311318005
2026-09-30T16:45:39.222259+00:00,shadow,10055.534511198344
2026-09-30T17:00:50.647146+00:00,guarded,10196.101311318005
2026-09-30T17:00:50.648277+00:00,shadow,10055.534511198344
2026-09-30T17:15:39.608745+00:00,guarded,10196.101311318005
2026-09-30T17:15:39.609853+00:00,shadow,10055.534511198344
2026-09-30T17:30:41.313322+00:00,guarded,10196.101311318005
2026-09-30T17:30:41.314678+00:00,shadow,10055.534511198344
2026-09-30T17:45:39.313116+00:00,guarded,10196.101311318005
2026-09-30T17:45:39.314522+00:00,shadow,10055.534511198344
2026-09-30T18:00:44.238104+00:00,guarded,10196.101311318005
2026-09-30T18:00:44.239472+00:00,shadow,10055.534511198344
2026-09-30T18:15:49.549719+00:00,guarded,10196.101311318005
2026-09-30T18:15:49.551226+00:00,shadow,10055.534511198344
2026-09-30T18:30:44.536381+00:00,guarded,10196.101311318005
2026-09-30T18:30:44.537795+00:00,shadow,10055.534511198344
2026-09-30T18:46:19.119305+00:00,guarded,10196.101311318005
2026-09-30T18:46:19.120664+00:00,shadow,10055.534511198344
2026-09-30T19:01:04.290600+00:00,guarded,10196.101311318005
2026-09-30T19:01:04.291842+00:00,shadow,10055.534511198344
2026-09-30T19:07:37.247859+00:00,guarded,10196.101311318005
2026-09-30T19:07:37.249319+00:00,shadow,10055.534511198344
2026-09-30T19:15:41.537718+00:00,guarded,10196.101311318005
2026-09-30T19:15:41.538966+00:00,shadow,10055.534511198344
2026-09-30T19:30:42.786354+00:00,guarded,10196.101311318005
2026-09-30T19:30:42.787523+00:00,shadow,10055.534511198344
2026-09-30T19:45:42.678894+00:00,guarded,10196.101311318005
2026-09-30T19:45:42.680235+00:00,shadow,10055.534511198344
2026-09-30T20:00:38.378450+00:00,guarded,10196.101311318005
2026-09-30T20:00:38.379538+00:00,shadow,10055.534511198344
2026-09-30T20:15:38.354343+00:00,guarded,10196.101311318005
2026-09-30T20:15:38.355652+00:00,shadow,10055.534511198344
2026-09-30T20:30:45.684366+00:00,guarded,10196.101311318005
2026-09-30T20:30:45.685527+00:00,shadow,10055.534511198344
2026-09-30T20:45:40.517487+00:00,guarded,10196.101311318005
2026-09-30T20:45:40.518672+00:00,shadow,10055.534511198344
2026-09-30T21:01:05.100561+00:00,guarded,10196.101311318005
2026-09-30T21:01:05.101967+00:00,shadow,10055.534511198344
2026-09-30T21:15:38.326158+00:00,guarded,10196.101311318005
2026-09-30T21:15:38.327613+00:00,shadow,10055.534511198344
2026-09-30T21:30:41.430548+00:00,guarded,10196.101311318005
2026-09-30T21:30:41.431834+00:00,shadow,10055.534511198344
2026-09-30T21:45:37.426404+00:00,guarded,10196.101311318005
2026-09-30T21:45:37.427607+00:00,shadow,10055.534511198344
2026-09-30T22:00:41.616743+00:00,guarded,10196.101311318005
2026-09-30T22:00:41.618170+00:00,shadow,10055.534511198344
2026-09-30T22:15:40.815270+00:00,guarded,10196.101311318005
2026-09-30T22:15:40.816671+00:00,shadow,10055.534511198344
2026-09-30T22:30:40.269279+00:00,guarded,10196.101311318005
2026-09-30T22:30:40.270455+00:00,shadow,10055.534511198344
2026-09-30T22:45:45.902456+00:00,guarded,10196.101311318005
2026-09-30T22:45:45.904299+00:00,shadow,10055.534511198344
2026-09-30T22:58:41.125434+00:00,guarded,10196.101311318005
2026-09-30T22:58:41.129769+00:00,shadow,10055.534511198344
2026-09-30T23:00:48.202629+00:00,guarded,10196.101311318005
2026-09-30T23:00:48.203933+00:00,shadow,10055.534511198344
2026-09-30T23:15:39.955575+00:00,guarded,10196.101311318005
2026-09-30T23:15:39.956849+00:00,shadow,10055.534511198344
2026-09-30T23:30:39.007930+00:00,guarded,10196.101311318005
2026-09-30T23:30:39.009144+00:00,shadow,10055.534511198344
2026-09-30T23:45:39.284280+00:00,guarded,10196.101311318005
2026-09-30T23:45:39.285705+00:00,shadow,10055.534511198344
2026-10-01T00:00:45.556432+00:00,guarded,10196.101311318005
2026-10-01T00:00:45.557752+00:00,shadow,10055.534511198344
2026-10-01T00:15:37.028814+00:00,guarded,10196.101311318005
2026-10-01T00:15:37.029906+00:00,shadow,10055.534511198344
2026-10-01T00:30:38.707097+00:00,guarded,10196.101311318005
2026-10-01T00:30:38.708340+00:00,shadow,10055.534511198344
2026-10-01T00:45:34.555827+00:00,guarded,10196.101311318005
2026-10-01T00:45:34.556984+00:00,shadow,10055.534511198344
2026-10-01T01:00:40.591310+00:00,guarded,10196.101311318005
2026-10-01T01:00:40.592575+00:00,shadow,10055.534511198344
2026-10-01T01:15:41.535365+00:00,guarded,10196.101311318005
2026-10-01T01:15:41.536675+00:00,shadow,10055.534511198344
2026-10-01T01:30:36.530913+00:00,guarded,10196.101311318005
2026-10-01T01:30:36.532192+00:00,shadow,10055.534511198344
2026-10-01T01:45:39.672914+00:00,guarded,10196.101311318005
2026-10-01T01:45:39.674791+00:00,shadow,10055.534511198344
2026-10-01T02:00:43.320379+00:00,guarded,10196.101311318005
2026-10-01T02:00:43.321506+00:00,shadow,10055.534511198344
2026-10-01T02:02:25.695915+00:00,guarded,10196.101311318005
2026-10-01T02:02:25.697527+00:00,shadow,10055.534511198344
2026-10-01T02:15:37.912535+00:00,guarded,10196.101311318005
2026-10-01T02:15:37.913892+00:00,shadow,10055.534511198344
2026-10-01T02:30:44.015039+00:00,guarded,10196.101311318005
2026-10-01T02:30:44.016946+00:00,shadow,10055.534511198344
2026-10-01T02:45:38.421457+00:00,guarded,10196.101311318005
2026-10-01T02:45:38.422648+00:00,shadow,10055.534511198344
2026-10-01T03:00:43.967265+00:00,guarded,10196.101311318005
2026-10-01T03:00:43.968328+00:00,shadow,10055.534511198344
2026-10-01T03:15:39.159968+00:00,guarded,10196.101311318005
2026-10-01T03:15:39.161088+00:00,shadow,10055.534511198344
2026-10-01T03:30:39.566110+00:00,guarded,10196.101311318005
2026-10-01T03:30:39.567155+00:00,shadow,10055.534511198344
2026-10-01T03:45:37.437471+00:00,guarded,10196.101311318005
2026-10-01T03:45:37.438743+00:00,shadow,10055.534511198344
2026-10-01T04:00:37.939679+00:00,guarded,10196.101311318005
2026-10-01T04:00:37.940615+00:00,shadow,10055.534511198344
2026-10-01T04:15:37.676989+00:00,guarded,10196.101311318005
2026-10-01T04:15:37.678133+00:00,shadow,10055.534511198344
2026-10-01T04:30:39.857420+00:00,guarded,10196.101311318005
2026-10-01T04:30:39.858765+00:00,shadow,10055.534511198344
2026-10-01T04:45:38.604526+00:00,guarded,10196.101311318005
2026-10-01T04:45:38.606133+00:00,shadow,10055.534511198344
2026-10-01T05:00:36.808320+00:00,guarded,10196.101311318005
2026-10-01T05:00:36.810041+00:00,shadow,10055.534511198344
2026-10-01T05:15:39.774900+00:00,guarded,10196.101311318005
2026-10-01T05:15:39.776307+00:00,shadow,10055.534511198344
2026-10-01T05:30:36.859090+00:00,guarded,10196.101311318005
2026-10-01T05:30:36.860472+00:00,shadow,10055.534511198344
2026-10-01T05:45:43.043794+00:00,guarded,10196.101311318005
2026-10-01T05:45:43.045014+00:00,shadow,10055.534511198344
2026-10-01T06:00:42.771302+00:00,guarded,10196.101311318005
2026-10-01T06:00:42.772487+00:00,shadow,10055.534511198344
2026-10-01T06:18:12.869298+00:00,guarded,10196.101311318005
2026-10-01T06:18:12.870609+00:00,shadow,10055.534511198344
2026-10-01T06:30:33.180097+00:00,guarded,10196.101311318005
2026-10-01T06:30:33.181059+00:00,shadow,10055.534511198344
2026-10-01T06:45:39.931778+00:00,guarded,10196.101311318005
2026-10-01T06:45:39.932713+00:00,shadow,10055.534511198344
2026-10-01T07:00:44.006081+00:00,guarded,10196.101311318005
2026-10-01T07:00:44.007584+00:00,shadow,10055.534511198344
2026-10-01T07:15:46.744522+00:00,guarded,10196.101311318005
2026-10-01T07:15:46.745684+00:00,shadow,10053.237977669769
2026-10-01T07:30:40.843663+00:00,guarded,10196.101311318005
2026-10-01T07:30:40.844735+00:00,shadow,9951.823839245139
2026-10-01T07:46:02.204727+00:00,guarded,10196.101311318005
2026-10-01T07:46:02.206368+00:00,shadow,9951.823839245139
2026-10-01T08:00:41.388592+00:00,guarded,10196.101311318005
2026-10-01T08:00:41.389705+00:00,shadow,9951.823839245139
2026-10-01T08:15:44.225810+00:00,guarded,10196.101311318005
2026-10-01T08:15:44.226851+00:00,shadow,9951.823839245139
2026-10-01T08:30:47.375828+00:00,guarded,10196.101311318005
2026-10-01T08:30:47.377311+00:00,shadow,9951.823839245139
2026-10-01T08:45:27.677857+00:00,guarded,10196.101311318005
2026-10-01T08:45:27.723619+00:00,shadow,9951.823839245139
2026-10-01T08:46:02.934560+00:00,guarded,10196.101311318005
2026-10-01T08:46:02.935877+00:00,shadow,9951.823839245139
2026-10-01T09:00:44.608483+00:00,guarded,10196.101311318005
2026-10-01T09:00:44.609938+00:00,shadow,9951.823839245139
2026-10-01T09:15:44.165864+00:00,guarded,10196.101311318005
2026-10-01T09:15:44.167323+00:00,shadow,9951.823839245139
2026-10-01T09:30:50.474264+00:00,guarded,10196.101311318005
2026-10-01T09:30:50.475481+00:00,shadow,9951.823839245139
2026-10-01T09:45:45.057724+00:00,guarded,10196.101311318005
2026-10-01T09:45:45.060061+00:00,shadow,9951.823839245139
2026-10-01T10:00:47.385701+00:00,guarded,10196.101311318005
2026-10-01T10:00:47.387020+00:00,shadow,9951.823839245139
2026-10-01T10:15:36.500648+00:00,guarded,10196.101311318005
2026-10-01T10:15:36.809746+00:00,shadow,9951.823839245139
2026-10-01T10:30:41.067068+00:00,guarded,10196.101311318005
2026-10-01T10:30:41.068218+00:00,shadow,9951.823839245139
2026-10-01T10:45:38.066159+00:00,guarded,10196.101311318005
2026-10-01T10:45:38.067566+00:00,shadow,9951.823839245139
2026-10-01T11:00:45.382242+00:00,guarded,10196.101311318005
2026-10-01T11:00:45.383350+00:00,shadow,9951.823839245139
2026-10-01T11:15:34.240806+00:00,guarded,10196.101311318005
2026-10-01T11:15:34.383461+00:00,shadow,9951.823839245139
2026-10-01T11:30:47.809887+00:00,guarded,10196.101311318005
2026-10-01T11:30:47.811263+00:00,shadow,9951.823839245139
2026-10-01T11:45:38.629706+00:00,guarded,10196.101311318005
2026-10-01T11:45:38.631013+00:00,shadow,9951.823839245139
2026-10-01T12:00:42.870312+00:00,guarded,10196.101311318005
2026-10-01T12:00:42.871584+00:00,shadow,9951.823839245139
2026-10-01T12:15:42.431820+00:00,guarded,10196.101311318005
2026-10-01T12:15:42.433533+00:00,shadow,9951.823839245139
2026-10-01T12:30:45.777771+00:00,guarded,10196.101311318005
2026-10-01T12:30:45.779085+00:00,shadow,9951.823839245139
2026-10-01T12:45:47.673832+00:00,guarded,10196.101311318005
2026-10-01T12:45:47.674816+00:00,shadow,9951.823839245139
2026-10-01T13:00:43.920108+00:00,guarded,10196.101311318005
2026-10-01T13:00:43.921553+00:00,shadow,9951.823839245139
2026-10-01T13:15:42.705231+00:00,guarded,10196.101311318005
2026-10-01T13:15:42.706595+00:00,shadow,9951.823839245139
2026-10-01T13:30:36.384861+00:00,guarded,10196.101311318005
2026-10-01T13:30:36.385941+00:00,shadow,9951.823839245139
2026-10-01T13:45:39.789489+00:00,guarded,10196.101311318005
2026-10-01T13:45:39.790921+00:00,shadow,9951.823839245139
2026-10-01T14:00:45.057907+00:00,guarded,10196.101311318005
2026-10-01T14:00:45.059369+00:00,shadow,9951.823839245139
2026-10-01T14:15:39.090024+00:00,guarded,10196.101311318005
2026-10-01T14:15:39.091321+00:00,shadow,9951.823839245139
2026-10-01T14:30:41.471139+00:00,guarded,10196.101311318005
2026-10-01T14:30:41.472561+00:00,shadow,9951.823839245139
2026-10-01T14:45:44.270155+00:00,guarded,10196.101311318005
2026-10-01T14:45:44.271599+00:00,shadow,9951.823839245139
2026-10-01T15:00:46.083062+00:00,guarded,10196.101311318005
2026-10-01T15:00:46.084724+00:00,shadow,9951.823839245139
2026-10-01T15:16:11.071032+00:00,guarded,10196.101311318005
2026-10-01T15:16:11.072281+00:00,shadow,9951.823839245139
2026-10-01T15:31:15.800277+00:00,guarded,10196.101311318005
2026-10-01T15:31:15.801454+00:00,shadow,9951.823839245139
2026-10-01T15:45:45.131786+00:00,guarded,10196.101311318005
2026-10-01T15:45:45.132918+00:00,shadow,9951.823839245139
2026-10-01T16:00:46.340343+00:00,guarded,10196.101311318005
2026-10-01T16:00:46.341796+00:00,shadow,9951.823839245139
2026-10-01T16:15:44.344809+00:00,guarded,10196.101311318005
2026-10-01T16:15:44.346270+00:00,shadow,9951.823839245139
2026-10-01T16:19:17.970825+00:00,guarded,10196.101311318005
2026-10-01T16:19:17.972570+00:00,shadow,9951.823839245139
2026-10-01T16:30:43.723597+00:00,guarded,10196.101311318005
2026-10-01T16:30:43.724952+00:00,shadow,9951.823839245139
2026-10-01T16:45:39.491734+00:00,guarded,10196.101311318005
2026-10-01T16:45:39.492907+00:00,shadow,9951.823839245139
2026-10-01T17:00:45.170758+00:00,guarded,10196.101311318005
2026-10-01T17:00:45.362425+00:00,shadow,9951.823839245139
2026-10-01T17:15:41.780786+00:00,guarded,10196.101311318005
2026-10-01T17:15:41.782147+00:00,shadow,9951.823839245139
2026-10-01T17:30:42.013276+00:00,guarded,10196.101311318005
2026-10-01T17:30:42.014405+00:00,shadow,9951.823839245139
2026-10-01T17:45:42.900687+00:00,guarded,10196.101311318005
2026-10-01T17:45:42.901846+00:00,shadow,9951.823839245139
2026-10-01T18:00:49.801384+00:00,guarded,10196.101311318005
2026-10-01T18:00:49.802567+00:00,shadow,9951.823839245139
2026-10-01T18:15:46.584786+00:00,guarded,10196.101311318005
2026-10-01T18:15:46.585999+00:00,shadow,9951.823839245139
2026-10-01T18:30:42.390087+00:00,guarded,10196.101311318005
2026-10-01T18:30:42.391921+00:00,shadow,9951.823839245139
2026-10-01T18:45:39.590568+00:00,guarded,10196.101311318005
2026-10-01T18:45:39.592397+00:00,shadow,9951.823839245139
2026-10-01T19:00:38.628708+00:00,guarded,10196.101311318005
2026-10-01T19:00:38.630052+00:00,shadow,9951.823839245139
2026-10-01T19:15:40.918544+00:00,guarded,10196.101311318005
2026-10-01T19:15:40.919832+00:00,shadow,9951.823839245139
2026-10-01T19:30:36.694940+00:00,guarded,10196.101311318005
2026-10-01T19:30:36.696228+00:00,shadow,9951.823839245139
2026-10-01T19:45:42.313733+00:00,guarded,10196.101311318005
2026-10-01T19:45:42.314839+00:00,shadow,9951.823839245139
2026-10-01T20:00:40.470922+00:00,guarded,10196.101311318005
2026-10-01T20:00:40.472196+00:00,shadow,9951.823839245139
2026-10-01T20:15:36.414389+00:00,guarded,10196.101311318005
2026-10-01T20:15:36.415502+00:00,shadow,9951.823839245139
2026-10-01T20:30:33.549803+00:00,guarded,10196.101311318005
2026-10-01T20:30:33.551036+00:00,shadow,9951.823839245139
2026-10-01T20:45:41.196744+00:00,guarded,10196.101311318005
2026-10-01T20:45:41.197979+00:00,shadow,9951.823839245139
2026-10-01T21:00:37.324199+00:00,guarded,10196.101311318005
2026-10-01T21:00:37.325537+00:00,shadow,9951.823839245139
2026-10-01T21:15:38.553989+00:00,guarded,10196.101311318005
2026-10-01T21:15:38.555078+00:00,shadow,9951.823839245139
2026-10-01T21:30:39.770376+00:00,guarded,10196.101311318005
2026-10-01T21:30:39.771770+00:00,shadow,9951.823839245139
2026-10-01T21:45:46.553208+00:00,guarded,10196.101311318005
2026-10-01T21:45:46.557398+00:00,shadow,9951.823839245139
2026-10-01T21:46:26.627811+00:00,guarded,10196.101311318005
2026-10-01T21:46:26.635921+00:00,shadow,9951.823839245139
2026-10-01T22:00:42.310612+00:00,guarded,10196.101311318005
2026-10-01T22:00:42.311961+00:00,shadow,9951.823839245139
2026-10-01T22:15:39.425571+00:00,guarded,10196.101311318005
2026-10-01T22:15:39.426692+00:00,shadow,9951.823839245139
2026-10-01T22:30:39.780707+00:00,guarded,10196.101311318005
2026-10-01T22:30:39.781966+00:00,shadow,9951.823839245139
2026-10-01T22:45:41.268985+00:00,guarded,10196.101311318005
2026-10-01T22:45:41.270065+00:00,shadow,9951.823839245139
2026-10-01T23:00:44.214070+00:00,guarded,10196.101311318005
2026-10-01T23:00:44.215304+00:00,shadow,9951.823839245139
2026-10-01T23:15:38.680479+00:00,guarded,10196.101311318005
2026-10-01T23:15:38.681958+00:00,shadow,9951.823839245139
2026-10-01T23:30:38.853132+00:00,guarded,10196.101311318005
2026-10-01T23:30:38.854574+00:00,shadow,9951.823839245139
2026-10-01T23:45:37.997485+00:00,guarded,10196.101311318005
2026-10-01T23:45:37.998954+00:00,shadow,9951.823839245139
2026-10-02T00:00:40.026696+00:00,guarded,10196.101311318005
2026-10-02T00:00:40.027845+00:00,shadow,9951.823839245139
2026-10-02T00:15:40.986134+00:00,guarded,10196.101311318005
2026-10-02T00:15:40.987320+00:00,shadow,9951.823839245139
2026-10-02T00:30:37.650600+00:00,guarded,10196.101311318005
2026-10-02T00:30:37.651642+00:00,shadow,9951.823839245139
2026-10-02T00:46:17.501428+00:00,guarded,10196.101311318005
2026-10-02T00:46:17.502440+00:00,shadow,9951.823839245139
2026-10-02T01:00:38.864815+00:00,guarded,10196.101311318005
2026-10-02T01:00:38.865948+00:00,shadow,9951.823839245139
2026-10-02T01:15:36.292187+00:00,guarded,10196.101311318005
2026-10-02T01:15:36.293638+00:00,shadow,9951.823839245139
2026-10-02T01:30:36.259634+00:00,guarded,10196.101311318005
2026-10-02T01:30:36.260894+00:00,shadow,9951.823839245139
2026-10-02T01:35:42.675114+00:00,guarded,10196.101311318005
2026-10-02T01:35:42.676600+00:00,shadow,9951.823839245139
2026-10-02T01:45:44.034959+00:00,guarded,10196.101311318005
2026-10-02T01:45:44.036158+00:00,shadow,9951.823839245139
2026-10-02T02:00:39.573694+00:00,guarded,10196.101311318005
2026-10-02T02:00:39.620042+00:00,shadow,9951.823839245139
2026-10-02T02:15:41.510824+00:00,guarded,10196.101311318005
2026-10-02T02:15:41.512019+00:00,shadow,9951.823839245139
2026-10-02T02:30:41.180667+00:00,guarded,10196.101311318005
2026-10-02T02:30:41.182046+00:00,shadow,9951.823839245139
2026-10-02T02:45:37.837474+00:00,guarded,10196.101311318005
2026-10-02T02:45:37.838707+00:00,shadow,9951.823839245139
2026-10-02T03:00:41.891568+00:00,guarded,10196.101311318005
2026-10-02T03:00:41.893623+00:00,shadow,9951.823839245139
2026-10-02T03:15:38.275709+00:00,guarded,10196.101311318005
2026-10-02T03:15:38.468509+00:00,shadow,9951.823839245139
2026-10-02T03:30:41.179578+00:00,guarded,10196.101311318005
2026-10-02T03:30:41.180855+00:00,shadow,9951.823839245139
2026-10-02T03:45:37.321046+00:00,guarded,10196.101311318005
2026-10-02T03:45:37.322401+00:00,shadow,9951.823839245139
2026-10-02T04:00:48.619136+00:00,guarded,10196.101311318005
2026-10-02T04:00:48.620490+00:00,shadow,9951.823839245139
2026-10-02T04:15:38.645604+00:00,guarded,10196.101311318005
2026-10-02T04:15:38.646773+00:00,shadow,9951.823839245139
2026-10-02T04:30:41.686742+00:00,guarded,10196.101311318005
2026-10-02T04:30:41.688255+00:00,shadow,9951.823839245139
2026-10-02T04:45:38.042951+00:00,guarded,10196.101311318005
2026-10-02T04:45:38.044275+00:00,shadow,9951.823839245139
2026-10-02T05:00:41.263667+00:00,guarded,10196.101311318005
2026-10-02T05:00:41.264967+00:00,shadow,9951.823839245139
2026-10-02T05:15:32.298003+00:00,guarded,10196.101311318005
2026-10-02T05:15:32.299517+00:00,shadow,9951.823839245139
2026-10-02T05:30:39.693298+00:00,guarded,10196.101311318005
2026-10-02T05:30:39.694626+00:00,shadow,9951.823839245139
2026-10-02T05:45:35.922723+00:00,guarded,10196.101311318005
2026-10-02T05:45:35.923994+00:00,shadow,9951.823839245139
2026-10-02T06:00:35.812151+00:00,guarded,10196.101311318005
2026-10-02T06:00:35.813095+00:00,shadow,9951.823839245139
2026-10-02T06:15:36.820914+00:00,guarded,10196.101311318005
2026-10-02T06:15:36.880707+00:00,shadow,9951.823839245139
2026-10-02T06:30:42.355483+00:00,guarded,10196.101311318005
2026-10-02T06:30:42.357189+00:00,shadow,9951.823839245139
2026-10-02T06:45:38.077936+00:00,guarded,10196.101311318005
2026-10-02T06:45:38.079249+00:00,shadow,9951.823839245139
2026-10-02T07:00:40.554624+00:00,guarded,10196.101311318005
2026-10-02T07:00:40.555869+00:00,shadow,9951.823839245139
2026-10-02T07:15:59.890220+00:00,guarded,10196.101311318005
2026-10-02T07:15:59.891678+00:00,shadow,9951.823839245139
2026-10-02T07:30:44.208422+00:00,guarded,10196.101311318005
2026-10-02T07:30:44.209610+00:00,shadow,9951.823839245139
2026-10-02T07:45:50.649592+00:00,guarded,10196.101311318005
2026-10-02T07:45:50.651011+00:00,shadow,9951.823839245139
2026-10-02T08:00:40.096324+00:00,guarded,10196.101311318005
2026-10-02T08:00:40.097489+00:00,shadow,9951.823839245139
2026-10-02T08:15:39.965611+00:00,guarded,10196.101311318005
2026-10-02T08:15:39.966963+00:00,shadow,9951.823839245139
2026-10-02T08:23:55.376465+00:00,guarded,10196.101311318005
2026-10-02T08:23:55.844004+00:00,shadow,9951.823839245139
2026-10-02T08:30:43.490707+00:00,guarded,10196.101311318005
2026-10-02T08:30:43.491946+00:00,shadow,9951.823839245139
2026-10-02T08:45:42.484151+00:00,guarded,10196.101311318005
2026-10-02T08:45:42.485534+00:00,shadow,9951.823839245139
2026-10-02T09:00:41.081906+00:00,guarded,10196.101311318005
2026-10-02T09:00:41.162087+00:00,shadow,9951.823839245139
2026-10-02T09:15:35.358193+00:00,guarded,10196.101311318005
2026-10-02T09:15:35.359231+00:00,shadow,9951.823839245139
2026-10-02T09:30:39.977248+00:00,guarded,10196.101311318005
2026-10-02T09:30:39.978456+00:00,shadow,9951.823839245139
2026-10-02T09:45:36.476206+00:00,guarded,10196.101311318005
2026-10-02T09:45:36.477406+00:00,shadow,9951.823839245139
2026-10-02T10:00:40.429911+00:00,guarded,10196.101311318005
2026-10-02T10:00:40.430806+00:00,shadow,9951.823839245139
2026-10-02T10:15:42.990369+00:00,guarded,10196.101311318005
2026-10-02T10:15:42.991804+00:00,shadow,9951.823839245139
2026-10-02T10:30:43.568022+00:00,guarded,10196.101311318005
2026-10-02T10:30:43.569200+00:00,shadow,9951.823839245139
2026-10-02T10:45:37.816933+00:00,guarded,10196.101311318005
2026-10-02T10:45:37.818019+00:00,shadow,9951.823839245139
2026-10-02T11:00:42.774615+00:00,guarded,10196.101311318005
2026-10-02T11:00:42.775887+00:00,shadow,9951.823839245139
2026-10-02T11:15:37.847676+00:00,guarded,10196.101311318005
2026-10-02T11:15:37.849053+00:00,shadow,9951.823839245139
2026-10-02T11:30:38.985929+00:00,guarded,10196.101311318005
2026-10-02T11:30:38.987031+00:00,shadow,9951.823839245139
2026-10-02T11:45:38.584045+00:00,guarded,10196.101311318005
2026-10-02T11:45:38.585746+00:00,shadow,9951.823839245139
2026-10-02T12:00:42.279209+00:00,guarded,10196.101311318005
2026-10-02T12:00:42.280589+00:00,shadow,9951.823839245139
2026-10-02T12:15:37.859661+00:00,guarded,10196.101311318005
2026-10-02T12:15:37.860816+00:00,shadow,9951.823839245139
2026-10-02T12:30:36.436175+00:00,guarded,10196.101311318005
2026-10-02T12:30:36.437150+00:00,shadow,9951.823839245139
2026-10-02T12:45:40.495139+00:00,guarded,10196.101311318005
2026-10-02T12:45:40.496386+00:00,shadow,9951.823839245139
2026-10-02T13:00:44.526967+00:00,guarded,10196.101311318005
2026-10-02T13:00:44.527958+00:00,shadow,9951.823839245139
2026-10-02T13:15:38.893410+00:00,guarded,10196.101311318005
2026-10-02T13:15:38.895470+00:00,shadow,9951.823839245139
2026-10-02T13:30:45.273770+00:00,guarded,10196.101311318005
2026-10-02T13:30:45.274799+00:00,shadow,9951.823839245139
2026-10-02T13:45:38.289390+00:00,guarded,10196.101311318005
2026-10-02T13:45:38.290433+00:00,shadow,9951.823839245139
2026-10-02T14:00:38.670415+00:00,guarded,10196.101311318005
2026-10-02T14:00:38.671345+00:00,shadow,9951.823839245139
2026-10-02T14:15:33.391226+00:00,guarded,10196.101311318005
2026-10-02T14:15:33.392128+00:00,shadow,9951.823839245139
2026-10-02T14:30:44.597905+00:00,guarded,10196.101311318005
2026-10-02T14:30:44.599208+00:00,shadow,9951.823839245139
2026-10-02T14:45:40.688164+00:00,guarded,10196.101311318005
2026-10-02T14:45:40.689471+00:00,shadow,9951.823839245139
2026-10-02T15:00:45.249702+00:00,guarded,10196.101311318005
2026-10-02T15:00:45.250828+00:00,shadow,9951.823839245139
2026-10-02T15:16:13.269384+00:00,guarded,10196.101311318005
2026-10-02T15:16:13.270784+00:00,shadow,9951.823839245139
2026-10-02T15:30:42.258110+00:00,guarded,10196.101311318005
2026-10-02T15:30:42.259307+00:00,shadow,9951.823839245139
2026-10-02T15:43:24.232965+00:00,guarded,10196.101311318005
2026-10-02T15:43:24.234370+00:00,shadow,9951.823839245139
2026-10-02T15:45:42.235794+00:00,guarded,10196.101311318005
2026-10-02T15:45:42.237045+00:00,shadow,9951.823839245139
2026-10-02T16:00:44.737955+00:00,guarded,10196.101311318005
2026-10-02T16:00:44.739009+00:00,shadow,9951.823839245139
2026-10-02T16:15:38.780172+00:00,guarded,10196.101311318005
2026-10-02T16:15:38.781650+00:00,shadow,9951.823839245139
2026-10-02T16:30:44.424444+00:00,guarded,10196.101311318005
2026-10-02T16:30:44.425750+00:00,shadow,9951.823839245139
2026-10-02T16:45:39.217960+00:00,guarded,10196.101311318005
2026-10-02T16:45:39.219220+00:00,shadow,9951.823839245139
2026-10-02T17:00:42.989504+00:00,guarded,10196.101311318005
2026-10-02T17:00:42.990651+00:00,shadow,9951.823839245139
2026-10-02T17:15:40.723733+00:00,guarded,10196.101311318005
2026-10-02T17:15:40.725125+00:00,shadow,9951.823839245139
2026-10-02T17:30:41.822970+00:00,guarded,10196.101311318005
2026-10-02T17:30:41.824738+00:00,shadow,9951.823839245139
2026-10-02T17:45:40.972257+00:00,guarded,10196.101311318005
2026-10-02T17:45:40.973405+00:00,shadow,9951.823839245139
2026-10-02T18:00:42.277057+00:00,guarded,10196.101311318005
2026-10-02T18:00:42.278543+00:00,shadow,9951.823839245139
2026-10-02T18:15:36.539700+00:00,guarded,10196.101311318005
2026-10-02T18:15:36.540805+00:00,shadow,9951.823839245139
2026-10-02T18:30:35.555865+00:00,guarded,10196.101311318005
2026-10-02T18:30:35.556974+00:00,shadow,9951.823839245139
2026-10-02T18:45:35.869832+00:00,guarded,10196.101311318005
2026-10-02T18:45:35.906320+00:00,shadow,9951.823839245139
2026-10-02T19:00:38.209392+00:00,guarded,10196.101311318005
2026-10-02T19:00:38.210922+00:00,shadow,9951.823839245139
2026-10-02T19:15:39.626302+00:00,guarded,10196.101311318005
2026-10-02T19:15:39.627606+00:00,shadow,9951.823839245139
2026-10-02T19:31:15.865543+00:00,guarded,10196.101311318005
2026-10-02T19:31:15.866781+00:00,shadow,9951.823839245139
2026-10-02T19:45:36.710076+00:00,guarded,10196.101311318005
2026-10-02T19:45:36.711317+00:00,shadow,9951.823839245139
2026-10-02T20:00:42.454487+00:00,guarded,10196.101311318005
2026-10-02T20:00:42.455763+00:00,shadow,9951.823839245139
2026-10-02T20:15:40.115837+00:00,guarded,10196.101311318005
2026-10-02T20:15:40.117948+00:00,shadow,9951.823839245139
2026-10-02T20:30:44.498015+00:00,guarded,10196.101311318005
2026-10-02T20:30:44.499263+00:00,shadow,9951.823839245139
2026-10-02T20:39:11.526446+00:00,guarded,10196.101311318005
2026-10-02T20:39:11.527816+00:00,shadow,9951.823839245139
2026-10-02T20:45:41.948007+00:00,guarded,10196.101311318005
2026-10-02T20:45:41.949444+00:00,shadow,9951.823839245139
2026-10-02T21:00:42.665120+00:00,guarded,10196.101311318005
2026-10-02T21:00:42.666460+00:00,shadow,9951.823839245139
2026-10-02T21:15:37.914914+00:00,guarded,10196.101311318005
2026-10-02T21:15:38.137532+00:00,shadow,9951.823839245139
2026-10-02T21:30:39.950112+00:00,guarded,10196.101311318005
2026-10-02T21:30:39.951634+00:00,shadow,9951.823839245139
2026-10-02T21:45:34.841333+00:00,guarded,10196.101311318005
2026-10-02T21:45:34.882565+00:00,shadow,9951.823839245139
2026-10-02T22:00:47.110699+00:00,guarded,10196.101311318005
2026-10-02T22:00:47.112004+00:00,shadow,9951.823839245139
2026-10-02T22:15:36.424397+00:00,guarded,10196.101311318005
2026-10-02T22:15:36.425484+00:00,shadow,9951.823839245139
2026-10-02T22:30:36.935806+00:00,guarded,10196.101311318005
2026-10-02T22:30:36.952422+00:00,shadow,9951.823839245139
2026-10-02T22:45:36.781212+00:00,guarded,10196.101311318005
2026-10-02T22:45:36.782347+00:00,shadow,9951.823839245139
2026-10-02T23:00:39.735003+00:00,guarded,10196.101311318005
2026-10-02T23:00:39.736286+00:00,shadow,9951.823839245139
2026-10-02T23:15:34.572144+00:00,guarded,10196.101311318005
2026-10-02T23:15:34.573294+00:00,shadow,9951.823839245139
2026-10-02T23:30:39.843032+00:00,guarded,10196.101311318005
2026-10-02T23:30:39.844210+00:00,shadow,9951.823839245139
2026-10-02T23:45:35.567239+00:00,guarded,10196.101311318005
2026-10-02T23:45:35.781109+00:00,shadow,9951.823839245139
2026-10-03T00:00:43.407739+00:00,guarded,10196.101311318005
2026-10-03T00:00:43.408980+00:00,shadow,9951.823839245139
2026-10-03T00:15:34.845761+00:00,guarded,10196.101311318005
2026-10-03T00:15:34.846690+00:00,shadow,9951.823839245139
2026-10-03T00:24:18.252666+00:00,guarded,10196.101311318005
2026-10-03T00:24:18.328113+00:00,shadow,9951.823839245139
2026-10-03T00:31:23.373029+00:00,guarded,10196.101311318005
2026-10-03T00:31:23.374925+00:00,shadow,9951.823839245139
2026-10-03T00:45:41.140370+00:00,guarded,10196.101311318005
2026-10-03T00:45:41.141840+00:00,shadow,9951.823839245139
2026-10-03T01:00:31.701825+00:00,guarded,10196.101311318005
2026-10-03T01:00:31.702677+00:00,shadow,9951.823839245139
2026-10-03T01:15:39.155100+00:00,guarded,10196.101311318005
2026-10-03T01:15:39.156457+00:00,shadow,9951.823839245139
2026-10-03T01:30:43.361847+00:00,guarded,10196.101311318005
2026-10-03T01:30:43.363920+00:00,shadow,9951.823839245139
2026-10-03T01:45:30.210062+00:00,guarded,10196.101311318005
2026-10-03T01:45:30.210983+00:00,shadow,9951.823839245139
2026-10-03T02:00:35.584689+00:00,guarded,10196.101311318005
2026-10-03T02:00:35.585812+00:00,shadow,9951.823839245139
2026-10-03T02:15:38.957097+00:00,guarded,10196.101311318005
2026-10-03T02:15:38.958359+00:00,shadow,9951.823839245139
2026-10-03T02:30:40.442546+00:00,guarded,10196.101311318005
2026-10-03T02:30:40.443839+00:00,shadow,9951.823839245139
2026-10-03T02:45:38.395298+00:00,guarded,10196.101311318005
2026-10-03T02:45:38.396598+00:00,shadow,9951.823839245139
2026-10-03T03:00:42.946323+00:00,guarded,10196.101311318005
2026-10-03T03:00:42.947719+00:00,shadow,9951.823839245139
2026-10-03T03:15:38.861335+00:00,guarded,10196.101311318005
2026-10-03T03:15:38.862560+00:00,shadow,9951.823839245139
2026-10-03T03:30:38.799312+00:00,guarded,10196.101311318005
2026-10-03T03:30:38.800566+00:00,shadow,9951.823839245139
2026-10-03T03:45:42.453132+00:00,guarded,10196.101311318005
2026-10-03T03:45:42.800691+00:00,shadow,9951.823839245139
2026-10-03T04:00:41.154885+00:00,guarded,10196.101311318005
2026-10-03T04:00:41.156189+00:00,shadow,9951.823839245139
2026-10-03T04:15:40.665575+00:00,guarded,10196.101311318005
2026-10-03T04:15:40.666831+00:00,shadow,9951.823839245139
2026-10-03T04:30:35.693036+00:00,guarded,10196.101311318005
2026-10-03T04:30:35.694158+00:00,shadow,9951.823839245139
2026-10-03T04:45:38.375290+00:00,guarded,10196.101311318005
2026-10-03T04:45:38.376374+00:00,shadow,9951.823839245139
2026-10-03T05:00:38.766154+00:00,guarded,10196.101311318005
2026-10-03T05:00:38.767926+00:00,shadow,9951.823839245139
2026-10-03T05:16:13.564732+00:00,guarded,10196.101311318005
2026-10-03T05:16:13.565965+00:00,shadow,9951.823839245139
2026-10-03T05:30:34.144855+00:00,guarded,10196.101311318005
2026-10-03T05:30:34.145752+00:00,shadow,9951.823839245139
2026-10-03T05:45:29.353993+00:00,guarded,10196.101311318005
2026-10-03T05:45:29.354975+00:00,shadow,9951.823839245139
2026-10-03T06:00:37.609367+00:00,guarded,10196.101311318005
2026-10-03T06:00:37.610532+00:00,shadow,9951.823839245139
2026-10-03T06:15:36.522121+00:00,guarded,10196.101311318005
2026-10-03T06:15:36.523309+00:00,shadow,9951.823839245139
2026-10-03T06:22:45.019792+00:00,guarded,10196.101311318005
2026-10-03T06:22:45.021960+00:00,shadow,9951.823839245139
2026-10-03T06:30:39.316283+00:00,guarded,10196.101311318005
2026-10-03T06:30:39.317736+00:00,shadow,9951.823839245139
2026-10-03T06:45:41.580462+00:00,guarded,10196.101311318005
2026-10-03T06:45:41.581932+00:00,shadow,9951.823839245139
2026-10-03T07:00:40.636953+00:00,guarded,10196.101311318005
2026-10-03T07:00:40.638238+00:00,shadow,9951.823839245139
2026-10-03T07:15:37.825971+00:00,guarded,10196.101311318005
2026-10-03T07:15:37.827436+00:00,shadow,9951.823839245139
2026-10-03T07:30:31.786869+00:00,guarded,10196.101311318005
2026-10-03T07:30:31.788044+00:00,shadow,9951.823839245139
2026-10-03T07:45:33.424151+00:00,guarded,10196.101311318005
2026-10-03T07:45:33.530428+00:00,shadow,9951.823839245139
2026-10-03T08:00:39.733720+00:00,guarded,10196.101311318005
2026-10-03T08:00:39.735047+00:00,shadow,9951.823839245139
2026-10-03T08:15:40.099634+00:00,guarded,10196.101311318005
2026-10-03T08:15:40.100895+00:00,shadow,9951.823839245139
2026-10-03T08:30:38.599892+00:00,guarded,10196.101311318005
2026-10-03T08:30:38.601182+00:00,shadow,9951.823839245139
2026-10-03T08:45:36.274851+00:00,guarded,10196.101311318005
2026-10-03T08:45:36.276133+00:00,shadow,9951.823839245139
2026-10-03T09:00:42.030174+00:00,guarded,10196.101311318005
2026-10-03T09:00:42.030998+00:00,shadow,9951.823839245139
2026-10-03T09:15:37.240216+00:00,guarded,10196.101311318005
2026-10-03T09:15:37.241364+00:00,shadow,9951.823839245139
2026-10-03T09:30:40.479505+00:00,guarded,10196.101311318005
2026-10-03T09:30:40.480766+00:00,shadow,9951.823839245139
2026-10-03T09:45:36.996558+00:00,guarded,10196.101311318005
2026-10-03T09:45:36.997614+00:00,shadow,9951.823839245139
2026-10-03T10:00:40.923010+00:00,guarded,10196.101311318005
2026-10-03T10:00:40.924043+00:00,shadow,9951.823839245139
2026-10-03T10:15:37.258154+00:00,guarded,10196.101311318005
2026-10-03T10:15:37.259174+00:00,shadow,9951.823839245139
2026-10-03T10:30:38.329203+00:00,guarded,10196.101311318005
2026-10-03T10:30:38.330254+00:00,shadow,9951.823839245139
2026-10-03T10:45:31.585351+00:00,guarded,10196.101311318005
2026-10-03T10:45:31.586655+00:00,shadow,9951.823839245139
2026-10-03T11:00:34.759094+00:00,guarded,10196.101311318005
2026-10-03T11:00:34.760254+00:00,shadow,9951.823839245139
2026-10-03T11:15:38.465116+00:00,guarded,10196.101311318005
2026-10-03T11:15:38.466471+00:00,shadow,9951.823839245139
2026-10-03T11:30:34.821475+00:00,guarded,10196.101311318005
2026-10-03T11:30:34.822469+00:00,shadow,9951.823839245139
2026-10-03T11:45:41.486402+00:00,guarded,10196.101311318005
2026-10-03T11:45:41.487529+00:00,shadow,9951.823839245139
2026-10-03T12:00:37.322242+00:00,guarded,10196.101311318005
2026-10-03T12:00:37.363671+00:00,shadow,9951.823839245139
2026-10-03T12:15:37.079464+00:00,guarded,10196.101311318005
2026-10-03T12:15:37.080739+00:00,shadow,9951.823839245139
2026-10-03T12:26:55.432068+00:00,guarded,10196.101311318005
2026-10-03T12:26:55.433693+00:00,shadow,9951.823839245139
2026-10-03T12:30:38.763408+00:00,guarded,10196.101311318005
2026-10-03T12:30:38.764486+00:00,shadow,9951.823839245139
2026-10-03T12:45:39.721730+00:00,guarded,10196.101311318005
2026-10-03T12:45:39.737235+00:00,shadow,9951.823839245139
2026-10-03T13:00:39.065768+00:00,guarded,10196.101311318005
2026-10-03T13:00:39.066896+00:00,shadow,9951.823839245139
2026-10-03T13:15:36.420748+00:00,guarded,10196.101311318005
2026-10-03T13:15:36.421836+00:00,shadow,9951.823839245139
2026-10-03T13:30:38.425504+00:00,guarded,10196.101311318005
2026-10-03T13:30:38.426581+00:00,shadow,9951.823839245139
2026-10-03T13:45:34.641198+00:00,guarded,10196.101311318005
2026-10-03T13:45:34.642204+00:00,shadow,9951.823839245139
2026-10-03T14:00:37.773972+00:00,guarded,10196.101311318005
2026-10-03T14:00:37.775039+00:00,shadow,9951.823839245139
2026-10-03T14:15:38.984480+00:00,guarded,10196.101311318005
2026-10-03T14:15:38.985941+00:00,shadow,9951.823839245139
2026-10-03T14:30:38.131645+00:00,guarded,10196.101311318005
2026-10-03T14:30:38.133114+00:00,shadow,9951.823839245139
2026-10-03T14:45:39.184531+00:00,guarded,10196.101311318005
2026-10-03T14:45:39.185806+00:00,shadow,9951.823839245139
2026-10-03T15:00:38.614829+00:00,guarded,10196.101311318005
2026-10-03T15:00:38.616573+00:00,shadow,9951.823839245139
2026-10-03T15:15:34.895093+00:00,guarded,10196.101311318005
2026-10-03T15:15:34.895998+00:00,shadow,9951.823839245139
2026-10-03T15:30:39.632099+00:00,guarded,10196.101311318005
2026-10-03T15:30:39.633552+00:00,shadow,9951.823839245139
2026-10-03T15:45:37.551799+00:00,guarded,10196.101311318005
2026-10-03T15:45:37.553071+00:00,shadow,9951.823839245139
2026-10-03T16:00:40.281628+00:00,guarded,10196.101311318005
2026-10-03T16:00:40.282989+00:00,shadow,9951.823839245139
2026-10-03T16:15:37.474501+00:00,guarded,10196.101311318005
2026-10-03T16:15:37.476075+00:00,shadow,9951.823839245139
2026-10-03T16:30:39.424031+00:00,guarded,10196.101311318005
2026-10-03T16:30:39.425411+00:00,shadow,9951.823839245139
2026-10-03T16:45:38.929462+00:00,guarded,10196.101311318005
2026-10-03T16:45:38.931653+00:00,shadow,9951.823839245139
2026-10-03T17:00:42.811616+00:00,guarded,10196.101311318005
2026-10-03T17:00:42.813036+00:00,shadow,9951.823839245139
2026-10-03T17:11:59.591319+00:00,guarded,10196.101311318005
2026-10-03T17:11:59.592552+00:00,shadow,9951.823839245139
2026-10-03T17:15:30.972463+00:00,guarded,10196.101311318005
2026-10-03T17:15:30.973484+00:00,shadow,9951.823839245139
2026-10-03T17:30:41.183596+00:00,guarded,10196.101311318005
2026-10-03T17:30:41.184973+00:00,shadow,9951.823839245139
2026-10-03T17:45:39.359594+00:00,guarded,10196.101311318005
2026-10-03T17:45:39.527454+00:00,shadow,9951.823839245139
2026-10-03T18:00:40.867218+00:00,guarded,10196.101311318005
2026-10-03T18:00:40.868360+00:00,shadow,9951.823839245139
2026-10-03T18:15:32.672610+00:00,guarded,10196.101311318005
2026-10-03T18:15:32.673722+00:00,shadow,9951.823839245139
2026-10-03T18:30:31.727887+00:00,guarded,10196.101311318005
2026-10-03T18:30:31.728792+00:00,shadow,9951.823839245139
2026-10-03T18:45:37.768299+00:00,guarded,10196.101311318005
2026-10-03T18:45:37.769392+00:00,shadow,9951.823839245139
2026-10-03T19:00:40.000640+00:00,guarded,10196.101311318005
2026-10-03T19:00:40.001628+00:00,shadow,9951.823839245139
2026-10-03T19:15:36.380757+00:00,guarded,10196.101311318005
2026-10-03T19:15:36.381728+00:00,shadow,9951.823839245139
2026-10-03T19:30:38.611171+00:00,guarded,10196.101311318005
2026-10-03T19:30:38.612156+00:00,shadow,9951.823839245139
2026-10-03T19:45:32.659951+00:00,guarded,10196.101311318005
2026-10-03T19:45:32.660933+00:00,shadow,9951.823839245139
2026-10-03T20:00:39.485117+00:00,guarded,10196.101311318005
2026-10-03T20:00:39.486172+00:00,shadow,9951.823839245139
2026-10-03T20:15:32.672841+00:00,guarded,10196.101311318005
2026-10-03T20:15:32.673804+00:00,shadow,9951.823839245139
2026-10-03T20:30:38.459335+00:00,guarded,10196.101311318005
2026-10-03T20:30:38.460408+00:00,shadow,9951.823839245139
2026-10-03T20:45:38.243590+00:00,guarded,10196.101311318005
2026-10-03T20:45:38.244721+00:00,shadow,9951.823839245139
2026-10-03T21:00:37.951005+00:00,guarded,10196.101311318005
2026-10-03T21:00:37.951913+00:00,shadow,9951.823839245139
2026-10-03T21:07:43.149961+00:00,guarded,10196.101311318005
2026-10-03T21:07:43.151411+00:00,shadow,9951.823839245139
2026-10-03T21:15:31.647839+00:00,guarded,10196.101311318005
2026-10-03T21:15:31.648721+00:00,shadow,9951.823839245139
2026-10-03T21:30:39.184250+00:00,guarded,10196.101311318005
2026-10-03T21:30:39.185257+00:00,shadow,9951.823839245139
2026-10-03T21:45:36.556235+00:00,guarded,10196.101311318005
2026-10-03T21:45:36.557234+00:00,shadow,9951.823839245139
2026-10-03T22:00:41.461519+00:00,guarded,10196.101311318005
2026-10-03T22:00:41.462559+00:00,shadow,9951.823839245139
2026-10-03T22:15:37.431313+00:00,guarded,10196.101311318005
2026-10-03T22:15:37.432532+00:00,shadow,9951.823839245139
2026-10-03T22:30:32.925944+00:00,guarded,10196.101311318005
2026-10-03T22:30:32.926812+00:00,shadow,9951.823839245139
2026-10-03T22:45:32.927357+00:00,guarded,10196.101311318005
2026-10-03T22:45:32.928372+00:00,shadow,9951.823839245139
2026-10-03T23:00:36.472621+00:00,guarded,10196.101311318005
2026-10-03T23:00:36.473562+00:00,shadow,9951.823839245139
2026-10-03T23:15:34.385816+00:00,guarded,10196.101311318005
2026-10-03T23:15:34.386947+00:00,shadow,9951.823839245139
2026-10-03T23:30:40.746575+00:00,guarded,10196.101311318005
2026-10-03T23:30:40.748432+00:00,shadow,9951.823839245139
2026-10-03T23:45:10.524065+00:00,guarded,10196.101311318005
2026-10-03T23:45:10.525111+00:00,shadow,9951.823839245139
2026-10-03T23:45:40.465251+00:00,guarded,10196.101311318005
2026-10-03T23:45:40.466565+00:00,shadow,9951.823839245139
2026-10-04T00:00:43.089787+00:00,guarded,10196.101311318005
2026-10-04T00:00:43.090905+00:00,shadow,9951.823839245139
2026-10-04T00:15:38.405290+00:00,guarded,10196.101311318005
2026-10-04T00:15:38.406492+00:00,shadow,9951.823839245139
2026-10-04T00:30:37.905306+00:00,guarded,10196.101311318005
2026-10-04T00:30:37.906289+00:00,shadow,9951.823839245139
2026-10-04T00:45:37.273080+00:00,guarded,10196.101311318005
2026-10-04T00:45:37.274313+00:00,shadow,9951.823839245139
2026-10-04T01:00:44.121296+00:00,guarded,10196.101311318005
2026-10-04T01:00:44.122364+00:00,shadow,9951.823839245139
2026-10-04T01:15:41.943474+00:00,guarded,10196.101311318005
2026-10-04T01:15:41.944562+00:00,shadow,9951.823839245139
2026-10-04T01:30:37.567265+00:00,guarded,10196.101311318005
2026-10-04T01:30:37.568568+00:00,shadow,9951.823839245139
2026-10-04T01:46:13.068363+00:00,guarded,10196.101311318005
2026-10-04T01:46:13.069528+00:00,shadow,9951.823839245139
2026-10-04T02:00:34.973709+00:00,guarded,10196.101311318005
2026-10-04T02:00:34.974639+00:00,shadow,9951.823839245139
2026-10-04T02:15:36.126760+00:00,guarded,10196.101311318005
2026-10-04T02:15:36.127832+00:00,shadow,9951.823839245139
2026-10-04T02:30:38.293214+00:00,guarded,10196.101311318005
2026-10-04T02:30:38.294187+00:00,shadow,9951.823839245139
2026-10-04T02:45:34.977476+00:00,guarded,10196.101311318005
2026-10-04T02:45:34.978597+00:00,shadow,9951.823839245139
2026-10-04T03:00:35.989263+00:00,guarded,10196.101311318005
2026-10-04T03:00:35.990222+00:00,shadow,9951.823839245139
2026-10-04T03:15:35.225774+00:00,guarded,10196.101311318005
2026-10-04T03:15:35.226893+00:00,shadow,9951.823839245139
2026-10-04T03:30:36.732989+00:00,guarded,10196.101311318005
2026-10-04T03:30:36.733885+00:00,shadow,9951.823839245139
2026-10-04T03:45:41.746901+00:00,guarded,10196.101311318005
2026-10-04T03:45:41.748292+00:00,shadow,9951.823839245139
2026-10-04T04:00:32.596567+00:00,guarded,10196.101311318005
2026-10-04T04:00:32.597396+00:00,shadow,9951.823839245139
2026-10-04T04:15:32.589998+00:00,guarded,10196.101311318005
2026-10-04T04:15:32.590919+00:00,shadow,9951.823839245139
2026-10-04T04:30:39.772437+00:00,guarded,10196.101311318005
2026-10-04T04:30:39.773984+00:00,shadow,9951.823839245139
2026-10-04T04:45:37.819707+00:00,guarded,10196.101311318005
2026-10-04T04:45:37.820824+00:00,shadow,9951.823839245139
2026-10-04T05:00:35.524129+00:00,guarded,10196.101311318005
2026-10-04T05:00:35.525026+00:00,shadow,9951.823839245139
2026-10-04T05:15:32.981459+00:00,guarded,10196.101311318005
2026-10-04T05:15:32.982701+00:00,shadow,9951.823839245139
2026-10-04T05:30:39.511600+00:00,guarded,10196.101311318005
2026-10-04T05:30:39.512642+00:00,shadow,9951.823839245139
2026-10-04T05:41:26.307837+00:00,guarded,10196.101311318005
2026-10-04T05:41:26.309124+00:00,shadow,9951.823839245139
2026-10-04T05:45:40.700836+00:00,guarded,10196.101311318005
2026-10-04T05:45:40.701823+00:00,shadow,9951.823839245139
2026-10-04T06:00:40.605386+00:00,guarded,10196.101311318005
2026-10-04T06:00:40.606505+00:00,shadow,9951.823839245139
2026-10-04T06:15:40.177930+00:00,guarded,10196.101311318005
2026-10-04T06:15:40.179158+00:00,shadow,9951.823839245139
2026-10-04T06:30:39.603532+00:00,guarded,10196.101311318005
2026-10-04T06:30:39.604551+00:00,shadow,9951.823839245139
2026-10-04T06:45:40.921214+00:00,guarded,10196.101311318005
2026-10-04T06:45:40.923275+00:00,shadow,9951.823839245139
2026-10-04T07:00:33.489680+00:00,guarded,10196.101311318005
2026-10-04T07:00:33.490583+00:00,shadow,9951.823839245139
2026-10-04T07:15:31.668750+00:00,guarded,10196.101311318005
2026-10-04T07:15:31.669706+00:00,shadow,9951.823839245139
2026-10-04T07:30:42.227934+00:00,guarded,10196.101311318005
2026-10-04T07:30:42.246629+00:00,shadow,9951.823839245139
2026-10-04T07:45:36.561206+00:00,guarded,10196.101311318005
2026-10-04T07:45:36.562112+00:00,shadow,9951.823839245139
2026-10-04T08:00:41.877003+00:00,guarded,10196.101311318005
2026-10-04T08:00:41.878527+00:00,shadow,9951.823839245139
2026-10-04T08:15:35.772195+00:00,guarded,10196.101311318005
2026-10-04T08:15:35.773321+00:00,shadow,9951.823839245139
2026-10-04T08:30:40.954662+00:00,guarded,10196.101311318005
2026-10-04T08:30:40.955758+00:00,shadow,9951.823839245139
2026-10-04T08:45:36.582123+00:00,guarded,10196.101311318005
2026-10-04T08:45:36.583115+00:00,shadow,9951.823839245139
2026-10-04T09:00:40.490738+00:00,guarded,10196.101311318005
2026-10-04T09:00:40.491722+00:00,shadow,9951.823839245139
2026-10-04T09:15:36.716651+00:00,guarded,10196.101311318005
2026-10-04T09:15:36.717643+00:00,shadow,9951.823839245139
2026-10-04T09:31:13.623877+00:00,guarded,10196.101311318005
2026-10-04T09:31:13.625298+00:00,shadow,9951.823839245139
2026-10-04T09:45:39.123549+00:00,guarded,10196.101311318005
2026-10-04T09:45:39.124562+00:00,shadow,9951.823839245139
2026-10-04T10:00:34.941576+00:00,guarded,10196.101311318005
2026-10-04T10:00:34.942800+00:00,shadow,9951.823839245139
2026-10-04T10:15:30.458797+00:00,guarded,10196.101311318005
2026-10-04T10:15:30.459641+00:00,shadow,9951.823839245139
2026-10-04T10:30:38.765742+00:00,guarded,10196.101311318005
2026-10-04T10:30:38.766911+00:00,shadow,9951.823839245139
2026-10-04T10:45:33.854180+00:00,guarded,10196.101311318005
2026-10-04T10:45:33.855130+00:00,shadow,9951.823839245139
2026-10-04T11:00:53.164487+00:00,guarded,10196.101311318005
2026-10-04T11:00:53.165426+00:00,shadow,9951.823839245139
2026-10-04T11:15:36.168590+00:00,guarded,10196.101311318005
2026-10-04T11:15:36.169684+00:00,shadow,9951.823839245139
2026-10-04T11:30:38.335185+00:00,guarded,10196.101311318005
2026-10-04T11:30:38.336267+00:00,shadow,9951.823839245139
2026-10-04T11:45:35.302124+00:00,guarded,10196.101311318005
2026-10-04T11:45:35.303010+00:00,shadow,9951.823839245139
2026-10-04T12:00:41.625905+00:00,guarded,10196.101311318005
2026-10-04T12:00:41.627127+00:00,shadow,9951.823839245139
2026-10-04T12:14:40.622937+00:00,guarded,10196.101311318005
2026-10-04T12:14:40.624228+00:00,shadow,9951.823839245139
2026-10-04T12:15:30.843085+00:00,guarded,10196.101311318005
2026-10-04T12:15:30.844094+00:00,shadow,9951.823839245139
2026-10-04T12:30:38.795261+00:00,guarded,10196.101311318005
2026-10-04T12:30:38.796342+00:00,shadow,9951.823839245139
2026-10-04T12:45:41.635312+00:00,guarded,10196.101311318005
2026-10-04T12:45:41.637214+00:00,shadow,9951.823839245139
2026-10-04T13:00:43.262259+00:00,guarded,10196.101311318005
2026-10-04T13:00:43.263193+00:00,shadow,9951.823839245139
2026-10-04T13:15:39.149811+00:00,guarded,10196.101311318005
2026-10-04T13:15:39.150884+00:00,shadow,9951.823839245139
2026-10-04T13:30:32.932912+00:00,guarded,10196.101311318005
2026-10-04T13:30:32.934262+00:00,shadow,9951.823839245139
2026-10-04T13:45:29.838382+00:00,guarded,10196.101311318005
2026-10-04T13:45:29.839214+00:00,shadow,9951.823839245139
2026-10-04T14:00:38.920899+00:00,guarded,10196.101311318005
2026-10-04T14:00:38.922010+00:00,shadow,9951.823839245139
2026-10-04T14:15:35.813179+00:00,guarded,10196.101311318005
2026-10-04T14:15:35.814333+00:00,shadow,9951.823839245139
2026-10-04T14:30:38.968097+00:00,guarded,10196.101311318005
2026-10-04T14:30:38.969127+00:00,shadow,9951.823839245139
2026-10-04T14:45:35.785571+00:00,guarded,10196.101311318005
2026-10-04T14:45:35.786649+00:00,shadow,9951.823839245139
2026-10-04T15:00:41.000884+00:00,guarded,10196.101311318005
2026-10-04T15:00:41.001921+00:00,shadow,9951.823839245139
2026-10-04T15:15:36.444923+00:00,guarded,10196.101311318005
2026-10-04T15:15:36.446248+00:00,shadow,9951.823839245139
2026-10-04T15:30:43.567822+00:00,guarded,10196.101311318005
2026-10-04T15:30:43.569098+00:00,shadow,9951.823839245139
2026-10-04T15:45:33.419516+00:00,guarded,10196.101311318005
2026-10-04T15:45:33.420924+00:00,shadow,9951.823839245139
2026-10-04T16:00:40.206175+00:00,guarded,10196.101311318005
2026-10-04T16:00:40.207712+00:00,shadow,9951.823839245139
2026-10-04T16:15:35.417572+00:00,guarded,10196.101311318005
2026-10-04T16:15:35.418546+00:00,shadow,9951.823839245139
2026-10-04T16:30:39.671316+00:00,guarded,10196.101311318005
2026-10-04T16:30:39.672417+00:00,shadow,9951.823839245139
2026-10-04T16:45:36.101314+00:00,guarded,10196.101311318005
2026-10-04T16:45:36.102852+00:00,shadow,9951.823839245139
2026-10-04T17:00:53.069029+00:00,guarded,10196.101311318005
2026-10-04T17:00:53.070805+00:00,shadow,9951.823839245139
2026-10-04T17:15:41.703623+00:00,guarded,10196.101311318005
2026-10-04T17:15:41.708170+00:00,shadow,9951.823839245139
2026-10-04T17:27:09.100621+00:00,guarded,10196.101311318005
2026-10-04T17:27:09.101935+00:00,shadow,9951.823839245139
2026-10-04T17:30:34.484769+00:00,guarded,10196.101311318005
2026-10-04T17:30:34.486115+00:00,shadow,9951.823839245139
2026-10-04T17:45:38.768305+00:00,guarded,10196.101311318005
2026-10-04T17:45:38.769445+00:00,shadow,9951.823839245139
2026-10-04T18:00:53.592329+00:00,guarded,10196.101311318005
2026-10-04T18:00:53.593526+00:00,shadow,9951.823839245139
2026-10-04T18:15:37.963162+00:00,guarded,10196.101311318005
2026-10-04T18:15:37.964476+00:00,shadow,9951.823839245139
2026-10-04T18:30:43.845768+00:00,guarded,10196.101311318005
2026-10-04T18:30:43.846692+00:00,shadow,9951.823839245139
2026-10-04T18:45:37.877528+00:00,guarded,10196.101311318005
2026-10-04T18:45:37.878615+00:00,shadow,9951.823839245139
2026-10-04T19:00:39.473940+00:00,guarded,10196.101311318005
2026-10-04T19:00:39.475131+00:00,shadow,9951.823839245139
2026-10-04T19:15:34.951307+00:00,guarded,10196.101311318005
2026-10-04T19:15:34.988958+00:00,shadow,9951.823839245139
2026-10-04T19:30:38.522604+00:00,guarded,10196.101311318005
2026-10-04T19:30:38.523579+00:00,shadow,9951.823839245139
2026-10-04T19:45:41.680621+00:00,guarded,10196.101311318005
2026-10-04T19:45:41.681870+00:00,shadow,9951.823839245139
2026-10-04T20:00:48.039818+00:00,guarded,10196.101311318005
2026-10-04T20:00:48.040878+00:00,shadow,9951.823839245139
2026-10-04T20:15:39.020433+00:00,guarded,10196.101311318005
2026-10-04T20:15:39.021392+00:00,shadow,9951.823839245139
2026-10-04T20:30:36.997724+00:00,guarded,10196.101311318005
2026-10-04T20:30:36.998667+00:00,shadow,9951.823839245139
2026-10-04T20:45:40.832829+00:00,guarded,10196.101311318005
2026-10-04T20:45:40.833816+00:00,shadow,9951.823839245139
2026-10-04T21:00:40.093508+00:00,guarded,10196.101311318005
2026-10-04T21:00:40.094885+00:00,shadow,9951.823839245139
2026-10-04T21:15:31.907244+00:00,guarded,10196.101311318005
2026-10-04T21:15:31.921432+00:00,shadow,9951.823839245139
2026-10-04T21:16:09.517088+00:00,guarded,10196.101311318005
2026-10-04T21:16:09.518552+00:00,shadow,9951.823839245139
2026-10-04T21:30:43.610132+00:00,guarded,10196.101311318005
2026-10-04T21:30:43.611207+00:00,shadow,9951.823839245139
2026-10-04T21:45:36.804570+00:00,guarded,10196.101311318005
2026-10-04T21:45:36.806606+00:00,shadow,9951.823839245139
2026-10-04T22:00:44.989561+00:00,guarded,10196.101311318005
2026-10-04T22:00:44.990677+00:00,shadow,9951.823839245139
2026-10-04T22:15:39.339433+00:00,guarded,10196.101311318005
2026-10-04T22:15:39.340651+00:00,shadow,9951.823839245139
2026-10-04T22:32:49.912360+00:00,guarded,10196.101311318005
2026-10-04T22:32:49.913642+00:00,shadow,9951.823839245139
2026-10-04T22:45:36.791963+00:00,guarded,10196.101311318005
2026-10-04T22:45:36.793635+00:00,shadow,9951.823839245139
2026-10-04T23:00:41.500237+00:00,guarded,10196.101311318005
2026-10-04T23:00:41.501385+00:00,shadow,9951.823839245139
2026-10-04T23:15:33.463158+00:00,guarded,10196.101311318005
2026-10-04T23:15:33.464662+00:00,shadow,9951.823839245139
2026-10-04T23:30:40.364285+00:00,guarded,10196.101311318005
2026-10-04T23:30:40.365707+00:00,shadow,9951.823839245139
2026-10-04T23:45:37.785274+00:00,guarded,10196.101311318005
2026-10-04T23:45:37.793275+00:00,shadow,9951.823839245139
2026-10-05T00:00:42.030224+00:00,guarded,10196.101311318005
2026-10-05T00:00:42.031678+00:00,shadow,9951.823839245139
2026-10-05T00:15:40.575522+00:00,guarded,10196.101311318005
2026-10-05T00:15:40.576571+00:00,shadow,9951.823839245139
2026-10-05T00:30:38.368860+00:00,guarded,10196.101311318005
2026-10-05T00:30:38.370186+00:00,shadow,9951.823839245139
2026-10-05T00:45:38.550990+00:00,guarded,10196.101311318005
2026-10-05T00:45:38.552130+00:00,shadow,9951.823839245139
2026-10-05T00:47:05.951463+00:00,guarded,10196.101311318005
2026-10-05T00:47:05.953186+00:00,shadow,9951.823839245139
2026-10-05T01:00:42.995388+00:00,guarded,10196.101311318005
2026-10-05T01:00:42.996916+00:00,shadow,9951.823839245139
2026-10-05T01:15:40.513315+00:00,guarded,10196.101311318005
2026-10-05T01:15:40.514333+00:00,shadow,9951.823839245139
2026-10-05T01:30:38.714915+00:00,guarded,10196.101311318005
2026-10-05T01:30:38.716455+00:00,shadow,9951.823839245139
2026-10-05T01:45:38.706281+00:00,guarded,10196.101311318005
2026-10-05T01:45:38.707794+00:00,shadow,9951.823839245139
2026-10-05T02:00:44.241461+00:00,guarded,10196.101311318005
2026-10-05T02:00:44.243038+00:00,shadow,9951.823839245139
2026-10-05T02:15:37.917926+00:00,guarded,10196.101311318005
2026-10-05T02:15:37.919270+00:00,shadow,9951.823839245139
2026-10-05T02:32:30.102839+00:00,guarded,10195.53533874182
2026-10-05T02:32:30.104439+00:00,shadow,9949.614179965743
2026-10-05T02:45:36.829537+00:00,guarded,10195.53533874182
2026-10-05T02:45:36.830906+00:00,shadow,9949.614179965743
2026-10-05T03:00:42.056140+00:00,guarded,10195.53533874182
2026-10-05T03:00:42.057317+00:00,shadow,9949.614179965743
2026-10-05T03:15:35.876516+00:00,guarded,10195.53533874182
2026-10-05T03:15:35.877837+00:00,shadow,9949.614179965743
2026-10-05T03:30:41.053001+00:00,guarded,10166.419393263603
2026-10-05T03:30:41.054279+00:00,shadow,9835.940263929264
2026-10-05T03:45:39.009376+00:00,guarded,10166.419393263603
2026-10-05T03:45:39.010797+00:00,shadow,9835.940263929264
2026-10-05T04:00:43.249619+00:00,guarded,10166.419393263603
2026-10-05T04:00:43.254417+00:00,shadow,9835.940263929264
2026-10-05T04:15:33.732213+00:00,guarded,10166.419393263603
2026-10-05T04:15:33.733305+00:00,shadow,9835.940263929264
2026-10-05T04:30:36.591040+00:00,guarded,10166.419393263603
2026-10-05T04:30:36.614299+00:00,shadow,9835.940263929264
2026-10-05T04:45:35.141272+00:00,guarded,10166.419393263603
2026-10-05T04:45:35.142315+00:00,shadow,9835.940263929264
2026-10-05T05:00:43.797928+00:00,guarded,10166.419393263603
2026-10-05T05:00:43.799497+00:00,shadow,9835.940263929264
2026-10-05T05:15:38.160354+00:00,guarded,10166.419393263603
2026-10-05T05:15:38.161492+00:00,shadow,9835.940263929264
2026-10-05T05:30:40.149724+00:00,guarded,10166.419393263603
2026-10-05T05:30:40.150890+00:00,shadow,9835.940263929264
2026-10-05T05:45:40.095383+00:00,guarded,10166.419393263603
2026-10-05T05:45:40.096474+00:00,shadow,9835.940263929264
2026-10-05T06:00:43.095565+00:00,guarded,10166.419393263603
2026-10-05T06:00:43.096959+00:00,shadow,9835.940263929264
2026-10-05T06:15:31.316398+00:00,guarded,10166.419393263603
2026-10-05T06:15:31.317476+00:00,shadow,9835.940263929264
2026-10-05T06:30:35.345530+00:00,guarded,10166.419393263603
2026-10-05T06:30:35.346617+00:00,shadow,9835.940263929264
2026-10-05T06:45:41.973417+00:00,guarded,10166.419393263603
2026-10-05T06:45:41.974840+00:00,shadow,9835.940263929264
2026-10-05T06:53:25.264862+00:00,guarded,10166.419393263603
2026-10-05T06:53:25.266321+00:00,shadow,9835.940263929264
2026-10-05T07:00:38.597845+00:00,guarded,10166.419393263603
2026-10-05T07:00:38.599223+00:00,shadow,9835.940263929264
2026-10-05T07:15:41.173525+00:00,guarded,10166.419393263603
2026-10-05T07:15:41.174719+00:00,shadow,9835.940263929264
2026-10-05T07:30:39.795177+00:00,guarded,10166.419393263603
2026-10-05T07:30:39.796385+00:00,shadow,9835.940263929264
2026-10-05T07:45:38.436607+00:00,guarded,10166.419393263603
2026-10-05T07:45:38.437747+00:00,shadow,9835.940263929264
2026-10-05T08:00:41.898477+00:00,guarded,10166.419393263603
2026-10-05T08:00:41.899559+00:00,shadow,9835.940263929264
2026-10-05T08:15:41.194843+00:00,guarded,10166.419393263603
2026-10-05T08:15:41.196168+00:00,shadow,9835.940263929264
2026-10-05T08:30:41.945935+00:00,guarded,10166.419393263603
2026-10-05T08:30:41.949765+00:00,shadow,9835.940263929264
2026-10-05T08:45:38.379495+00:00,guarded,10166.419393263603
2026-10-05T08:45:38.380465+00:00,shadow,9835.940263929264
2026-10-05T09:00:36.291922+00:00,guarded,10166.419393263603
2026-10-05T09:00:36.292955+00:00,shadow,9835.940263929264
2026-10-05T09:15:43.357932+00:00,guarded,10166.419393263603
2026-10-05T09:15:43.359061+00:00,shadow,9835.940263929264
2026-10-05T09:30:39.792319+00:00,guarded,10166.419393263603
2026-10-05T09:30:39.793692+00:00,shadow,9835.940263929264
2026-10-05T09:45:38.480654+00:00,guarded,10166.419393263603
2026-10-05T09:45:38.482681+00:00,shadow,9835.940263929264
2026-10-05T10:00:43.766617+00:00,guarded,10166.419393263603
2026-10-05T10:00:43.767902+00:00,shadow,9835.940263929264
2026-10-05T10:15:42.633742+00:00,guarded,10166.419393263603
2026-10-05T10:15:42.636043+00:00,shadow,9835.940263929264
2026-10-05T10:30:41.520762+00:00,guarded,10166.419393263603
2026-10-05T10:30:41.522196+00:00,shadow,9835.940263929264
2026-10-05T10:45:41.766317+00:00,guarded,10166.419393263603
2026-10-05T10:45:41.767501+00:00,shadow,9835.940263929264
2026-10-05T11:00:42.907989+00:00,guarded,10166.419393263603
2026-10-05T11:00:42.909297+00:00,shadow,9835.940263929264
2026-10-05T11:15:43.638434+00:00,guarded,10166.419393263603
2026-10-05T11:15:43.639775+00:00,shadow,9835.940263929264
2026-10-05T11:30:41.471744+00:00,guarded,10166.419393263603
2026-10-05T11:30:41.473130+00:00,shadow,9835.940263929264
2026-10-05T11:46:03.150312+00:00,guarded,10166.419393263603
2026-10-05T11:46:03.153008+00:00,shadow,9832.74586442351
2026-10-05T12:00:45.134249+00:00,guarded,10166.419393263603
2026-10-05T12:00:45.136189+00:00,shadow,9832.74586442351
2026-10-05T12:15:38.110831+00:00,guarded,10166.419393263603
2026-10-05T12:15:38.112083+00:00,shadow,9832.74586442351
2026-10-05T12:30:40.390044+00:00,guarded,10166.419393263603
2026-10-05T12:30:40.391322+00:00,shadow,9832.74586442351
2026-10-05T12:45:35.681734+00:00,guarded,10166.419393263603
2026-10-05T12:45:35.682914+00:00,shadow,9832.74586442351
2026-10-05T13:00:40.998845+00:00,guarded,10166.419393263603
2026-10-05T13:00:41.000222+00:00,shadow,9832.74586442351
2026-10-05T13:15:41.603074+00:00,guarded,10166.419393263603
2026-10-05T13:15:41.604236+00:00,shadow,9832.74586442351
2026-10-05T13:30:43.141940+00:00,guarded,10166.419393263603
2026-10-05T13:30:43.411881+00:00,shadow,9832.74586442351
2026-10-05T13:45:38.950029+00:00,guarded,10166.419393263603
2026-10-05T13:45:38.951447+00:00,shadow,9832.74586442351
2026-10-05T14:00:52.116689+00:00,guarded,10166.419393263603
2026-10-05T14:00:52.144231+00:00,shadow,9832.74586442351
2026-10-05T14:15:42.062916+00:00,guarded,10166.419393263603
2026-10-05T14:15:42.064356+00:00,shadow,9832.74586442351
2026-10-05T14:30:48.277102+00:00,guarded,10166.419393263603
2026-10-05T14:30:48.278994+00:00,shadow,9832.74586442351
2026-10-05T14:45:55.703265+00:00,guarded,10166.419393263603
2026-10-05T14:45:55.704603+00:00,shadow,9729.18123999515
2026-10-05T15:00:46.753006+00:00,guarded,10166.419393263603
2026-10-05T15:00:46.754343+00:00,shadow,9729.18123999515
2026-10-05T15:15:38.846540+00:00,guarded,10166.419393263603
2026-10-05T15:15:38.847676+00:00,shadow,9729.18123999515
2026-10-05T15:30:45.222475+00:00,guarded,10166.419393263603
2026-10-05T15:30:45.224143+00:00,shadow,9729.18123999515
2026-10-05T15:45:41.937639+00:00,guarded,10166.419393263603
2026-10-05T15:45:41.939053+00:00,shadow,9729.18123999515
2026-10-05T15:53:42.755431+00:00,guarded,10166.419393263603
2026-10-05T15:53:42.757062+00:00,shadow,9729.18123999515
2026-10-05T16:00:45.288395+00:00,guarded,10166.419393263603
2026-10-05T16:00:45.289720+00:00,shadow,9729.18123999515
2026-10-05T16:15:41.960987+00:00,guarded,10166.419393263603
2026-10-05T16:15:41.962335+00:00,shadow,9729.18123999515
2026-10-05T16:30:38.942283+00:00,guarded,10166.419393263603
2026-10-05T16:30:38.949490+00:00,shadow,9729.18123999515
2026-10-05T16:45:39.358906+00:00,guarded,10166.419393263603
2026-10-05T16:45:39.360650+00:00,shadow,9729.18123999515
2026-10-05T17:00:42.950311+00:00,guarded,10166.419393263603
2026-10-05T17:00:42.951653+00:00,shadow,9729.18123999515
2026-10-05T17:15:40.252852+00:00,guarded,10166.419393263603
2026-10-05T17:15:40.254092+00:00,shadow,9729.18123999515
2026-10-05T17:30:42.771176+00:00,guarded,10166.419393263603
2026-10-05T17:30:42.772448+00:00,shadow,9729.18123999515
2026-10-05T17:45:41.176346+00:00,guarded,10166.419393263603
2026-10-05T17:45:41.177568+00:00,shadow,9729.18123999515
2026-10-05T18:00:45.514512+00:00,guarded,10166.419393263603
2026-10-05T18:00:45.515850+00:00,shadow,9729.18123999515
2026-10-05T18:15:38.618965+00:00,guarded,10166.419393263603
2026-10-05T18:15:38.904780+00:00,shadow,9729.18123999515
2026-10-05T18:30:42.836066+00:00,guarded,10166.419393263603
2026-10-05T18:30:42.837680+00:00,shadow,9729.18123999515
2026-10-05T18:45:38.976923+00:00,guarded,10166.419393263603
2026-10-05T18:45:38.977916+00:00,shadow,9729.18123999515
2026-10-05T19:00:50.747201+00:00,guarded,10166.419393263603
2026-10-05T19:00:50.750056+00:00,shadow,9729.18123999515
2026-10-05T19:21:07.077222+00:00,guarded,10166.419393263603
2026-10-05T19:21:07.078701+00:00,shadow,9729.18123999515
2026-10-05T19:30:59.772235+00:00,guarded,10166.419393263603
2026-10-05T19:30:59.773516+00:00,shadow,9729.18123999515
2026-10-05T19:50:54.428679+00:00,guarded,10166.419393263603
2026-10-05T19:50:54.429769+00:00,shadow,9729.18123999515
2026-10-05T20:35:50.452218+00:00,guarded,10166.419393263603
2026-10-05T20:35:50.453500+00:00,shadow,9729.18123999515
2026-10-05T20:45:53.848091+00:00,guarded,10166.419393263603
2026-10-05T20:45:53.849411+00:00,shadow,9729.18123999515
2026-10-05T21:25:51.345053+00:00,guarded,10166.419393263603
2026-10-05T21:25:51.346336+00:00,shadow,9729.18123999515
2026-10-05T21:30:42.513581+00:00,guarded,10166.419393263603
2026-10-05T21:30:42.514629+00:00,shadow,9729.18123999515
2026-10-05T21:45:46.064907+00:00,guarded,10166.419393263603
2026-10-05T21:45:46.066260+00:00,shadow,9729.18123999515
2026-10-05T22:00:41.340200+00:00,guarded,10166.419393263603
2026-10-05T22:00:41.341431+00:00,shadow,9729.18123999515
2026-10-05T22:15:31.652048+00:00,guarded,10166.419393263603
2026-10-05T22:15:31.652916+00:00,shadow,9729.18123999515
2026-10-05T22:30:42.367396+00:00,guarded,10166.419393263603
2026-10-05T22:30:42.368698+00:00,shadow,9729.18123999515
2026-10-05T22:32:50.700139+00:00,guarded,10166.419393263603
2026-10-05T22:32:50.701519+00:00,shadow,9729.18123999515
2026-10-05T22:45:36.587653+00:00,guarded,10166.419393263603
2026-10-05T22:45:36.588870+00:00,shadow,9729.18123999515
2026-10-05T23:00:43.225226+00:00,guarded,10166.419393263603
2026-10-05T23:00:43.227301+00:00,shadow,9729.18123999515
2026-10-05T23:15:45.754433+00:00,guarded,10166.419393263603
2026-10-05T23:15:45.755838+00:00,shadow,9729.18123999515
2026-10-05T23:30:35.982355+00:00,guarded,10166.419393263603
2026-10-05T23:30:35.986951+00:00,shadow,9729.18123999515
2026-10-05T23:45:40.930028+00:00,guarded,10166.419393263603
2026-10-05T23:45:40.931147+00:00,shadow,9729.18123999515
2026-10-06T00:00:44.119676+00:00,guarded,10166.419393263603
2026-10-06T00:00:44.120980+00:00,shadow,9729.18123999515
2026-10-06T00:15:39.011925+00:00,guarded,10166.419393263603
2026-10-06T00:15:39.013387+00:00,shadow,9729.18123999515
2026-10-06T00:31:16.363735+00:00,guarded,10166.419393263603
2026-10-06T00:31:16.365092+00:00,shadow,9729.18123999515
2026-10-06T00:45:42.715601+00:00,guarded,10166.419393263603
2026-10-06T00:45:42.716999+00:00,shadow,9729.18123999515
2026-10-06T01:00:42.553522+00:00,guarded,10166.419393263603
2026-10-06T01:00:42.554978+00:00,shadow,9729.18123999515
2026-10-06T01:15:39.164309+00:00,guarded,10166.419393263603
2026-10-06T01:15:39.165619+00:00,shadow,9729.18123999515
2026-10-06T01:30:42.633339+00:00,guarded,10166.419393263603
2026-10-06T01:30:42.634693+00:00,shadow,9729.18123999515
2026-10-06T01:45:41.185176+00:00,guarded,10166.419393263603
2026-10-06T01:45:41.186310+00:00,shadow,9729.18123999515
2026-10-06T02:00:40.687934+00:00,guarded,10166.419393263603
2026-10-06T02:00:40.689133+00:00,shadow,9729.18123999515
2026-10-06T02:15:43.284327+00:00,guarded,10166.419393263603
2026-10-06T02:15:43.285731+00:00,shadow,9729.18123999515
2026-10-06T02:31:19.792495+00:00,guarded,10166.419393263603
2026-10-06T02:31:19.793783+00:00,shadow,9729.18123999515
2026-10-06T02:45:37.510592+00:00,guarded,10166.419393263603
2026-10-06T02:45:37.511793+00:00,shadow,9729.18123999515
2026-10-06T02:54:05.084410+00:00,guarded,10166.419393263603
2026-10-06T02:54:05.085930+00:00,shadow,9729.18123999515
2026-10-06T03:00:40.687686+00:00,guarded,10166.419393263603
2026-10-06T03:00:40.689158+00:00,shadow,9729.18123999515
2026-10-06T03:15:33.158564+00:00,guarded,10166.419393263603
2026-10-06T03:15:33.159541+00:00,shadow,9729.18123999515
2026-10-06T03:30:41.946658+00:00,guarded,10166.419393263603
2026-10-06T03:30:41.947979+00:00,shadow,9729.18123999515
2026-10-06T03:45:35.457189+00:00,guarded,10166.419393263603
2026-10-06T03:45:35.458527+00:00,shadow,9729.18123999515
2026-10-06T04:00:37.301582+00:00,guarded,10166.419393263603
2026-10-06T04:00:37.302716+00:00,shadow,9729.18123999515
2026-10-06T04:16:14.580685+00:00,guarded,10166.419393263603
2026-10-06T04:16:14.581967+00:00,shadow,9729.18123999515
2026-10-06T04:30:37.137220+00:00,guarded,10166.419393263603
2026-10-06T04:30:37.138250+00:00,shadow,9729.18123999515
2026-10-06T04:45:37.492092+00:00,guarded,10166.419393263603
2026-10-06T04:45:37.493543+00:00,shadow,9729.18123999515
2026-10-06T05:00:45.545274+00:00,guarded,10166.419393263603
2026-10-06T05:00:45.546960+00:00,shadow,9729.18123999515
2026-10-06T05:15:45.599145+00:00,guarded,10166.419393263603
2026-10-06T05:15:45.600304+00:00,shadow,9729.18123999515
2026-10-06T05:30:33.139381+00:00,guarded,10166.419393263603
2026-10-06T05:30:33.142795+00:00,shadow,9729.18123999515
2026-10-06T05:45:36.693596+00:00,guarded,10166.419393263603
2026-10-06T05:45:36.695554+00:00,shadow,9729.18123999515
2026-10-06T06:00:47.426626+00:00,guarded,10166.419393263603
2026-10-06T06:00:47.428080+00:00,shadow,9729.18123999515
2026-10-06T06:15:37.790630+00:00,guarded,10166.419393263603
2026-10-06T06:15:37.791888+00:00,shadow,9729.18123999515
2026-10-06T06:30:40.790849+00:00,guarded,10166.419393263603
2026-10-06T06:30:40.792198+00:00,shadow,9729.18123999515
2026-10-06T06:45:40.656030+00:00,guarded,10166.419393263603
2026-10-06T06:45:40.657424+00:00,shadow,9729.18123999515
2026-10-06T07:00:42.836393+00:00,guarded,10166.419393263603
2026-10-06T07:00:42.837595+00:00,shadow,9729.18123999515
2026-10-06T07:15:43.812631+00:00,guarded,10166.419393263603
2026-10-06T07:15:43.814336+00:00,shadow,9729.18123999515
2026-10-06T07:30:38.435016+00:00,guarded,10166.419393263603
2026-10-06T07:30:38.436338+00:00,shadow,9729.18123999515
2026-10-06T07:45:38.820015+00:00,guarded,10166.419393263603
2026-10-06T07:45:38.821383+00:00,shadow,9729.18123999515
2026-10-06T08:00:43.110031+00:00,guarded,10166.419393263603
2026-10-06T08:00:43.111168+00:00,shadow,9729.18123999515
2026-10-06T08:15:41.436007+00:00,guarded,10166.419393263603
2026-10-06T08:15:41.437367+00:00,shadow,9729.18123999515
2026-10-06T08:30:41.805149+00:00,guarded,10166.419393263603
2026-10-06T08:30:41.809223+00:00,shadow,9729.18123999515
2026-10-06T08:45:41.596729+00:00,guarded,10166.419393263603
2026-10-06T08:45:41.598175+00:00,shadow,9729.18123999515
2026-10-06T09:00:43.840957+00:00,guarded,10166.419393263603
2026-10-06T09:00:43.842193+00:00,shadow,9729.18123999515
2026-10-06T09:15:46.529498+00:00,guarded,10166.419393263603
2026-10-06T09:15:46.530522+00:00,shadow,9729.18123999515
2026-10-06T09:30:46.423966+00:00,guarded,10166.419393263603
2026-10-06T09:30:46.425970+00:00,shadow,9729.18123999515
2026-10-06T09:45:46.781395+00:00,guarded,10166.419393263603
2026-10-06T09:45:46.782808+00:00,shadow,9729.18123999515
2026-10-06T10:00:43.840652+00:00,guarded,10166.419393263603
2026-10-06T10:00:44.229492+00:00,shadow,9729.18123999515
2026-10-06T10:06:19.084025+00:00,guarded,10166.419393263603
2026-10-06T10:06:19.085198+00:00,shadow,9729.18123999515
2026-10-06T10:15:39.528681+00:00,guarded,10166.419393263603
2026-10-06T10:15:39.529860+00:00,shadow,9729.18123999515
2026-10-06T10:30:32.664791+00:00,guarded,10166.419393263603
2026-10-06T10:30:32.665794+00:00,shadow,9729.18123999515
2026-10-06T10:45:40.213158+00:00,guarded,10166.419393263603
2026-10-06T10:45:40.264102+00:00,shadow,9729.18123999515
2026-10-06T11:00:44.284405+00:00,guarded,10166.419393263603
2026-10-06T11:00:44.285756+00:00,shadow,9729.18123999515
2026-10-06T11:15:39.052813+00:00,guarded,10166.419393263603
2026-10-06T11:15:39.054383+00:00,shadow,9729.18123999515
2026-10-06T11:30:41.387838+00:00,guarded,10166.419393263603
2026-10-06T11:30:41.389296+00:00,shadow,9729.18123999515
2026-10-06T11:45:39.594088+00:00,guarded,10166.419393263603
2026-10-06T11:45:39.595402+00:00,shadow,9729.18123999515
2026-10-06T12:00:44.369105+00:00,guarded,10166.419393263603
2026-10-06T12:00:44.370424+00:00,shadow,9729.18123999515
2026-10-06T12:15:42.833525+00:00,guarded,10166.419393263603
2026-10-06T12:15:42.834573+00:00,shadow,9729.18123999515
2026-10-06T12:30:42.376508+00:00,guarded,10166.419393263603
2026-10-06T12:30:42.378322+00:00,shadow,9729.18123999515
2026-10-06T12:45:37.087318+00:00,guarded,10166.419393263603
2026-10-06T12:45:37.088600+00:00,shadow,9729.18123999515
2026-10-06T13:00:41.532171+00:00,guarded,10166.419393263603
2026-10-06T13:00:41.533188+00:00,shadow,9729.18123999515
2026-10-06T13:15:46.285754+00:00,guarded,10166.419393263603
2026-10-06T13:15:46.287279+00:00,shadow,9729.18123999515
2026-10-06T13:30:48.106375+00:00,guarded,10166.419393263603
2026-10-06T13:30:48.107986+00:00,shadow,9729.18123999515
2026-10-06T13:45:37.751930+00:00,guarded,10166.419393263603
2026-10-06T13:45:38.127703+00:00,shadow,9729.18123999515
2026-10-06T14:00:47.047272+00:00,guarded,10166.419393263603
2026-10-06T14:00:47.048586+00:00,shadow,9729.18123999515
2026-10-06T14:15:38.302434+00:00,guarded,10166.419393263603
2026-10-06T14:15:38.303648+00:00,shadow,9729.18123999515
2026-10-06T14:30:42.096825+00:00,guarded,10166.419393263603
2026-10-06T14:30:42.098112+00:00,shadow,9729.18123999515
2026-10-06T14:45:41.213816+00:00,guarded,10166.419393263603
2026-10-06T14:45:41.215084+00:00,shadow,9729.18123999515
2026-10-06T15:01:05.563683+00:00,guarded,10166.419393263603
2026-10-06T15:01:05.565057+00:00,shadow,9729.18123999515
2026-10-06T15:15:40.971000+00:00,guarded,10166.419393263603
2026-10-06T15:15:40.972804+00:00,shadow,9729.18123999515
2026-10-06T15:30:43.969761+00:00,guarded,10166.419393263603
2026-10-06T15:30:43.971244+00:00,shadow,9729.18123999515
2026-10-06T15:45:41.491829+00:00,guarded,10166.419393263603
2026-10-06T15:45:41.493029+00:00,shadow,9729.18123999515
2026-10-06T16:00:42.995757+00:00,guarded,10166.419393263603
2026-10-06T16:00:42.996774+00:00,shadow,9729.18123999515
2026-10-06T16:15:39.333886+00:00,guarded,10166.419393263603
2026-10-06T16:15:39.335045+00:00,shadow,9729.18123999515
2026-10-06T16:30:40.767987+00:00,guarded,10166.419393263603
2026-10-06T16:30:40.769233+00:00,shadow,9729.18123999515
2026-10-06T16:43:28.295490+00:00,guarded,10166.419393263603
2026-10-06T16:43:28.296783+00:00,shadow,9729.18123999515
2026-10-06T16:45:41.600164+00:00,guarded,10166.419393263603
2026-10-06T16:45:41.601234+00:00,shadow,9729.18123999515
2026-10-06T17:01:21.376105+00:00,guarded,10166.419393263603
2026-10-06T17:01:21.377342+00:00,shadow,9729.18123999515
2026-10-06T17:15:42.467782+00:00,guarded,10166.419393263603
2026-10-06T17:15:42.469158+00:00,shadow,9729.18123999515
2026-10-06T17:30:35.478588+00:00,guarded,10166.419393263603
2026-10-06T17:30:35.479618+00:00,shadow,9729.18123999515
2026-10-06T17:45:48.138675+00:00,guarded,10166.419393263603
2026-10-06T17:45:48.139782+00:00,shadow,9729.18123999515
2026-10-06T18:00:40.562083+00:00,guarded,10166.419393263603
2026-10-06T18:00:40.563240+00:00,shadow,9729.18123999515
2026-10-06T18:15:43.146320+00:00,guarded,10166.419393263603
2026-10-06T18:15:43.147797+00:00,shadow,9729.18123999515
2026-10-06T18:30:46.559532+00:00,guarded,10166.419393263603
2026-10-06T18:30:46.560722+00:00,shadow,9729.18123999515
2026-10-06T18:45:41.543643+00:00,guarded,10166.419393263603
2026-10-06T18:45:41.544938+00:00,shadow,9729.18123999515
2026-10-06T19:00:45.468628+00:00,guarded,10166.419393263603
2026-10-06T19:00:45.470316+00:00,shadow,9729.18123999515
2026-10-06T19:15:37.079233+00:00,guarded,10166.419393263603
2026-10-06T19:15:37.080486+00:00,shadow,9729.18123999515
2026-10-06T19:30:41.505652+00:00,guarded,10166.419393263603
2026-10-06T19:30:41.507135+00:00,shadow,9729.18123999515
2026-10-06T19:45:39.702183+00:00,guarded,10166.419393263603
2026-10-06T19:45:39.703323+00:00,shadow,9729.18123999515
2026-10-06T20:00:43.461141+00:00,guarded,10166.419393263603
2026-10-06T20:00:43.462350+00:00,shadow,9729.18123999515
2026-10-06T20:15:38.198002+00:00,guarded,10166.419393263603
2026-10-06T20:15:38.199581+00:00,shadow,9729.18123999515
2026-10-06T20:30:39.512444+00:00,guarded,10166.419393263603
2026-10-06T20:30:39.513692+00:00,shadow,9729.18123999515
2026-10-06T20:45:37.418150+00:00,guarded,10166.419393263603
2026-10-06T20:45:37.430621+00:00,shadow,9729.18123999515
2026-10-06T21:00:46.863345+00:00,guarded,10166.419393263603
2026-10-06T21:00:46.864650+00:00,shadow,9729.18123999515
2026-10-06T21:15:40.879820+00:00,guarded,10166.419393263603
2026-10-06T21:15:40.881476+00:00,shadow,9729.18123999515
2026-10-06T21:30:40.812503+00:00,guarded,10166.419393263603
2026-10-06T21:30:40.814054+00:00,shadow,9729.18123999515
2026-10-06T21:35:13.185098+00:00,guarded,10166.419393263603
2026-10-06T21:35:13.186502+00:00,shadow,9729.18123999515
2026-10-06T21:45:41.188522+00:00,guarded,10166.419393263603
2026-10-06T21:45:41.189968+00:00,shadow,9729.18123999515
2026-10-06T22:00:40.764849+00:00,guarded,10166.419393263603
2026-10-06T22:00:40.772291+00:00,shadow,9729.18123999515
2026-10-06T22:15:37.304875+00:00,guarded,10166.419393263603
2026-10-06T22:15:37.306154+00:00,shadow,9729.18123999515
2026-10-06T22:30:39.449815+00:00,guarded,10166.419393263603
2026-10-06T22:30:39.451166+00:00,shadow,9729.18123999515
2026-10-06T22:45:38.664464+00:00,guarded,10166.419393263603
2026-10-06T22:45:38.665637+00:00,shadow,9729.18123999515
2026-10-06T23:00:45.004484+00:00,guarded,10166.419393263603
2026-10-06T23:00:45.005747+00:00,shadow,9729.18123999515
2026-10-06T23:15:38.906763+00:00,guarded,10166.419393263603
2026-10-06T23:15:38.907836+00:00,shadow,9729.18123999515
2026-10-06T23:30:42.585477+00:00,guarded,10166.419393263603
2026-10-06T23:30:42.586594+00:00,shadow,9729.18123999515
2026-10-06T23:45:39.568755+00:00,guarded,10166.419393263603
2026-10-06T23:45:39.569921+00:00,shadow,9729.18123999515
2026-10-07T00:00:41.609789+00:00,guarded,10166.419393263603
2026-10-07T00:00:41.610843+00:00,shadow,9729.18123999515
2026-10-07T00:15:32.294010+00:00,guarded,10166.419393263603
2026-10-07T00:15:32.300786+00:00,shadow,9729.18123999515
2026-10-07T00:30:40.020163+00:00,guarded,10166.419393263603
2026-10-07T00:30:40.021494+00:00,shadow,9729.18123999515
2026-10-07T00:45:39.670334+00:00,guarded,10166.419393263603
2026-10-07T00:45:39.671703+00:00,shadow,9729.18123999515
2026-10-07T01:00:49.158714+00:00,guarded,10166.419393263603
2026-10-07T01:00:49.160174+00:00,shadow,9729.18123999515
2026-10-07T01:15:41.308300+00:00,guarded,10166.419393263603
2026-10-07T01:15:41.309665+00:00,shadow,9729.18123999515
2026-10-07T01:26:19.024590+00:00,guarded,10166.419393263603
2026-10-07T01:26:19.025936+00:00,shadow,9729.18123999515
2026-10-07T01:30:43.165328+00:00,guarded,10166.419393263603
2026-10-07T01:30:43.166627+00:00,shadow,9729.18123999515
2026-10-07T01:45:29.899541+00:00,guarded,10166.419393263603
2026-10-07T01:45:29.900543+00:00,shadow,9729.18123999515
2026-10-07T02:00:45.807426+00:00,guarded,10166.419393263603
2026-10-07T02:00:45.809208+00:00,shadow,9729.18123999515
2026-10-07T02:15:33.335293+00:00,guarded,10166.419393263603
2026-10-07T02:15:33.336239+00:00,shadow,9729.18123999515
2026-10-07T02:30:38.530532+00:00,guarded,10166.419393263603
2026-10-07T02:30:38.550991+00:00,shadow,9729.18123999515
2026-10-07T02:45:52.005329+00:00,guarded,10166.419393263603
2026-10-07T02:45:52.006570+00:00,shadow,9729.18123999515
2026-10-07T03:00:42.086959+00:00,guarded,10166.419393263603
2026-10-07T03:00:42.088260+00:00,shadow,9729.18123999515
2026-10-07T03:15:41.568710+00:00,guarded,10166.419393263603
2026-10-07T03:15:41.570114+00:00,shadow,9729.18123999515
2026-10-07T03:30:43.568564+00:00,guarded,10166.419393263603
2026-10-07T03:30:43.617361+00:00,shadow,9729.18123999515
2026-10-07T03:45:41.032177+00:00,guarded,10166.419393263603
2026-10-07T03:45:41.033415+00:00,shadow,9729.18123999515
2026-10-07T04:00:41.576572+00:00,guarded,10166.419393263603
2026-10-07T04:00:41.577916+00:00,shadow,9729.18123999515
2026-10-07T04:15:41.846757+00:00,guarded,10166.419393263603
2026-10-07T04:15:41.848007+00:00,shadow,9729.18123999515
2026-10-07T04:30:45.356072+00:00,guarded,10166.419393263603
2026-10-07T04:30:45.357159+00:00,shadow,9729.18123999515
2026-10-07T04:45:39.391828+00:00,guarded,10166.419393263603
2026-10-07T04:45:39.392989+00:00,shadow,9729.18123999515
2026-10-07T05:00:42.054708+00:00,guarded,10166.419393263603
2026-10-07T05:00:42.055862+00:00,shadow,9729.18123999515
2026-10-07T05:15:36.854234+00:00,guarded,10166.419393263603
2026-10-07T05:15:36.855241+00:00,shadow,9729.18123999515
2026-10-07T05:30:41.538402+00:00,guarded,10166.419393263603
2026-10-07T05:30:41.539527+00:00,shadow,9729.18123999515
2026-10-07T05:45:41.804076+00:00,guarded,10166.419393263603
2026-10-07T05:45:41.805801+00:00,shadow,9729.18123999515
2026-10-07T06:00:50.213719+00:00,guarded,10166.419393263603
2026-10-07T06:00:50.214876+00:00,shadow,9729.18123999515
2026-10-07T06:15:38.418700+00:00,guarded,10166.419393263603
2026-10-07T06:15:38.419805+00:00,shadow,9729.18123999515
2026-10-07T06:30:42.422667+00:00,guarded,10166.419393263603
2026-10-07T06:30:42.424051+00:00,shadow,9729.18123999515
2026-10-07T06:45:40.803168+00:00,guarded,10166.419393263603
2026-10-07T06:45:40.804540+00:00,shadow,9729.18123999515
2026-10-07T07:00:47.253026+00:00,guarded,10166.419393263603
2026-10-07T07:00:47.254401+00:00,shadow,9729.18123999515
2026-10-07T07:15:38.250654+00:00,guarded,10166.419393263603
2026-10-07T07:15:38.252021+00:00,shadow,9729.18123999515
2026-10-07T07:30:40.676315+00:00,guarded,10166.419393263603
2026-10-07T07:30:40.677619+00:00,shadow,9729.18123999515
2026-10-07T07:45:35.194816+00:00,guarded,10166.419393263603
2026-10-07T07:45:35.196122+00:00,shadow,9729.18123999515
2026-10-07T08:01:25.942171+00:00,guarded,10166.419393263603
2026-10-07T08:01:25.943401+00:00,shadow,9729.18123999515
2026-10-07T08:15:43.172184+00:00,guarded,10166.419393263603
2026-10-07T08:15:43.173476+00:00,shadow,9729.18123999515
2026-10-07T08:30:42.548587+00:00,guarded,10166.419393263603
2026-10-07T08:30:42.549780+00:00,shadow,9729.18123999515
2026-10-07T08:34:51.394780+00:00,guarded,10166.419393263603
2026-10-07T08:34:51.449307+00:00,shadow,9729.18123999515
2026-10-07T08:45:40.697519+00:00,guarded,10166.419393263603
2026-10-07T08:45:40.701442+00:00,shadow,9729.18123999515
2026-10-07T09:00:42.365591+00:00,guarded,10166.419393263603
2026-10-07T09:00:42.601646+00:00,shadow,9729.18123999515
2026-10-07T09:15:35.011160+00:00,guarded,10166.419393263603
2026-10-07T09:15:35.012214+00:00,shadow,9729.18123999515
2026-10-07T09:30:43.298751+00:00,guarded,10166.419393263603
2026-10-07T09:30:43.300005+00:00,shadow,9729.18123999515
2026-10-07T09:45:38.244569+00:00,guarded,10166.419393263603
2026-10-07T09:45:38.245688+00:00,shadow,9729.18123999515
2026-10-07T10:00:44.296629+00:00,guarded,10166.419393263603
2026-10-07T10:00:44.297976+00:00,shadow,9729.18123999515
2026-10-07T10:15:31.380765+00:00,guarded,10166.419393263603
2026-10-07T10:15:31.381888+00:00,shadow,9729.18123999515
2026-10-07T10:30:41.445698+00:00,guarded,10166.419393263603
2026-10-07T10:30:41.447030+00:00,shadow,9729.18123999515
2026-10-07T10:45:32.040934+00:00,guarded,10166.419393263603
2026-10-07T10:45:32.041926+00:00,shadow,9729.18123999515
2026-10-07T11:00:42.525793+00:00,guarded,10166.419393263603
2026-10-07T11:00:42.527203+00:00,shadow,9729.18123999515
2026-10-07T11:15:39.553652+00:00,guarded,10166.419393263603
2026-10-07T11:15:39.554697+00:00,shadow,9729.18123999515
2026-10-07T11:30:36.121878+00:00,guarded,10166.419393263603
2026-10-07T11:30:36.123228+00:00,shadow,9729.18123999515
2026-10-07T11:45:38.224505+00:00,guarded,10166.419393263603
2026-10-07T11:45:38.225631+00:00,shadow,9729.18123999515
2026-10-07T12:00:46.270411+00:00,guarded,10166.419393263603
2026-10-07T12:00:46.271743+00:00,shadow,9729.18123999515
2026-10-07T12:15:40.363842+00:00,guarded,10166.419393263603
2026-10-07T12:15:40.365214+00:00,shadow,9729.18123999515
2026-10-07T12:30:42.357995+00:00,guarded,10166.419393263603
2026-10-07T12:30:42.362851+00:00,shadow,9729.18123999515
2026-10-07T12:45:39.656289+00:00,guarded,10166.419393263603
2026-10-07T12:45:39.657882+00:00,shadow,9729.18123999515
2026-10-07T13:00:44.198109+00:00,guarded,10166.419393263603
2026-10-07T13:00:44.233188+00:00,shadow,9729.18123999515
2026-10-07T13:15:42.291746+00:00,guarded,10166.419393263603
2026-10-07T13:15:42.292911+00:00,shadow,9729.18123999515
2026-10-07T13:30:45.188083+00:00,guarded,10166.419393263603
2026-10-07T13:30:45.189308+00:00,shadow,9729.18123999515
2026-10-07T13:45:44.010618+00:00,guarded,10166.419393263603
2026-10-07T13:45:44.011758+00:00,shadow,9729.18123999515
2026-10-07T14:00:45.015511+00:00,guarded,10166.419393263603
2026-10-07T14:00:45.016625+00:00,shadow,9729.18123999515
2026-10-07T14:15:44.486638+00:00,guarded,10166.419393263603
2026-10-07T14:15:44.487922+00:00,shadow,9729.18123999515
2026-10-07T14:30:45.239192+00:00,guarded,10166.419393263603
2026-10-07T14:30:45.240499+00:00,shadow,9729.18123999515
2026-10-07T14:45:39.300318+00:00,guarded,10166.419393263603
2026-10-07T14:45:39.301471+00:00,shadow,9729.18123999515
2026-10-07T15:00:44.292972+00:00,guarded,10166.419393263603
2026-10-07T15:00:44.298877+00:00,shadow,9729.18123999515
2026-10-07T15:30:40.395401+00:00,guarded,10166.419393263603
2026-10-07T15:30:40.396826+00:00,shadow,9729.18123999515
2026-10-07T15:45:40.409018+00:00,guarded,10166.419393263603
2026-10-07T15:45:40.410246+00:00,shadow,9729.18123999515
2026-10-07T16:00:46.019029+00:00,guarded,10166.419393263603
2026-10-07T16:00:46.020602+00:00,shadow,9729.18123999515
2026-10-07T16:15:41.064798+00:00,guarded,10166.419393263603
2026-10-07T16:15:41.077073+00:00,shadow,9729.18123999515
2026-10-07T16:21:15.043958+00:00,guarded,10166.419393263603
2026-10-07T16:21:15.045378+00:00,shadow,9729.18123999515
2026-10-07T16:30:39.912496+00:00,guarded,10166.419393263603
2026-10-07T16:30:39.914068+00:00,shadow,9729.18123999515
2026-10-07T16:45:40.580808+00:00,guarded,10166.419393263603
2026-10-07T16:45:40.582094+00:00,shadow,9729.18123999515
2026-10-07T17:15:39.829904+00:00,guarded,10166.419393263603
2026-10-07T17:15:39.831008+00:00,shadow,9729.18123999515
2026-10-07T17:30:41.620527+00:00,guarded,10166.419393263603
2026-10-07T17:30:41.621856+00:00,shadow,9729.18123999515
2026-10-07T17:45:42.024263+00:00,guarded,10166.419393263603
2026-10-07T17:45:42.025809+00:00,shadow,9729.18123999515
2026-10-07T18:00:39.234319+00:00,guarded,10166.419393263603
2026-10-07T18:00:39.235282+00:00,shadow,9729.18123999515
2026-10-07T18:15:40.915029+00:00,guarded,10166.419393263603
2026-10-07T18:15:40.916188+00:00,shadow,9729.18123999515
2026-10-07T18:31:16.635811+00:00,guarded,10166.419393263603
2026-10-07T18:31:16.637273+00:00,shadow,9729.18123999515
2026-10-07T18:45:40.393458+00:00,guarded,10166.419393263603
2026-10-07T18:45:40.394772+00:00,shadow,9729.18123999515
2026-10-07T19:00:39.416662+00:00,guarded,10166.419393263603
2026-10-07T19:00:39.417739+00:00,shadow,9729.18123999515
2026-10-07T19:15:38.418328+00:00,guarded,10166.419393263603
2026-10-07T19:15:38.419423+00:00,shadow,9729.18123999515
2026-10-07T19:30:41.063703+00:00,guarded,10166.419393263603
2026-10-07T19:30:41.065279+00:00,shadow,9729.18123999515
2026-10-07T19:45:40.083212+00:00,guarded,10166.419393263603
2026-10-07T19:45:40.084635+00:00,shadow,9729.18123999515
2026-10-07T20:00:43.643002+00:00,guarded,10166.419393263603
2026-10-07T20:00:43.644199+00:00,shadow,9729.18123999515
2026-10-07T20:15:47.294768+00:00,guarded,10166.419393263603
2026-10-07T20:15:47.296103+00:00,shadow,9729.18123999515
2026-10-07T20:30:42.333305+00:00,guarded,10166.419393263603
2026-10-07T20:30:42.337538+00:00,shadow,9729.18123999515
2026-10-07T20:45:37.462104+00:00,guarded,10166.419393263603
2026-10-07T20:45:37.463387+00:00,shadow,9729.18123999515
2026-10-07T21:00:41.638002+00:00,guarded,10166.419393263603
2026-10-07T21:00:41.639359+00:00,shadow,9729.18123999515
2026-10-07T21:15:44.705088+00:00,guarded,10166.419393263603
2026-10-07T21:15:44.706173+00:00,shadow,9729.18123999515
2026-10-07T21:30:41.197757+00:00,guarded,10166.419393263603
2026-10-07T21:30:41.199073+00:00,shadow,9729.18123999515
2026-10-07T21:46:12.662861+00:00,guarded,10166.419393263603
2026-10-07T21:46:12.664129+00:00,shadow,9729.18123999515
2026-10-07T21:56:10.786219+00:00,guarded,10166.419393263603
2026-10-07T21:56:10.787668+00:00,shadow,9729.18123999515
2026-10-07T22:00:41.540041+00:00,guarded,10166.419393263603
2026-10-07T22:00:41.541340+00:00,shadow,9729.18123999515
2026-10-07T22:15:40.016079+00:00,guarded,10166.419393263603
2026-10-07T22:15:40.017800+00:00,shadow,9729.18123999515
2026-10-07T22:30:43.442928+00:00,guarded,10166.419393263603
2026-10-07T22:30:43.444145+00:00,shadow,9729.18123999515
2026-10-07T22:45:39.422934+00:00,guarded,10166.419393263603
2026-10-07T22:45:39.424351+00:00,shadow,9729.18123999515
2026-10-07T23:00:42.511554+00:00,guarded,10166.419393263603
2026-10-07T23:00:42.512703+00:00,shadow,9729.18123999515
2026-10-07T23:15:43.158824+00:00,guarded,10166.419393263603
2026-10-07T23:15:43.160041+00:00,shadow,9729.18123999515
2026-10-07T23:30:38.948123+00:00,guarded,10166.419393263603
2026-10-07T23:30:38.949765+00:00,shadow,9729.18123999515
2026-10-07T23:45:39.670029+00:00,guarded,10166.419393263603
2026-10-07T23:45:39.671266+00:00,shadow,9729.18123999515
2026-10-08T00:00:41.711121+00:00,guarded,10166.419393263603
2026-10-08T00:00:41.712344+00:00,shadow,9729.18123999515
2026-10-08T00:15:39.073235+00:00,guarded,10166.419393263603
2026-10-08T00:15:39.074523+00:00,shadow,9729.18123999515
2026-10-08T00:30:40.728535+00:00,guarded,10166.419393263603
2026-10-08T00:30:40.729799+00:00,shadow,9729.18123999515
2026-10-08T00:45:41.903462+00:00,guarded,10166.419393263603
2026-10-08T00:45:41.904602+00:00,shadow,9729.18123999515
2026-10-08T01:00:39.988291+00:00,guarded,10166.419393263603
2026-10-08T01:00:39.989438+00:00,shadow,9729.18123999515
2026-10-08T01:15:39.510513+00:00,guarded,10166.419393263603
2026-10-08T01:15:39.511751+00:00,shadow,9729.18123999515
2026-10-08T01:30:40.247273+00:00,guarded,10166.419393263603
2026-10-08T01:30:40.248613+00:00,shadow,9729.18123999515
2026-10-08T01:45:45.049666+00:00,guarded,10166.419393263603
2026-10-08T01:45:45.051097+00:00,shadow,9729.18123999515
2026-10-08T01:48:49.647002+00:00,guarded,10166.419393263603
2026-10-08T01:48:49.648378+00:00,shadow,9729.18123999515
2026-10-08T02:00:53.023961+00:00,guarded,10166.419393263603
2026-10-08T02:00:53.025204+00:00,shadow,9729.18123999515
2026-10-08T02:15:44.502557+00:00,guarded,10166.419393263603
2026-10-08T02:15:44.503741+00:00,shadow,9729.18123999515
2026-10-08T02:30:37.302516+00:00,guarded,10166.419393263603
2026-10-08T02:30:37.304097+00:00,shadow,9729.18123999515
2026-10-08T02:45:37.816588+00:00,guarded,10166.419393263603
2026-10-08T02:45:37.817682+00:00,shadow,9729.18123999515
2026-10-08T03:00:44.182415+00:00,guarded,10166.419393263603
2026-10-08T03:00:44.185140+00:00,shadow,9729.18123999515
2026-10-08T03:15:33.412063+00:00,guarded,10166.419393263603
2026-10-08T03:15:33.413237+00:00,shadow,9729.18123999515
2026-10-08T03:30:41.840670+00:00,guarded,10166.419393263603
2026-10-08T03:30:41.841874+00:00,shadow,9729.18123999515
2026-10-08T03:45:36.896406+00:00,guarded,10166.419393263603
2026-10-08T03:45:36.897462+00:00,shadow,9729.18123999515
2026-10-08T04:00:52.333029+00:00,guarded,10166.419393263603
2026-10-08T04:00:52.401901+00:00,shadow,9729.18123999515
2026-10-08T04:15:39.799137+00:00,guarded,10166.419393263603
2026-10-08T04:15:39.800585+00:00,shadow,9729.18123999515
2026-10-08T04:30:39.784380+00:00,guarded,10166.419393263603
2026-10-08T04:30:39.785699+00:00,shadow,9729.18123999515
2026-10-08T04:45:39.836663+00:00,guarded,10166.419393263603
2026-10-08T04:45:39.845166+00:00,shadow,9729.18123999515
2026-10-08T05:00:41.113982+00:00,guarded,10166.419393263603
2026-10-08T05:00:41.115302+00:00,shadow,9729.18123999515
2026-10-08T05:15:40.232670+00:00,guarded,10166.419393263603
2026-10-08T05:15:40.233927+00:00,shadow,9729.18123999515
2026-10-08T05:30:40.252372+00:00,guarded,10166.419393263603
2026-10-08T05:30:40.253883+00:00,shadow,9729.18123999515
2026-10-08T05:45:30.919537+00:00,guarded,10166.419393263603
2026-10-08T05:45:30.920485+00:00,shadow,9729.18123999515
2026-10-08T06:00:42.344750+00:00,guarded,10166.419393263603
2026-10-08T06:00:42.346054+00:00,shadow,9729.18123999515
2026-10-08T06:15:37.029976+00:00,guarded,10166.419393263603
2026-10-08T06:15:37.031790+00:00,shadow,9729.18123999515
2026-10-08T06:30:38.906563+00:00,guarded,10166.419393263603
2026-10-08T06:30:38.907857+00:00,shadow,9729.18123999515
2026-10-08T06:45:41.676385+00:00,guarded,10166.419393263603
2026-10-08T06:45:41.677707+00:00,shadow,9729.18123999515
2026-10-08T07:00:39.245723+00:00,guarded,10166.419393263603
2026-10-08T07:00:39.246945+00:00,shadow,9729.18123999515
2026-10-08T07:15:45.692939+00:00,guarded,10166.419393263603
2026-10-08T07:15:45.693974+00:00,shadow,9729.18123999515
2026-10-08T07:30:42.340560+00:00,guarded,10166.419393263603
2026-10-08T07:30:42.341836+00:00,shadow,9729.18123999515
2026-10-08T07:45:34.374325+00:00,guarded,10166.419393263603
2026-10-08T07:45:34.375521+00:00,shadow,9729.18123999515
2026-10-08T08:00:44.328589+00:00,guarded,10166.419393263603
2026-10-08T08:00:44.329780+00:00,shadow,9729.18123999515
2026-10-08T08:15:41.089566+00:00,guarded,10166.419393263603
2026-10-08T08:15:41.090804+00:00,shadow,9729.18123999515
2026-10-08T08:30:41.962210+00:00,guarded,10166.419393263603
2026-10-08T08:30:41.963402+00:00,shadow,9729.18123999515
2026-10-08T08:45:37.398018+00:00,guarded,10166.419393263603
2026-10-08T08:45:37.399141+00:00,shadow,9729.18123999515
2026-10-08T08:50:11.023040+00:00,guarded,10166.419393263603
2026-10-08T08:50:11.024372+00:00,shadow,9729.18123999515
2026-10-08T09:00:41.739300+00:00,guarded,10166.419393263603
2026-10-08T09:00:41.740686+00:00,shadow,9729.18123999515
2026-10-08T09:15:35.494462+00:00,guarded,10166.419393263603
2026-10-08T09:15:35.495589+00:00,shadow,9729.18123999515
2026-10-08T09:30:42.870152+00:00,guarded,10166.419393263603
2026-10-08T09:30:42.875076+00:00,shadow,9729.18123999515
2026-10-08T09:45:37.958342+00:00,guarded,10166.419393263603
2026-10-08T09:45:37.959543+00:00,shadow,9729.18123999515
2026-10-08T10:00:45.774701+00:00,guarded,10166.419393263603
2026-10-08T10:00:45.776181+00:00,shadow,9729.18123999515
2026-10-08T10:15:42.776955+00:00,guarded,10166.419393263603
2026-10-08T10:15:42.778289+00:00,shadow,9729.18123999515
2026-10-08T10:30:42.246002+00:00,guarded,10166.419393263603
2026-10-08T10:30:42.247249+00:00,shadow,9729.18123999515
2026-10-08T10:46:18.451659+00:00,guarded,10166.419393263603
2026-10-08T10:46:18.453102+00:00,shadow,9729.18123999515
2026-10-08T11:00:40.924305+00:00,guarded,10166.419393263603
2026-10-08T11:00:40.950125+00:00,shadow,9729.18123999515
2026-10-08T11:15:42.815381+00:00,guarded,10166.419393263603
2026-10-08T11:15:42.816757+00:00,shadow,9729.18123999515
2026-10-08T11:30:44.647891+00:00,guarded,10166.419393263603
2026-10-08T11:30:44.649182+00:00,shadow,9729.18123999515
2026-10-08T11:45:40.333560+00:00,guarded,10166.419393263603
2026-10-08T11:45:40.334802+00:00,shadow,9729.18123999515
2026-10-08T12:00:43.089192+00:00,guarded,10166.419393263603
2026-10-08T12:00:43.090501+00:00,shadow,9729.18123999515
2026-10-08T12:15:33.291737+00:00,guarded,10166.419393263603
2026-10-08T12:15:33.293479+00:00,shadow,9729.18123999515
2026-10-08T12:30:41.927001+00:00,guarded,10166.419393263603
2026-10-08T12:30:41.928191+00:00,shadow,9729.18123999515
2026-10-08T12:45:42.887384+00:00,guarded,10166.419393263603
2026-10-08T12:45:42.888754+00:00,shadow,9729.18123999515
2026-10-08T13:00:40.371118+00:00,guarded,10166.419393263603
2026-10-08T13:00:40.372284+00:00,shadow,9729.18123999515
2026-10-08T13:15:40.678484+00:00,guarded,10166.419393263603
2026-10-08T13:15:40.681419+00:00,shadow,9729.18123999515
2026-10-08T13:30:40.309514+00:00,guarded,10166.419393263603
2026-10-08T13:30:40.310575+00:00,shadow,9729.18123999515
2026-10-08T13:45:39.993336+00:00,guarded,10166.419393263603
2026-10-08T13:45:39.994773+00:00,shadow,9729.18123999515
2026-10-08T14:00:51.589173+00:00,guarded,10166.419393263603
2026-10-08T14:00:51.590290+00:00,shadow,9729.18123999515
2026-10-08T14:15:38.785266+00:00,guarded,10166.419393263603
2026-10-08T14:15:38.786551+00:00,shadow,9729.18123999515
2026-10-08T14:30:54.459615+00:00,guarded,10166.419393263603
2026-10-08T14:30:54.460914+00:00,shadow,9729.18123999515
2026-10-08T14:45:39.008820+00:00,guarded,10166.419393263603
2026-10-08T14:45:39.009987+00:00,shadow,9729.18123999515
2026-10-08T15:00:54.492422+00:00,guarded,10166.419393263603
2026-10-08T15:00:54.493870+00:00,shadow,9729.18123999515
2026-10-08T15:15:40.402273+00:00,guarded,10166.419393263603
2026-10-08T15:15:40.403340+00:00,shadow,9729.18123999515
2026-10-08T15:30:39.001474+00:00,guarded,10166.419393263603
2026-10-08T15:30:39.002628+00:00,shadow,9729.18123999515
2026-10-08T15:45:37.147666+00:00,guarded,10166.419393263603
2026-10-08T15:45:37.148835+00:00,shadow,9729.18123999515
2026-10-08T16:00:43.320691+00:00,guarded,10166.419393263603
2026-10-08T16:00:43.321878+00:00,shadow,9729.18123999515
2026-10-08T16:15:39.087710+00:00,guarded,10166.419393263603
2026-10-08T16:15:39.089014+00:00,shadow,9729.18123999515
2026-10-08T16:23:12.618178+00:00,guarded,10166.419393263603
2026-10-08T16:23:12.620049+00:00,shadow,9729.18123999515
2026-10-08T16:30:39.575936+00:00,guarded,10166.419393263603
2026-10-08T16:30:39.577052+00:00,shadow,9729.18123999515
2026-10-08T16:45:35.940338+00:00,guarded,10166.419393263603
2026-10-08T16:45:35.950843+00:00,shadow,9729.18123999515
2026-10-08T17:00:44.675762+00:00,guarded,10166.419393263603
2026-10-08T17:00:44.693622+00:00,shadow,9729.18123999515
2026-10-08T17:15:41.988599+00:00,guarded,10166.419393263603
2026-10-08T17:15:41.990310+00:00,shadow,9729.18123999515
2026-10-08T17:30:45.163930+00:00,guarded,10166.419393263603
2026-10-08T17:30:45.165238+00:00,shadow,9729.18123999515
2026-10-08T17:45:41.583371+00:00,guarded,10166.419393263603
2026-10-08T17:45:41.584741+00:00,shadow,9729.18123999515
2026-10-08T18:00:40.033800+00:00,guarded,10166.419393263603
2026-10-08T18:00:40.035099+00:00,shadow,9729.18123999515
2026-10-08T18:15:39.974001+00:00,guarded,10166.419393263603
2026-10-08T18:15:39.975283+00:00,shadow,9729.18123999515
2026-10-08T18:30:40.778624+00:00,guarded,10166.419393263603
2026-10-08T18:30:40.779643+00:00,shadow,9729.18123999515
2026-10-08T18:45:40.196658+00:00,guarded,10166.419393263603
2026-10-08T18:45:40.197879+00:00,shadow,9729.18123999515
2026-10-08T19:00:44.504201+00:00,guarded,10166.419393263603
2026-10-08T19:00:44.505831+00:00,shadow,9729.18123999515
2026-10-08T19:15:40.489137+00:00,guarded,10166.419393263603
2026-10-08T19:15:40.490616+00:00,shadow,9729.18123999515
2026-10-08T19:30:40.679846+00:00,guarded,10166.419393263603
2026-10-08T19:30:40.681276+00:00,shadow,9729.18123999515
2026-10-08T19:45:38.056629+00:00,guarded,10166.419393263603
2026-10-08T19:45:38.058346+00:00,shadow,9729.18123999515
2026-10-08T20:00:37.165414+00:00,guarded,10166.419393263603
2026-10-08T20:00:37.166656+00:00,shadow,9729.18123999515
2026-10-08T20:15:34.134866+00:00,guarded,10166.419393263603
2026-10-08T20:15:34.135917+00:00,shadow,9729.18123999515
2026-10-08T20:30:46.215105+00:00,guarded,10166.419393263603
2026-10-08T20:30:46.216386+00:00,shadow,9729.18123999515
2026-10-08T20:45:43.820224+00:00,guarded,10166.419393263603
2026-10-08T20:45:43.821469+00:00,shadow,9729.18123999515
2026-10-08T21:00:41.399165+00:00,guarded,10166.419393263603
2026-10-08T21:00:41.711439+00:00,shadow,9729.18123999515
2026-10-08T21:15:43.564659+00:00,guarded,10166.419393263603
2026-10-08T21:15:43.566184+00:00,shadow,9729.18123999515
2026-10-08T21:30:35.469976+00:00,guarded,10166.419393263603
2026-10-08T21:30:35.471134+00:00,shadow,9729.18123999515
2026-10-08T21:45:36.959050+00:00,guarded,10166.419393263603
2026-10-08T21:45:36.960319+00:00,shadow,9729.18123999515
2026-10-08T21:59:42.703691+00:00,guarded,10166.419393263603
2026-10-08T21:59:42.905857+00:00,shadow,9729.18123999515
2026-10-08T22:00:41.080822+00:00,guarded,10166.419393263603
2026-10-08T22:00:41.082699+00:00,shadow,9729.18123999515
2026-10-08T22:15:42.555338+00:00,guarded,10166.419393263603
2026-10-08T22:15:42.556568+00:00,shadow,9729.18123999515
2026-10-08T22:30:38.375748+00:00,guarded,10166.419393263603
2026-10-08T22:30:38.377052+00:00,shadow,9729.18123999515
2026-10-08T22:45:36.197314+00:00,guarded,10166.419393263603
2026-10-08T22:45:36.198815+00:00,shadow,9729.18123999515
2026-10-08T23:00:48.089359+00:00,guarded,10166.419393263603
2026-10-08T23:00:48.090507+00:00,shadow,9729.18123999515
2026-10-08T23:15:37.145470+00:00,guarded,10166.419393263603
2026-10-08T23:15:37.146571+00:00,shadow,9729.18123999515
2026-10-08T23:30:42.400346+00:00,guarded,10166.419393263603
2026-10-08T23:30:42.401558+00:00,shadow,9729.18123999515
2026-10-08T23:45:39.857726+00:00,guarded,10166.419393263603
2026-10-08T23:45:39.859112+00:00,shadow,9729.18123999515
2026-10-09T00:00:43.027842+00:00,guarded,10166.419393263603
2026-10-09T00:00:43.029094+00:00,shadow,9729.18123999515
2026-10-09T00:15:42.322357+00:00,guarded,10166.419393263603
2026-10-09T00:15:42.323831+00:00,shadow,9729.18123999515
2026-10-09T00:30:50.030264+00:00,guarded,10166.419393263603
2026-10-09T00:30:50.031627+00:00,shadow,9729.18123999515
2026-10-09T00:45:35.418667+00:00,guarded,10166.419393263603
2026-10-09T00:45:35.419813+00:00,shadow,9729.18123999515
2026-10-09T01:00:42.823902+00:00,guarded,10166.419393263603
2026-10-09T01:00:42.824949+00:00,shadow,9729.18123999515
2026-10-09T01:16:23.166521+00:00,guarded,10166.419393263603
2026-10-09T01:16:23.167812+00:00,shadow,9729.18123999515
2026-10-09T01:30:41.602317+00:00,guarded,10166.419393263603
2026-10-09T01:30:41.603955+00:00,shadow,9729.18123999515
2026-10-09T01:45:45.794276+00:00,guarded,10166.419393263603
2026-10-09T01:45:45.795514+00:00,shadow,9729.18123999515
2026-10-09T02:00:42.728532+00:00,guarded,10166.419393263603
2026-10-09T02:00:42.741184+00:00,shadow,9729.18123999515
2026-10-09T02:01:16.985999+00:00,guarded,10166.419393263603
2026-10-09T02:01:16.987289+00:00,shadow,9729.18123999515
2026-10-09T02:15:39.440485+00:00,guarded,10166.419393263603
2026-10-09T02:15:39.443301+00:00,shadow,9729.18123999515
2026-10-09T02:30:43.310989+00:00,guarded,10166.419393263603
2026-10-09T02:30:43.312254+00:00,shadow,9729.18123999515
2026-10-09T02:45:42.396402+00:00,guarded,10166.419393263603
2026-10-09T02:45:42.397661+00:00,shadow,9729.18123999515
2026-10-09T03:00:45.054359+00:00,guarded,10166.419393263603
2026-10-09T03:00:45.055378+00:00,shadow,9729.18123999515
2026-10-09T03:15:37.702627+00:00,guarded,10166.419393263603
2026-10-09T03:15:37.703763+00:00,shadow,9729.18123999515
2026-10-09T03:30:39.425571+00:00,guarded,10166.419393263603
2026-10-09T03:30:39.426722+00:00,shadow,9729.18123999515
2026-10-09T03:45:42.215238+00:00,guarded,10166.419393263603
2026-10-09T03:45:42.216674+00:00,shadow,9729.18123999515
2026-10-09T04:00:40.642682+00:00,guarded,10166.419393263603
2026-10-09T04:00:40.643847+00:00,shadow,9729.18123999515
2026-10-09T04:15:40.748800+00:00,guarded,10166.419393263603
2026-10-09T04:15:40.749859+00:00,shadow,9729.18123999515
2026-10-09T04:30:40.802741+00:00,guarded,10166.419393263603
2026-10-09T04:30:40.804102+00:00,shadow,9729.18123999515
2026-10-09T04:45:40.673381+00:00,guarded,10166.419393263603
2026-10-09T04:45:40.674870+00:00,shadow,9729.18123999515
2026-10-09T05:01:17.493523+00:00,guarded,10166.419393263603
2026-10-09T05:01:17.494741+00:00,shadow,9729.18123999515
2026-10-09T05:15:39.009536+00:00,guarded,10166.419393263603
2026-10-09T05:15:39.010675+00:00,shadow,9729.18123999515
2026-10-09T05:30:34.664387+00:00,guarded,10166.419393263603
2026-10-09T05:30:34.680694+00:00,shadow,9729.18123999515
2026-10-09T05:45:39.694459+00:00,guarded,10166.419393263603
2026-10-09T05:45:39.695965+00:00,shadow,9729.18123999515
2026-10-09T06:00:43.334499+00:00,guarded,10166.419393263603
2026-10-09T06:00:43.335637+00:00,shadow,9729.18123999515
2026-10-09T06:15:40.283819+00:00,guarded,10166.419393263603
2026-10-09T06:15:40.285331+00:00,shadow,9729.18123999515
2026-10-09T06:30:37.629288+00:00,guarded,10166.419393263603
2026-10-09T06:30:37.630404+00:00,shadow,9729.18123999515
2026-10-09T06:45:35.607693+00:00,guarded,10166.419393263603
2026-10-09T06:45:35.609215+00:00,shadow,9729.18123999515
2026-10-09T07:00:45.082895+00:00,guarded,10166.419393263603
2026-10-09T07:00:45.084467+00:00,shadow,9729.18123999515
2026-10-09T07:15:36.755398+00:00,guarded,10166.419393263603
2026-10-09T07:15:36.758219+00:00,shadow,9729.18123999515
2026-10-09T07:30:41.317694+00:00,guarded,10166.419393263603
2026-10-09T07:30:41.318789+00:00,shadow,9729.18123999515
2026-10-09T07:45:42.471034+00:00,guarded,10166.419393263603
2026-10-09T07:45:42.472175+00:00,shadow,9729.18123999515
2026-10-09T08:00:44.914899+00:00,guarded,10166.419393263603
2026-10-09T08:00:44.916030+00:00,shadow,9729.18123999515
2026-10-09T08:15:34.182622+00:00,guarded,10166.419393263603
2026-10-09T08:15:34.184146+00:00,shadow,9729.18123999515
2026-10-09T08:30:38.783677+00:00,guarded,10166.419393263603
2026-10-09T08:30:38.785398+00:00,shadow,9729.18123999515
2026-10-09T08:45:38.351984+00:00,guarded,10166.419393263603
2026-10-09T08:45:38.353624+00:00,shadow,9729.18123999515
2026-10-09T08:54:00.129844+00:00,guarded,10166.419393263603
2026-10-09T08:54:00.131226+00:00,shadow,9729.18123999515
2026-10-09T09:00:41.468651+00:00,guarded,10166.419393263603
2026-10-09T09:00:41.469809+00:00,shadow,9729.18123999515
2026-10-09T09:15:33.151657+00:00,guarded,10166.419393263603
2026-10-09T09:15:33.153446+00:00,shadow,9729.18123999515
2026-10-09T09:30:39.939096+00:00,guarded,10166.419393263603
2026-10-09T09:30:39.940425+00:00,shadow,9729.18123999515
2026-10-09T09:45:46.736241+00:00,guarded,10166.419393263603
2026-10-09T09:45:46.738286+00:00,shadow,9729.18123999515
2026-10-09T10:00:43.873743+00:00,guarded,10166.419393263603
2026-10-09T10:00:43.875217+00:00,shadow,9729.18123999515
2026-10-09T10:15:42.045323+00:00,guarded,10166.419393263603
2026-10-09T10:15:42.046708+00:00,shadow,9729.18123999515
2026-10-09T10:30:38.281762+00:00,guarded,10166.419393263603
2026-10-09T10:30:38.282939+00:00,shadow,9729.18123999515
2026-10-09T10:45:39.341875+00:00,guarded,10166.419393263603
2026-10-09T10:45:39.343091+00:00,shadow,9729.18123999515
2026-10-09T11:00:42.591447+00:00,guarded,10166.419393263603
2026-10-09T11:00:42.592669+00:00,shadow,9729.18123999515
2026-10-09T11:15:39.791471+00:00,guarded,10166.419393263603
2026-10-09T11:15:39.792742+00:00,shadow,9729.18123999515
2026-10-09T11:30:36.861879+00:00,guarded,10166.419393263603
2026-10-09T11:30:36.863058+00:00,shadow,9729.18123999515
2026-10-09T11:45:32.452341+00:00,guarded,10166.419393263603
2026-10-09T11:45:32.453268+00:00,shadow,9729.18123999515
2026-10-09T12:00:43.417032+00:00,guarded,10166.419393263603
2026-10-09T12:00:43.418327+00:00,shadow,9729.18123999515
2026-10-09T12:15:39.567746+00:00,guarded,10166.419393263603
2026-10-09T12:15:39.569043+00:00,shadow,9729.18123999515
2026-10-09T12:30:38.095687+00:00,guarded,10166.419393263603
2026-10-09T12:30:38.096868+00:00,shadow,9729.18123999515
2026-10-09T12:45:33.881006+00:00,guarded,10166.419393263603
2026-10-09T12:45:33.882113+00:00,shadow,9729.18123999515
2026-10-09T13:00:47.929734+00:00,guarded,10166.419393263603
2026-10-09T13:00:47.930884+00:00,shadow,9729.18123999515
2026-10-09T13:15:32.541255+00:00,guarded,10166.419393263603
2026-10-09T13:15:32.542424+00:00,shadow,9729.18123999515
2026-10-09T13:30:41.654771+00:00,guarded,10166.419393263603
2026-10-09T13:30:41.656234+00:00,shadow,9729.18123999515
2026-10-09T13:45:40.918495+00:00,guarded,10166.419393263603
2026-10-09T13:45:40.919809+00:00,shadow,9729.18123999515
2026-10-09T14:00:41.754676+00:00,guarded,10166.419393263603
2026-10-09T14:00:41.756079+00:00,shadow,9729.18123999515
2026-10-09T14:15:40.995634+00:00,guarded,10166.419393263603
2026-10-09T14:15:40.996821+00:00,shadow,9729.18123999515
2026-10-09T14:30:46.756613+00:00,guarded,10166.419393263603
2026-10-09T14:30:46.757703+00:00,shadow,9729.18123999515
2026-10-09T14:45:45.362782+00:00,guarded,10166.419393263603
2026-10-09T14:45:45.364200+00:00,shadow,9729.18123999515
2026-10-09T15:00:46.219370+00:00,guarded,10166.419393263603
2026-10-09T15:00:46.221092+00:00,shadow,9729.18123999515
2026-10-09T15:15:39.704245+00:00,guarded,10166.419393263603
2026-10-09T15:15:39.705475+00:00,shadow,9729.18123999515
2026-10-09T15:30:41.912485+00:00,guarded,10166.419393263603
2026-10-09T15:30:41.913831+00:00,shadow,9729.18123999515
2026-10-09T15:45:40.113490+00:00,guarded,10166.419393263603
2026-10-09T15:45:40.114859+00:00,shadow,9729.18123999515
2026-10-09T16:00:42.073640+00:00,guarded,10166.419393263603
2026-10-09T16:00:42.155129+00:00,shadow,9729.18123999515
2026-10-09T16:06:19.775489+00:00,guarded,10166.419393263603
2026-10-09T16:06:19.776709+00:00,shadow,9729.18123999515
2026-10-09T16:15:38.784147+00:00,guarded,10166.419393263603
2026-10-09T16:15:38.785699+00:00,shadow,9729.18123999515
2026-10-09T16:30:34.207991+00:00,guarded,10166.419393263603
2026-10-09T16:30:34.209019+00:00,shadow,9729.18123999515
2026-10-09T16:45:38.692025+00:00,guarded,10166.419393263603
2026-10-09T16:45:38.797031+00:00,shadow,9729.18123999515
2026-10-09T17:00:43.089395+00:00,guarded,10166.419393263603
2026-10-09T17:00:43.090396+00:00,shadow,9729.18123999515
2026-10-09T17:15:37.635269+00:00,guarded,10166.419393263603
2026-10-09T17:15:37.636483+00:00,shadow,9729.18123999515
2026-10-09T17:30:43.425497+00:00,guarded,10166.419393263603
2026-10-09T17:30:43.426830+00:00,shadow,9729.18123999515
2026-10-09T17:45:37.596957+00:00,guarded,10166.419393263603
2026-10-09T17:45:37.598167+00:00,shadow,9729.18123999515
2026-10-09T18:00:41.155055+00:00,guarded,10166.419393263603
2026-10-09T18:00:41.156213+00:00,shadow,9729.18123999515
2026-10-09T18:15:42.003373+00:00,guarded,10166.419393263603
2026-10-09T18:15:42.006223+00:00,shadow,9729.18123999515
2026-10-09T18:30:41.661013+00:00,guarded,10166.419393263603
2026-10-09T18:30:41.662478+00:00,shadow,9729.18123999515
2026-10-09T18:45:33.465894+00:00,guarded,10166.419393263603
2026-10-09T18:45:33.467358+00:00,shadow,9729.18123999515
2026-10-09T19:00:42.008465+00:00,guarded,10166.419393263603
2026-10-09T19:00:42.009786+00:00,shadow,9729.18123999515
2026-10-09T19:15:37.255279+00:00,guarded,10166.419393263603
2026-10-09T19:15:37.256330+00:00,shadow,9729.18123999515
2026-10-09T19:30:38.962600+00:00,guarded,10166.419393263603
2026-10-09T19:30:38.963985+00:00,shadow,9729.18123999515
2026-10-09T19:45:39.946260+00:00,guarded,10166.419393263603
2026-10-09T19:45:39.947769+00:00,shadow,9729.18123999515
2026-10-09T20:00:42.362558+00:00,guarded,10166.419393263603
2026-10-09T20:00:42.364263+00:00,shadow,9729.18123999515
2026-10-09T20:15:37.365903+00:00,guarded,10166.419393263603
2026-10-09T20:15:37.366970+00:00,shadow,9729.18123999515
2026-10-09T20:30:30.738511+00:00,guarded,10166.419393263603
2026-10-09T20:30:30.744882+00:00,shadow,9729.18123999515
2026-10-09T20:45:34.859304+00:00,guarded,10166.419393263603
2026-10-09T20:45:34.865457+00:00,shadow,9729.18123999515
2026-10-09T20:49:11.685604+00:00,guarded,10166.419393263603
2026-10-09T20:49:11.686803+00:00,shadow,9729.18123999515
2026-10-09T21:00:41.902688+00:00,guarded,10166.419393263603
2026-10-09T21:00:41.903879+00:00,shadow,9729.18123999515
2026-10-09T21:15:39.905181+00:00,guarded,10166.419393263603
2026-10-09T21:15:39.906349+00:00,shadow,9729.18123999515
2026-10-09T21:30:42.172082+00:00,guarded,10166.419393263603
2026-10-09T21:30:42.173414+00:00,shadow,9729.18123999515
2026-10-09T21:45:38.176992+00:00,guarded,10166.419393263603
2026-10-09T21:45:38.178290+00:00,shadow,9729.18123999515
2026-10-09T22:00:39.558203+00:00,guarded,10166.419393263603
2026-10-09T22:00:39.559427+00:00,shadow,9729.18123999515
2026-10-09T22:15:39.707210+00:00,guarded,10166.419393263603
2026-10-09T22:15:39.708420+00:00,shadow,9729.18123999515
2026-10-09T22:30:52.850851+00:00,guarded,10166.419393263603
2026-10-09T22:30:52.873659+00:00,shadow,9729.18123999515
2026-10-09T22:45:36.213392+00:00,guarded,10166.419393263603
2026-10-09T22:45:36.214548+00:00,shadow,9729.18123999515
2026-10-09T23:00:40.099593+00:00,guarded,10166.419393263603
2026-10-09T23:00:40.100935+00:00,shadow,9729.18123999515
2026-10-09T23:15:33.703150+00:00,guarded,10166.419393263603
2026-10-09T23:15:33.704081+00:00,shadow,9729.18123999515
2026-10-09T23:30:41.511312+00:00,guarded,10166.419393263603
2026-10-09T23:30:41.512797+00:00,shadow,9729.18123999515
2026-10-09T23:45:39.918376+00:00,guarded,10166.419393263603
2026-10-09T23:45:39.919557+00:00,shadow,9729.18123999515
2026-10-10T00:00:43.092119+00:00,guarded,10166.419393263603
2026-10-10T00:00:43.093568+00:00,shadow,9729.18123999515
2026-10-10T00:15:33.460919+00:00,guarded,10166.419393263603
2026-10-10T00:15:33.470111+00:00,shadow,9729.18123999515
2026-10-10T00:30:37.621563+00:00,guarded,10166.419393263603
2026-10-10T00:30:37.622771+00:00,shadow,9729.18123999515
2026-10-10T00:42:40.588395+00:00,guarded,10166.419393263603
2026-10-10T00:42:40.589577+00:00,shadow,9729.18123999515
2026-10-10T00:45:37.356324+00:00,guarded,10166.419393263603
2026-10-10T00:45:37.357472+00:00,shadow,9729.18123999515
2026-10-10T01:00:40.921140+00:00,guarded,10166.419393263603
2026-10-10T01:00:40.922611+00:00,shadow,9729.18123999515
2026-10-10T01:15:39.167325+00:00,guarded,10166.419393263603
2026-10-10T01:15:39.168378+00:00,shadow,9729.18123999515
2026-10-10T01:30:47.670775+00:00,guarded,10166.419393263603
2026-10-10T01:30:47.672395+00:00,shadow,9729.18123999515
2026-10-10T01:45:42.157797+00:00,guarded,10166.419393263603
2026-10-10T01:45:42.158774+00:00,shadow,9729.18123999515
2026-10-10T02:00:44.868463+00:00,guarded,10166.419393263603
2026-10-10T02:00:44.869756+00:00,shadow,9729.18123999515
2026-10-10T02:15:38.154711+00:00,guarded,10166.419393263603
2026-10-10T02:15:38.156200+00:00,shadow,9729.18123999515
2026-10-10T02:30:36.947680+00:00,guarded,10166.419393263603
2026-10-10T02:30:36.948630+00:00,shadow,9729.18123999515
2026-10-10T02:45:42.900681+00:00,guarded,10166.419393263603
2026-10-10T02:45:42.901932+00:00,shadow,9729.18123999515
2026-10-10T03:00:36.522060+00:00,guarded,10166.419393263603
2026-10-10T03:00:36.523528+00:00,shadow,9729.18123999515
2026-10-10T03:15:40.536859+00:00,guarded,10166.419393263603
2026-10-10T03:15:40.538377+00:00,shadow,9729.18123999515
2026-10-10T03:30:38.417891+00:00,guarded,10166.419393263603
2026-10-10T03:30:38.423011+00:00,shadow,9729.18123999515
2026-10-10T03:45:41.246017+00:00,guarded,10166.419393263603
2026-10-10T03:45:41.247795+00:00,shadow,9729.18123999515
2026-10-10T04:00:46.374821+00:00,guarded,10166.419393263603
2026-10-10T04:00:46.376203+00:00,shadow,9729.18123999515
2026-10-10T04:15:38.553909+00:00,guarded,10166.419393263603
2026-10-10T04:15:38.555243+00:00,shadow,9729.18123999515
2026-10-10T04:30:43.001166+00:00,guarded,10166.419393263603
2026-10-10T04:30:43.002339+00:00,shadow,9729.18123999515
2026-10-10T04:45:29.953474+00:00,guarded,10166.419393263603
2026-10-10T04:45:29.958545+00:00,shadow,9729.18123999515
2026-10-10T05:00:41.531171+00:00,guarded,10166.419393263603
2026-10-10T05:00:41.532162+00:00,shadow,9729.18123999515
2026-10-10T05:15:37.668045+00:00,guarded,10166.419393263603
2026-10-10T05:15:37.669325+00:00,shadow,9729.18123999515
2026-10-10T05:30:55.134332+00:00,guarded,10166.419393263603
2026-10-10T05:30:55.135706+00:00,shadow,9729.18123999515
2026-10-10T05:45:38.709052+00:00,guarded,10166.419393263603
2026-10-10T05:45:38.710329+00:00,shadow,9729.18123999515
2026-10-10T06:00:40.303105+00:00,guarded,10166.419393263603
2026-10-10T06:00:40.446701+00:00,shadow,9729.18123999515
2026-10-10T06:15:38.948630+00:00,guarded,10166.419393263603
2026-10-10T06:15:38.949882+00:00,shadow,9729.18123999515
2026-10-10T06:30:37.958995+00:00,guarded,10166.419393263603
2026-10-10T06:30:38.104456+00:00,shadow,9729.18123999515
2026-10-10T06:45:33.291972+00:00,guarded,10166.419393263603
2026-10-10T06:45:33.293105+00:00,shadow,9729.18123999515
2026-10-10T06:57:34.748888+00:00,guarded,10166.419393263603
2026-10-10T06:57:34.750585+00:00,shadow,9729.18123999515
2026-10-10T07:00:35.352976+00:00,guarded,10166.419393263603
2026-10-10T07:00:35.353975+00:00,shadow,9729.18123999515
2026-10-10T07:15:39.062989+00:00,guarded,10166.419393263603
2026-10-10T07:15:39.064644+00:00,shadow,9729.18123999515
2026-10-10T07:30:38.669175+00:00,guarded,10166.419393263603
2026-10-10T07:30:38.670166+00:00,shadow,9729.18123999515
2026-10-10T07:45:36.741784+00:00,guarded,10166.419393263603
2026-10-10T07:45:36.743010+00:00,shadow,9729.18123999515
2026-10-10T08:00:40.785164+00:00,guarded,10166.419393263603
2026-10-10T08:00:40.789680+00:00,shadow,9729.18123999515
2026-10-10T08:15:37.203602+00:00,guarded,10166.419393263603
2026-10-10T08:15:37.205208+00:00,shadow,9729.18123999515
2026-10-10T08:30:38.785860+00:00,guarded,10166.419393263603
2026-10-10T08:30:38.786996+00:00,shadow,9729.18123999515
2026-10-10T08:45:33.596006+00:00,guarded,10166.419393263603
2026-10-10T08:45:33.597212+00:00,shadow,9729.18123999515
2026-10-10T09:00:40.224235+00:00,guarded,10166.419393263603
2026-10-10T09:00:40.225174+00:00,shadow,9729.18123999515
2026-10-10T09:15:39.433747+00:00,guarded,10166.419393263603
2026-10-10T09:15:39.434931+00:00,shadow,9729.18123999515
2026-10-10T09:30:33.320814+00:00,guarded,10166.419393263603
2026-10-10T09:30:33.321854+00:00,shadow,9729.18123999515
2026-10-10T09:45:38.871225+00:00,guarded,10166.419393263603
2026-10-10T09:45:38.872925+00:00,shadow,9729.18123999515
2026-10-10T10:00:45.760572+00:00,guarded,10166.419393263603
2026-10-10T10:00:45.761954+00:00,shadow,9729.18123999515
2026-10-10T10:15:34.369768+00:00,guarded,10166.419393263603
2026-10-10T10:15:34.371661+00:00,shadow,9729.18123999515
2026-10-10T10:30:38.136942+00:00,guarded,10166.419393263603
2026-10-10T10:30:38.138130+00:00,shadow,9729.18123999515
2026-10-10T10:45:37.268129+00:00,guarded,10166.419393263603
2026-10-10T10:45:37.269298+00:00,shadow,9729.18123999515
2026-10-10T11:00:42.760785+00:00,guarded,10166.419393263603
2026-10-10T11:00:42.762433+00:00,shadow,9729.18123999515
2026-10-10T11:15:37.992180+00:00,guarded,10166.419393263603
2026-10-10T11:15:37.993497+00:00,shadow,9729.18123999515
2026-10-10T11:30:39.474683+00:00,guarded,10166.419393263603
2026-10-10T11:30:39.476804+00:00,shadow,9729.18123999515
2026-10-10T11:45:36.642506+00:00,guarded,10166.419393263603
2026-10-10T11:45:36.643924+00:00,shadow,9729.18123999515
2026-10-10T12:00:46.582391+00:00,guarded,10166.419393263603
2026-10-10T12:00:46.601225+00:00,shadow,9729.18123999515
2026-10-10T12:15:37.157480+00:00,guarded,10166.419393263603
2026-10-10T12:15:37.158702+00:00,shadow,9729.18123999515
2026-10-10T12:30:37.888681+00:00,guarded,10166.419393263603
2026-10-10T12:30:37.889929+00:00,shadow,9729.18123999515
2026-10-10T12:45:33.684792+00:00,guarded,10166.419393263603
2026-10-10T12:45:33.685712+00:00,shadow,9729.18123999515
2026-10-10T13:00:42.030263+00:00,guarded,10166.419393263603
2026-10-10T13:00:42.031263+00:00,shadow,9729.18123999515
2026-10-10T13:15:39.627377+00:00,guarded,10166.419393263603
2026-10-10T13:15:39.628826+00:00,shadow,9729.18123999515
2026-10-10T13:30:32.980048+00:00,guarded,10166.419393263603
2026-10-10T13:30:32.981105+00:00,shadow,9729.18123999515
2026-10-10T13:33:24.646461+00:00,guarded,10166.419393263603
2026-10-10T13:33:24.651903+00:00,shadow,9729.18123999515
2026-10-10T13:45:38.723728+00:00,guarded,10166.419393263603
2026-10-10T13:45:38.724939+00:00,shadow,9729.18123999515
2026-10-10T14:00:46.594685+00:00,guarded,10166.419393263603
2026-10-10T14:00:46.596032+00:00,shadow,9729.18123999515
2026-10-10T14:15:35.919287+00:00,guarded,10166.419393263603
2026-10-10T14:15:35.935495+00:00,shadow,9729.18123999515
2026-10-10T14:30:38.899635+00:00,guarded,10166.419393263603
2026-10-10T14:30:38.900721+00:00,shadow,9729.18123999515
2026-10-10T14:45:38.384154+00:00,guarded,10166.419393263603
2026-10-10T14:45:38.385369+00:00,shadow,9729.18123999515
2026-10-10T15:00:43.259792+00:00,guarded,10166.419393263603
2026-10-10T15:00:43.261503+00:00,shadow,9729.18123999515
2026-10-10T15:15:40.845962+00:00,guarded,10166.419393263603
2026-10-10T15:15:40.847645+00:00,shadow,9729.18123999515
2026-10-10T15:30:34.107427+00:00,guarded,10166.419393263603
2026-10-10T15:30:34.108630+00:00,shadow,9729.18123999515
2026-10-10T15:45:39.229219+00:00,guarded,10166.419393263603
2026-10-10T15:45:39.230534+00:00,shadow,9729.18123999515
2026-10-10T16:00:42.772271+00:00,guarded,10166.419393263603
2026-10-10T16:00:42.773699+00:00,shadow,9729.18123999515
2026-10-10T16:15:39.646367+00:00,guarded,10166.419393263603
2026-10-10T16:15:39.647857+00:00,shadow,9729.18123999515
2026-10-10T16:30:41.260261+00:00,guarded,10166.419393263603
2026-10-10T16:30:41.261620+00:00,shadow,9729.18123999515
2026-10-10T16:45:40.038983+00:00,guarded,10166.419393263603
2026-10-10T16:45:40.040361+00:00,shadow,9729.18123999515
2026-10-10T17:00:38.070590+00:00,guarded,10166.419393263603
2026-10-10T17:00:38.071957+00:00,shadow,9729.18123999515
2026-10-10T17:15:39.487580+00:00,guarded,10166.419393263603
2026-10-10T17:15:39.489016+00:00,shadow,9729.18123999515
2026-10-10T17:30:37.710780+00:00,guarded,10166.419393263603
2026-10-10T17:30:37.711994+00:00,shadow,9729.18123999515
2026-10-10T17:45:38.185852+00:00,guarded,10166.419393263603
2026-10-10T17:45:38.186874+00:00,shadow,9729.18123999515
2026-10-10T18:00:43.814988+00:00,guarded,10166.419393263603
2026-10-10T18:00:43.816720+00:00,shadow,9729.18123999515
2026-10-10T18:15:36.701442+00:00,guarded,10166.419393263603
2026-10-10T18:15:36.703520+00:00,shadow,9729.18123999515
2026-10-10T18:28:27.970390+00:00,guarded,10166.419393263603
2026-10-10T18:28:27.972424+00:00,shadow,9729.18123999515
2026-10-10T18:30:42.707761+00:00,guarded,10166.419393263603
2026-10-10T18:30:42.708952+00:00,shadow,9729.18123999515
2026-10-10T18:45:37.369359+00:00,guarded,10166.419393263603
2026-10-10T18:45:37.370455+00:00,shadow,9729.18123999515
2026-10-10T19:00:38.081856+00:00,guarded,10166.419393263603
2026-10-10T19:00:38.082997+00:00,shadow,9729.18123999515
2026-10-10T19:15:39.535544+00:00,guarded,10166.419393263603
2026-10-10T19:15:39.537220+00:00,shadow,9729.18123999515
2026-10-10T19:30:38.743405+00:00,guarded,10166.419393263603
2026-10-10T19:30:38.744466+00:00,shadow,9729.18123999515
2026-10-10T19:45:36.683418+00:00,guarded,10166.419393263603
2026-10-10T19:45:36.684619+00:00,shadow,9729.18123999515
2026-10-10T20:00:44.535551+00:00,guarded,10166.419393263603
2026-10-10T20:00:44.536990+00:00,shadow,9729.18123999515
2026-10-10T20:15:36.249993+00:00,guarded,10166.419393263603
2026-10-10T20:15:36.251365+00:00,shadow,9729.18123999515
2026-10-10T20:30:37.649490+00:00,guarded,10166.419393263603
2026-10-10T20:30:37.650977+00:00,shadow,9729.18123999515
2026-10-10T20:45:37.953888+00:00,guarded,10166.419393263603
2026-10-10T20:45:37.955150+00:00,shadow,9729.18123999515
2026-10-10T21:00:34.438599+00:00,guarded,10166.419393263603
2026-10-10T21:00:34.439792+00:00,shadow,9729.18123999515
2026-10-10T21:15:37.413832+00:00,guarded,10166.419393263603
2026-10-10T21:15:37.414998+00:00,shadow,9729.18123999515
2026-10-10T21:30:33.865546+00:00,guarded,10166.419393263603
2026-10-10T21:30:33.866982+00:00,shadow,9729.18123999515
2026-10-10T21:45:33.152350+00:00,guarded,10166.419393263603
2026-10-10T21:45:33.153710+00:00,shadow,9729.18123999515
2026-10-10T22:00:41.806818+00:00,guarded,10166.419393263603
2026-10-10T22:00:41.807954+00:00,shadow,9729.18123999515
2026-10-10T22:15:36.676700+00:00,guarded,10166.419393263603
2026-10-10T22:15:36.678042+00:00,shadow,9729.18123999515
2026-10-10T22:25:58.312717+00:00,guarded,10166.419393263603
2026-10-10T22:25:58.314092+00:00,shadow,9729.18123999515
2026-10-10T22:30:40.552515+00:00,guarded,10166.419393263603
2026-10-10T22:30:40.776054+00:00,shadow,9729.18123999515
